query,dietary_restriction,response,success,error,trace_id,query_id,label,reasoning,confidence,labeled
Looking for some easy paleo lunch ideas that don’t take forever to make. Got any favorites?,paleo,"## Paleo-Inspired Teriyaki Salmon Bowl

This quick and easy Paleo-friendly teriyaki salmon bowl is bursting with flavor and comes together in just 20 minutes—a perfect lunch to keep you energized and satisfied!

### Ingredients

#### For the Teriyaki Salmon:
- 2 salmon fillets (about 150g each)
- 3 tbsp coconut aminos (a Paleo-friendly soy sauce alternative)
- 1 tbsp raw honey or maple syrup
- 1 tsp freshly grated ginger
- 1 garlic clove, minced
- 1 tbsp avocado oil or olive oil
- Sesame seeds, for garnish (optional)
- Chopped green onions, for garnish

#### For the Veggie Base:
- 2 cups cauliflower rice (fresh or frozen)
- 1 small carrot, julienned or thinly sliced
- 1 cup broccoli florets
- 1 tbsp avocado oil or olive oil
- Salt and freshly ground black pepper, to taste

### Instructions

1. **Make the Teriyaki Sauce:** In a small bowl, whisk together coconut aminos, honey, grated ginger, and minced garlic. Set aside.
2. **Cook the Salmon:** Heat avocado oil in a non-stick skillet over medium-high heat. Place the salmon fillets skin-side down, cooking for about 4-5 minutes per side until cooked through and nicely caramelized. Pour half the teriyaki sauce over the salmon during the last 2 minutes of cooking to glaze it. Remove salmon from the pan and set aside.
3. **Prepare the Veggies:** In the same skillet, add another tablespoon of avocado oil if needed. Toss in the broccoli florets and carrot slices, stir-frying for about 4-5 minutes until tender-crisp.
4. **Cook Cauliflower Rice:** Add cauliflower rice to the skillet, seasoning with salt and pepper. Stir and cook for another 3-4 minutes until the cauliflower is tender.
5. **Glaze Veggies:** Pour the remaining teriyaki sauce over the veggies and mix well to coat them evenly.
6. **Assemble the Bowl:** Divide the cauliflower rice and veggies between two bowls, top each with a glazed salmon fillet.
7. **Garnish:** Sprinkle with sesame seeds and chopped green onions if desired.

### Serving Size

This recipe serves 2 people.

---

**Fun Tip:** If you're short on time, use pre-packaged cauliflower rice and frozen broccoli to speed up the cooking—still Paleo and tasty! Itadakimasu!",True,,18_10,18,PASS,"The recipe for the Paleo-Inspired Teriyaki Salmon Bowl adheres to the Paleo dietary restriction. It uses coconut aminos as a soy sauce alternative, which is compliant with Paleo guidelines. The use of raw honey or maple syrup as a sweetener is acceptable in moderation within the Paleo diet. The recipe avoids grains, legumes, dairy, refined sugar, and processed foods, which are not allowed in a Paleo diet. The ingredients such as salmon, cauliflower rice, broccoli, and carrots are all Paleo-friendly. The cooking methods, including stir-frying and glazing, do not introduce any non-Paleo elements.",HIGH,True
Looking for some easy gluten free dinner ideas that my whole family will actually enjoy!,gluten-free,"## Teriyaki Salmon Bowls with Steamed Vegetables (Gluten-Free)

Dive into a family-friendly, gluten-free dinner featuring tender teriyaki-glazed salmon served over fluffy rice and vibrant steamed vegetables—a perfect balance of savory, sweet, and healthy flavors everyone will love!

### Ingredients

#### For Teriyaki Salmon:
- 2 salmon fillets (about 150g each)
- 3 tbsp gluten-free tamari sauce
- 2 tbsp mirin
- 1 tbsp sake (optional, or substitute with water)
- 1 tbsp brown sugar
- 1 garlic clove, minced
- 1 tsp fresh ginger, grated
- 1 tsp sesame oil

#### For Rice and Vegetables:
- 1 cup Japanese short-grain rice (sushi rice or Calrose)
- 2 cups water
- 1 cup broccoli florets
- 1 medium carrot, sliced into thin rounds
- 100g snap peas
- 1 tbsp toasted sesame seeds
- 1 tbsp chopped green onions

### Instructions

1. **Cook the Rice:** Rinse the rice under cold water until water runs clear. Combine rice and water in a rice cooker or pot, and cook until fluffy (about 15-20 minutes).
2. **Make Teriyaki Sauce:** In a small bowl, whisk together tamari, mirin, sake (if using), brown sugar, garlic, ginger, and sesame oil. Set aside.
3. **Prepare Salmon:** Pat salmon fillets dry with a paper towel. Place them skin-side down in a non-stick skillet over medium heat.
4. **Cook Salmon:** Pour half of the teriyaki sauce over the salmon. Cook for about 4-5 minutes, then carefully flip and cook for another 3-4 minutes until cooked through and glazed. Spoon the remaining sauce over the salmon while cooking.
5. **Steam Vegetables:** While salmon cooks, steam broccoli, carrots, and snap peas until just tender but still crisp, about 4-5 minutes.
6. **Assemble Bowls:** Divide the cooked rice between two bowls. Place a salmon fillet on top of each, then arrange the steamed vegetables around the salmon.
7. **Garnish:** Sprinkle toasted sesame seeds and chopped green onions over each bowl for a fresh, nutty finish.

### Serving Size

This recipe serves 2 people.

---

**Fun Tip:** For extra family fun, let kids sprinkle their own sesame seeds and green onions—it's a simple way to get them involved in cooking! Itadakimasu!",True,,6_10,6,PASS,"The recipe for Teriyaki Salmon Bowls with Steamed Vegetables is designed to be gluten-free. The key ingredient that typically contains gluten in teriyaki sauce is soy sauce, but this recipe uses gluten-free tamari sauce as a substitute, which is appropriate for a gluten-free diet. The other ingredients, such as salmon, mirin, sake (or water), brown sugar, garlic, ginger, sesame oil, rice, broccoli, carrots, snap peas, sesame seeds, and green onions, do not contain gluten. The preparation methods, including cooking the rice, making the teriyaki sauce, cooking the salmon, and steaming the vegetables, do not introduce any gluten-containing elements. Therefore, the recipe adheres to the gluten-free dietary restriction.",HIGH,True
"Hey, I’m trying to cut out sugar—got any tasty sugar-free snack recipes?",sugar-free,"## Savory Edamame and Seaweed Snack Mix

This crunchy, savory snack mix combines the natural saltiness of roasted edamame with the umami flavor of seaweed for a satisfying, sugar-free treat perfect for anytime nibbling.

### Ingredients

- 1 cup shelled edamame (fresh or frozen, thawed)
- 1 sheet nori seaweed, cut into small squares or strips
- 1 tbsp sesame oil
- 1 tsp toasted sesame seeds
- 1/2 tsp sea salt (adjust to taste)
- 1/4 tsp ground black pepper
- 1/4 tsp garlic powder (optional)
- 1/4 tsp chili flakes (optional, for a little heat)

### Instructions

1. **Prepare Edamame:** If using frozen edamame, steam or boil as per package instructions until tender but firm, then drain well.
2. **Roast Edamame:** Heat a non-stick skillet over medium heat, add sesame oil, then the edamame. Toss frequently and roast until they start turning golden and slightly crisp (about 5-7 minutes).
3. **Add Seasonings:** Sprinkle sea salt, black pepper, garlic powder, and chili flakes over the edamame while stirring to coat evenly. Cook for another minute to allow the flavors to meld.
4. **Mix in Seaweed:** Remove the skillet from heat and gently toss in the nori pieces and toasted sesame seeds.
5. **Cool and Serve:** Let the mixture cool slightly; the edamame will crispen more as it cools. Serve as a sugar-free, high-protein snack.

### Serving Size

Makes 2 servings (enough for 2 people to share as a snack).

---

**Fun Tip:** For an extra crunch, try lightly toasting some unsalted almonds or pumpkin seeds and adding them to this mix. It’s a delightful texture combo! Itadakimasu!",True,,42_13,42,PASS,"The recipe for Savory Edamame and Seaweed Snack Mix adheres to the sugar-free dietary restriction. It does not include any added sugars or high-sugar ingredients. The ingredients listed, such as edamame, nori seaweed, sesame oil, sesame seeds, sea salt, black pepper, garlic powder, and chili flakes, are all naturally sugar-free. The preparation method involves roasting and seasoning, which does not introduce any sugar. The optional suggestion to add unsalted almonds or pumpkin seeds also aligns with a sugar-free diet, as these are naturally low in sugar. Therefore, the recipe is suitable for someone following a sugar-free diet.",HIGH,True
Got any easy dairy-free dinner recipes? I’m trying to avoid milk and cheese.,dairy-free,"## Teriyaki Salmon Bento Bowl (Dairy-Free & Deliciously Easy)

Experience the perfect harmony of sweet and savory with this simple Teriyaki Salmon Bento Bowl, packed with tender salmon glazed in a dairy-free teriyaki sauce and served over fluffy rice with crisp vegetables — a wholesome dinner that's both comforting and light!

### Ingredients

#### For the Teriyaki Salmon:
- 2 salmon fillets (about 150g each), skin on
- 3 tbsp soy sauce (or tamari for gluten-free)
- 2 tbsp mirin (sweet rice wine)
- 1 tbsp sake (optional, or substitute with water)
- 1 tbsp brown sugar or maple syrup
- 1 garlic clove, minced
- 1 tsp fresh ginger, grated
- 1 tsp toasted sesame oil

#### For the Bowl:
- 1 cup cooked Japanese short-grain rice (or brown rice)
- 1 small cucumber, thinly sliced
- 1/2 avocado, sliced
- 1 medium carrot, julienned
- 1 sheet nori (seaweed), cut into thin strips
- 1 tbsp toasted sesame seeds
- 2 green onions, sliced

### Instructions

1. **Prepare the Teriyaki Sauce:** In a small bowl, whisk together soy sauce, mirin, sake, brown sugar, garlic, ginger, and sesame oil until the sugar dissolves.
2. **Marinate the Salmon:** Place the salmon fillets in a shallow dish and pour half the teriyaki sauce over them. Let marinate at room temperature for 10-15 minutes.
3. **Cook the Salmon:** Heat a non-stick skillet over medium heat. Place salmon fillets skin-side down and cook for about 4-5 minutes until the skin is crispy.
4. **Glaze the Salmon:** Flip the salmon gently, pour remaining teriyaki sauce into the skillet, and cook for another 3-4 minutes, spooning the sauce over the fish until cooked through and glossy.
5. **Assemble the Bowl:** Divide the cooked rice between two bowls. Arrange cucumber, avocado, and julienned carrot on top alongside the salmon.
6. **Garnish:** Sprinkle with toasted sesame seeds, nori strips, and sliced green onions.
7. **Serve:** Drizzle any remaining pan sauce over the bowl for an extra burst of flavor.

### Serving Size

This recipe serves 2 people.

---

**Fun Tip:** For a crunchy twist, add pickled ginger or a few drops of spicy mayo made with dairy-free mayo and a touch of sriracha. Itadakimasu!",True,,10_12,10,PASS,"The recipe for Teriyaki Salmon Bento Bowl adheres to the dairy-free dietary restriction. The ingredients listed do not include any dairy products such as milk, cheese, butter, or yogurt. The teriyaki sauce is made with soy sauce, mirin, sake, brown sugar, garlic, ginger, and sesame oil, none of which are dairy-based. The bowl components, including rice, cucumber, avocado, carrot, nori, sesame seeds, and green onions, are also free from dairy. The optional suggestion to use dairy-free mayo for a spicy mayo garnish further supports the dairy-free requirement. Therefore, the recipe is suitable for someone avoiding milk and cheese.",HIGH,True
Looking for a simple vegetarian dinner recipe that’s filling and not too complicated—got any ideas?,vegetarian,"## Veggie-Loaded Japanese Curry Rice

Dive into a hearty and comforting bowl of Japanese curry rice, brimming with tender vegetables and rich, flavorful sauce—perfect for a filling vegetarian dinner that's easy to prepare!

### Ingredients

- 1 tbsp vegetable oil
- 1 medium onion, finely chopped
- 2 cloves garlic, minced
- 1 medium carrot, diced
- 1 medium potato, peeled and diced
- 100g green beans, trimmed and cut into 2cm pieces
- 1 small apple, grated (adds a subtle sweetness)
- 2 cups vegetable broth
- 100g firm tofu, cubed (optional for extra protein)
- 1 package (about 100g) Japanese curry roux (vegetarian-friendly, available in Asian stores)
- 1 cup cooked Japanese short-grain rice (for serving)
- Salt and pepper, to taste
- Chopped fresh parsley or green onions, for garnish

### Instructions

1. **Sauté Aromatics:** Heat vegetable oil in a medium pot over medium heat. Add chopped onion and sauté until translucent (about 5 minutes). Add garlic and cook for another minute until fragrant.
2. **Cook Vegetables:** Add carrot, potato, and green beans to the pot. Stir to coat with oil and cook for 3-4 minutes, allowing the veggies to soften slightly.
3. **Add Broth and Apple:** Pour in the vegetable broth and add grated apple. Bring to a simmer, cover, and cook about 15 minutes or until potatoes and carrots are tender.
4. **Add Tofu (Optional):** Gently stir in cubed tofu and let it warm through for 5 minutes.
5. **Melt Curry Roux:** Break the curry roux into pieces and add to the pot. Stir gently until the roux dissolves and the sauce thickens (about 5 minutes). Adjust seasoning with salt and pepper.
6. **Serve:** Spoon the thick, flavorful curry over bowls of warm cooked rice. Garnish with chopped parsley or green onions.

### Serving Size

Serves 2 people.

---

**Fun Tip:** For a creamier texture, stir in a splash of coconut milk at the end before serving. It adds a lovely richness that pairs perfectly with the mild spices of the curry. Itadakimasu!",True,,15_12,15,PASS,"The recipe for Veggie-Loaded Japanese Curry Rice adheres to the vegetarian dietary restriction. It includes no meat or fish, and the optional tofu provides a source of protein that is suitable for vegetarians. The use of vegetable broth instead of meat-based broth ensures that the dish remains vegetarian. The Japanese curry roux is specified as vegetarian-friendly, which is crucial since some curry roux products may contain animal-derived ingredients. All other ingredients, such as vegetables, rice, and seasonings, are plant-based and align with a vegetarian diet. The cooking methods do not introduce any non-vegetarian elements.",HIGH,True
Got any easy Whole30 lunch ideas? Trying to keep it simple but tasty.,whole30,"## Simple Japanese-Inspired Chicken and Veggie Stir-Fry (Whole30 Friendly)

A quick and flavorful Whole30-compliant Japanese-inspired chicken stir-fry that combines tender chicken with colorful vegetables in a savory coconut aminos sauce—easy, healthy, and perfect for a fuss-free lunch!

### Ingredients

- 300g boneless, skinless chicken breast or thighs, thinly sliced
- 1 tbsp coconut oil (or avocado oil)
- 1 small carrot, julienned or thinly sliced
- 1 small zucchini, sliced into half-moons
- 100g snap peas or green beans, trimmed
- 1 garlic clove, minced
- 1 tsp fresh ginger, grated
- 3 tbsp coconut aminos (Whole30-approved soy sauce alternative)
- 1 tbsp toasted sesame oil (optional for flavor)
- 1/2 tsp crushed red pepper flakes (optional for mild heat)
- Sea salt and freshly ground black pepper, to taste
- 2 spring onions, thinly sliced (for garnish)

### Instructions

1. **Prepare Ingredients:** Slice the chicken into thin strips for quick cooking. Prepare all vegetables by washing and slicing as described.
2. **Heat Oil:** Heat coconut oil in a large skillet or wok over medium-high heat until shimmering.
3. **Cook Chicken:** Add the sliced chicken to the pan, season lightly with salt and pepper, and stir-fry for 4-5 minutes, or until cooked through and lightly golden. Remove chicken from the pan and set aside.
4. **Sauté Aromatics:** Lower heat to medium. Add garlic and ginger to the same pan and sauté for 30 seconds to release their fragrance.
5. **Add Vegetables:** Toss in the carrot, zucchini, and snap peas. Stir-fry for 4-6 minutes until vegetables are tender-crisp but still vibrant.
6. **Combine & Season:** Return the chicken to the pan. Pour in coconut aminos and drizzle with toasted sesame oil if using. Sprinkle crushed red pepper flakes to taste. Stir everything together for another 2 minutes to blend flavors.
7. **Garnish & Serve:** Remove from heat, garnish with sliced spring onions, and serve immediately.

### Serving Size

Serves 2 people for a balanced Whole30 lunch.

---

**Fun Tip:** For an extra boost of richness and texture, sprinkle some toasted sesame seeds on top just before serving. They add a delightful crunch without any added fuss! Itadakimasu!",True,,31_15,31,PASS,"The recipe for Simple Japanese-Inspired Chicken and Veggie Stir-Fry adheres to the Whole30 dietary restrictions. It uses compliant ingredients such as chicken, coconut oil, vegetables, garlic, ginger, and coconut aminos, which is a Whole30-approved soy sauce alternative. The recipe avoids grains, legumes, dairy, refined sugar, and processed foods, all of which are restricted on the Whole30 program. The optional use of toasted sesame oil and crushed red pepper flakes does not violate Whole30 guidelines. The preparation method involves stir-frying, which is acceptable within Whole30 guidelines as it does not involve any prohibited cooking techniques or ingredients.",HIGH,True
Got any easy diabetic-friendly dinner recipes? Something low in sugar but tasty would be awesome.,diabetic-friendly,"## Miso-Glazed Grilled Mackerel with Spinach Ohitashi

Savor a deliciously savory and diabetic-friendly dinner with tender grilled mackerel glazed in umami-rich miso, paired with a refreshing spinach ohitashi salad—low in sugar, high in flavor, and quick to prepare!

### Ingredients

#### For the Miso-Glazed Mackerel:
- 2 fillets of mackerel (about 150g each)
- 2 tbsp white miso paste (shiro miso)
- 1 tbsp sake
- 1 tbsp mirin (use a low-sugar variety if available)
- 1 tsp grated fresh ginger
- 1 tsp soy sauce (low sodium)
- Lemon wedges (for serving)

#### For Spinach Ohitashi:
- 200g fresh spinach, washed and trimmed
- 1 tbsp soy sauce (low sodium)
- 1 tsp rice vinegar
- 1 tsp toasted sesame seeds

### Instructions

1. **Make the Miso Marinade:** In a small bowl, combine miso paste, sake, mirin, grated ginger, and soy sauce. Mix well until smooth.
2. **Marinate Mackerel:** Pat the mackerel fillets dry. Spread the miso marinade evenly over the skin side of each fillet. Let them marinate in the refrigerator for 15-20 minutes.
3. **Cook the Mackerel:** Preheat your grill or broiler. Place the mackerel fillets skin-side up on a lined baking tray. Grill for about 6-8 minutes or until the miso glaze is slightly caramelized and the fish is cooked through.
4. **Prepare Spinach Ohitashi:** Bring a pot of water to boil. Blanch spinach for 30 seconds, then immediately transfer to ice water to stop cooking and preserve vibrant color. Drain spinach well and squeeze out excess water.
5. **Season Spinach:** Cut spinach into 2-inch lengths, place in a bowl, add soy sauce and rice vinegar, and gently toss to combine.
6. **Serve:** Plate the grilled mackerel with a side of spinach ohitashi sprinkled with toasted sesame seeds. Add lemon wedges on the side for an extra fresh twist.

### Serving Size

This recipe serves 2 people.

---

**Fun Tip:** For added texture, sprinkle a few toasted nori (seaweed) strips over the spinach before serving. It gives a nice umami crunch without adding sugar! Itadakimasu!",True,,20_14,20,PASS,"The recipe for Miso-Glazed Grilled Mackerel with Spinach Ohitashi is evaluated for its adherence to a diabetic-friendly dietary restriction. The main concern for diabetic-friendly recipes is the control of carbohydrates and sugars to maintain a low glycemic index. The recipe uses mackerel, which is a protein-rich fish with no carbohydrates, making it suitable for a diabetic-friendly diet. The miso marinade includes white miso paste, sake, mirin, ginger, and soy sauce. While mirin is typically a sweet rice wine, the recipe suggests using a low-sugar variety, which is important for keeping sugar content low. The use of low-sodium soy sauce is also beneficial for overall health. The spinach ohitashi is seasoned with low-sodium soy sauce and rice vinegar, both of which are low in carbohydrates and sugars. The recipe avoids high-sugar ingredients and focuses on fresh, whole foods, making it suitable for a diabetic-friendly diet. Overall, the recipe is low in sugar and carbohydrates, aligning well with diabetic-friendly guidelines.",HIGH,True
Trying to stick to Whole30 — got any easy weeknight dinner recipes that fit?,whole30,"## Ginger-Sesame Salmon with Sautéed Bok Choy (Whole30-Friendly)

Savor a quick, delicious, and Whole30-approved salmon dish glazed with savory ginger and sesame, paired with crispy sautéed bok choy for a nutritious weeknight dinner that’s both satisfying and wholesome.

### Ingredients

#### For the Salmon:
- 2 salmon fillets (about 150g each)
- 1 tbsp olive oil
- 1 tbsp coconut aminos (Whole30-compliant soy sauce alternative)
- 1 tsp fresh ginger, grated
- 1 garlic clove, minced
- 1 tsp toasted sesame oil (optional for flavor, use sparingly)
- Juice of 1/2 lemon
- Salt and freshly ground black pepper, to taste

#### For the Sautéed Bok Choy:
- 2 small heads baby bok choy, halved lengthwise
- 1 tbsp avocado oil or olive oil
- 1 garlic clove, minced
- 1/2 tsp red pepper flakes (optional)
- Salt, to taste
- Freshly ground black pepper, to taste

### Instructions

1. **Prepare the Salmon Marinade:** In a small bowl, whisk together coconut aminos, grated ginger, minced garlic, toasted sesame oil, and lemon juice.
2. **Marinate the Salmon:** Place salmon fillets in a shallow dish and pour marinade over them. Let them marinate for 10–15 minutes at room temperature.
3. **Cook the Salmon:** Heat olive oil in a non-stick skillet over medium-high heat. Remove salmon from marinade (reserve marinade) and season with salt and pepper. Place skin-side down (if skin-on) and cook for about 4-5 minutes, then flip carefully and pour reserved marinade over the salmon. Cook for an additional 3-4 minutes or until salmon is cooked through and flakes easily with a fork.
4. **Sauté the Bok Choy:** While salmon cooks, heat avocado or olive oil in a separate pan over medium heat. Add minced garlic and red pepper flakes; sauté for 30 seconds until fragrant.
5. **Cook Bok Choy:** Add halved bok choy cut side down. Cook for 3-4 minutes until leaves begin to wilt and stems turn tender but still crisp. Season with salt and pepper, then toss gently.
6. **Serve:** Plate the salmon alongside the sautéed bok choy. Drizzle any pan juices from the salmon over the top for extra flavor.

### Serving Size

This recipe serves 2 people.

---

**Fun Tip:** If you want to add some texture and crunch, sprinkle toasted sliced almonds over the bok choy just before serving. It adds a lovely contrast without breaking Whole30 rules. Itadakimasu!",True,,32_6,32,PASS,"The recipe for Ginger-Sesame Salmon with Sautéed Bok Choy adheres to the Whole30 dietary restrictions. The ingredients used are compliant with Whole30 guidelines: salmon, olive oil, coconut aminos (a Whole30-compliant soy sauce alternative), fresh ginger, garlic, lemon juice, avocado oil, bok choy, red pepper flakes, salt, and pepper. The use of toasted sesame oil is optional and should be used sparingly, which aligns with Whole30's allowance for small amounts of seed oils for flavor. The recipe avoids non-compliant ingredients such as grains, legumes, dairy, refined sugar, and processed foods. The preparation methods are also compliant, focusing on simple cooking techniques without the use of non-compliant additives.",HIGH,True
Trying to eat more vegetarian meals—got any easy dinner recipes that aren’t just salad?,vegetarian,"## Miso-Glazed Eggplant with Steamed Rice and Sautéed Spinach

Experience a comforting and savory vegetarian Japanese dinner featuring tender eggplant glazed with a sweet and umami-packed miso sauce, paired with fluffy steamed rice and garlic-infused sautéed spinach—a fulfilling meal that’s anything but salad!

### Ingredients

#### For Miso-Glazed Eggplant:
- 2 medium Japanese eggplants (about 400g), halved lengthwise
- 2 tbsp white miso paste
- 1 tbsp mirin (sweet rice wine)
- 1 tbsp sake (or water if unavailable)
- 1 tbsp sugar
- 1 tsp sesame oil
- 1 tsp grated fresh ginger
- 1 tbsp vegetable oil

#### For Sautéed Spinach:
- 150g fresh spinach leaves, washed and drained
- 1 tbsp sesame oil
- 2 garlic cloves, thinly sliced
- 1 tbsp soy sauce (or tamari for gluten-free)
- 1 tsp toasted sesame seeds

#### For Serving:
- 1 cup cooked Japanese short-grain rice (about 150g uncooked)

### Instructions

1. **Prepare Miso Glaze:** In a small bowl, combine miso paste, mirin, sake, sugar, sesame oil, and grated ginger. Stir until smooth and set aside.
2. **Cook the Eggplant:** Heat vegetable oil in a large non-stick skillet over medium heat. Place the eggplant halves cut-side down and cook for 5-7 minutes until golden and softened. Flip and cook for another 3-4 minutes until tender.
3. **Glaze the Eggplant:** Spoon the miso glaze evenly over the cut sides of the eggplants. Reduce heat to low and cover the skillet with a lid. Let the eggs cook for an additional 3-4 minutes, allowing the glaze to thicken and caramelize.
4. **Prepare the Rice:** Meanwhile, cook rice according to package instructions or use a rice cooker to have it ready by serving time.
5. **Sauté Spinach:** In a separate pan, heat sesame oil over medium heat. Add the sliced garlic and cook for 1 minute until fragrant but not browned.
6. **Add Spinach:** Add the spinach leaves and stir-fry quickly for 2-3 minutes until just wilted. Drizzle soy sauce over and toss to coat evenly. Remove from heat.
7. **Serve:** Place the miso-glazed eggplant halves on plates alongside a serving of steamed rice and sautéed spinach. Sprinkle sesame seeds on the spinach for garnish.

### Serving Size

This recipe serves 2 people.

---

**Fun Tip:** For an added twist, try garnishing your eggplant with thinly sliced green onions or a sprinkle of shichimi togarashi (Japanese seven-spice) for a little heat. Itadakimasu!",True,,14_7,14,PASS,"The recipe for Miso-Glazed Eggplant with Steamed Rice and Sautéed Spinach adheres to the vegetarian dietary restriction. It includes no meat or fish, and the use of dairy and eggs is not present, which is acceptable for a vegetarian diet. The ingredients such as eggplant, miso paste, mirin, sake, sugar, sesame oil, ginger, vegetable oil, spinach, garlic, soy sauce, sesame seeds, and rice are all plant-based and suitable for vegetarians. The cooking methods, including sautéing and glazing, do not introduce any non-vegetarian elements. The recipe provides a balanced vegetarian meal without relying on salad, as requested.",HIGH,True
"Hey, can you suggest some tasty low-sodium dinner ideas? Trying to keep my salt intake down.",low-sodium,"## Miso-Glazed Saba (Mackerel) with Steamed Veggies (Low-Sodium)

Experience a flavorful Japanese dinner without the salt overload — tender saba (mackerel) fillets glazed with a mild, homemade low-sodium miso sauce paired with gently steamed seasonal vegetables for a light and nourishing meal.

### Ingredients

#### For Miso-Glazed Saba:
- 2 saba (mackerel) fillets, skin on (about 150g each)
- 2 tbsp white miso paste (look for low-sodium or reduced-sodium variety)
- 1 tbsp mirin
- 1 tbsp sake (or substitute with water)
- 1 tsp maple syrup or low-sodium honey
- 1 tsp grated fresh ginger

#### For Steamed Vegetables:
- 100g broccoli florets
- 1 medium carrot, sliced diagonally
- 100g snap peas, trimmed
- 1 tbsp water (for steaming)

#### Garnish:
- 1 tsp toasted sesame seeds (optional)
- Lemon wedges, for serving

### Instructions

1. **Make Miso Glaze:** In a small bowl, combine the white miso paste, mirin, sake (or water), maple syrup, and grated ginger until smooth. Set aside.
2. **Prepare Fish:** Lightly rinse the saba fillets and pat dry with paper towels. Score the skin side gently with a few diagonal cuts to help even cooking.
3. **Marinate:** Brush the miso glaze generously onto the skin side of each mackerel fillet. Let them rest for 15 minutes at room temperature to absorb flavor.
4. **Cook Mackerel:** Preheat your oven to 200°C (390°F). Place the saba fillets skin side up on a baking tray lined with parchment paper. Bake for 10-12 minutes or until the fish is cooked through and the glaze starts to caramelize lightly.
5. **Steam Vegetables:** While the fish cooks, place broccoli, carrot, and snap peas in a steamer basket or colander. Steam over boiling water for 4-5 minutes until tender-crisp.
6. **Serve:** Arrange steamed vegetables on plates beside the miso-glazed saba. Sprinkle the fish with toasted sesame seeds and offer lemon wedges to squeeze over just before eating.

### Serving Size

This recipe serves 2 people.

---

**Fun Tip:** For a no-salt soy sauce alternative, try dipping your fish in a small amount of fresh lemon juice or a splash of rice vinegar—it adds bright flavor without any sodium! Itadakimasu!",True,,35_6,35,PASS,"The recipe is designed to be low-sodium, with specific attention to using low-sodium or reduced-sodium ingredients. The miso paste is specified to be low-sodium, which is crucial as miso can be high in sodium. The recipe also suggests using water instead of sake, which does not contribute to sodium content. The use of maple syrup or low-sodium honey as a sweetener does not add sodium. The recipe avoids high-sodium ingredients like soy sauce, and even provides a tip for a no-salt soy sauce alternative using lemon juice or rice vinegar. The preparation methods, such as steaming vegetables and baking the fish, do not add any sodium. Overall, the recipe adheres to the low-sodium dietary restriction.",HIGH,True
"Looking for some easy dairy-free dinner ideas, anything tasty and quick?",dairy-free,"## Miso Glazed Salmon with Sautéed Spinach and Mushrooms (Dairy-Free)

This quick and flavorful miso-glazed salmon pairs perfectly with sautéed spinach and mushrooms, making for a healthy and delicious dairy-free dinner that’s ready in under 30 minutes!

### Ingredients

#### For the Miso Glazed Salmon:
- 2 salmon fillets (approx. 150g each)
- 1 tbsp white miso paste
- 1 tbsp mirin (sweet rice wine)
- 1 tbsp soy sauce or tamari (for gluten-free)
- 1 tsp maple syrup or honey
- 1 tsp sesame oil
- 1 garlic clove, minced
- 1 tsp grated fresh ginger

#### For the Sautéed Spinach and Mushrooms:
- 1 tbsp sesame oil or olive oil
- 2 garlic cloves, thinly sliced
- 150g fresh spinach
- 100g shiitake or button mushrooms, thinly sliced
- 1 tbsp soy sauce or tamari
- Freshly ground black pepper, to taste
- Toasted sesame seeds, for garnish

### Instructions

1. **Prepare the Miso Glaze:** In a small bowl, whisk together the miso paste, mirin, soy sauce, maple syrup, sesame oil, garlic, and ginger until smooth.
2. **Marinate the Salmon:** Place the salmon fillets in a shallow dish and spoon the miso glaze over them, making sure to coat the tops evenly. Let marinate for 10 minutes at room temperature.
3. **Cook the Salmon:** Heat a non-stick skillet over medium heat. Place the salmon fillets skin-side down and cook for about 4-5 minutes until the skin is crispy. Carefully flip and cook for another 3-4 minutes until the salmon is cooked through and caramelized with the glaze.
4. **Sauté the Vegetables:** While the salmon cooks, heat sesame oil in another pan over medium-high heat. Add garlic slices and sauté until fragrant (about 30 seconds).
5. **Add Mushrooms:** Toss in the sliced mushrooms and cook for 4-5 minutes until they start to brown and soften.
6. **Add Spinach and Season:** Add the spinach and soy sauce to the pan. Stir and cook until the spinach wilts, about 2 minutes. Season with freshly ground black pepper.
7. **Serve:** Plate the salmon fillets with the sautéed spinach and mushrooms alongside. Sprinkle toasted sesame seeds over the top for a lovely nutty flavor.

### Serving Size

This recipe serves 2 people.

---

**Fun Tip:** To add a little crunch, sprinkle some toasted nori flakes (seaweed) on top just before serving! It brings an extra ocean flavor that complements the salmon beautifully. Itadakimasu!",True,,11_11,11,PASS,"The recipe for Miso Glazed Salmon with Sautéed Spinach and Mushrooms adheres to the dairy-free dietary restriction. The ingredients listed do not include any dairy products such as milk, cheese, butter, or yogurt. The recipe uses sesame oil and olive oil instead of butter for cooking, and there are no dairy-based sauces or dressings involved. The use of miso paste, soy sauce, and other flavorings are all compatible with a dairy-free diet. The preparation methods do not introduce any dairy elements either.",HIGH,True
"Hey, I’m doing Whole30 and could use some easy dinner ideas that won’t mess up the plan. Got any good recipes?",whole30,"## Whole30-Friendly Ginger Miso Salmon with Sautéed Spinach

Delight in a tangy, umami-packed salmon dish perfectly balanced with garlicky sautéed spinach, all compliant with Whole30 — simple, nutritious, and bursting with flavor!

### Ingredients

#### For the Ginger Miso Salmon:
- 2 salmon fillets (about 150g each), skin on
- 1 tbsp white miso paste (make sure it’s Whole30-compliant with no sugar or additives)
- 1 tbsp coconut aminos
- 1 tsp fresh ginger, grated
- 1 garlic clove, minced
- 1 tsp sesame oil (optional, for flavor)

#### For the Sautéed Spinach:
- 200g fresh spinach
- 1 tbsp olive oil or avocado oil
- 2 garlic cloves, thinly sliced
- Salt and freshly ground black pepper, to taste
- A squeeze of lemon juice (optional)

### Instructions

1. **Prepare the Marinade:** In a small bowl, mix the miso paste, coconut aminos, grated ginger, minced garlic, and sesame oil until well combined.
2. **Marinate the Salmon:** Pat the salmon fillets dry with paper towels, then brush the marinade generously over the top of the fillets. Set aside while you prepare the spinach.
3. **Cook the Salmon:** Heat a non-stick skillet over medium heat. Place the salmon fillets skin-side down and cook for about 4-5 minutes until the skin is crispy and the salmon is cooked halfway through. Flip and cook for another 2-3 minutes until cooked to your liking. Remove from heat and set aside.
4. **Sauté the Spinach:** In a large skillet, heat olive or avocado oil over medium heat. Add sliced garlic and sauté until fragrant but not browned, about 1 minute.
5. **Add Spinach:** Toss in the spinach and stir continuously until wilted, about 2-3 minutes. Season with salt, pepper, and a squeeze of lemon juice if desired.
6. **Serve:** Plate the salmon alongside the sautéed spinach for a quick, wholesome dinner.

### Serving Size

This recipe serves 2 people.

---

**Fun Tip:** Try switching up your leafy greens—kale or Swiss chard also work wonderfully sautéed with garlic for variety! Itadakimasu!",True,,33_9,33,FAIL,"The recipe for Ginger Miso Salmon with Sautéed Spinach is intended to be Whole30-compliant. However, it includes white miso paste, which is typically made from fermented soybeans and often contains rice or barley, both of which are not allowed on the Whole30 program. Even if the miso paste is labeled as Whole30-compliant, it is generally difficult to find miso paste that meets the strict Whole30 guidelines due to the presence of soy and potential additives. Additionally, sesame oil is used, which is not explicitly prohibited but is generally avoided on Whole30 due to its seed oil nature. The rest of the ingredients, such as salmon, coconut aminos, fresh ginger, garlic, spinach, olive oil, and lemon juice, are compliant. However, due to the inclusion of miso paste, the recipe does not fully adhere to Whole30 guidelines.",HIGH,True
Got any easy Whole30 lunch ideas? Trying to keep it simple but tasty.,whole30,"## Whole30 Chicken and Veggie Gyoza (Japanese-Inspired)

Looking for a simple yet flavorful Whole30 lunch? These chicken and veggie gyoza are easy to make, packed with fresh ingredients, and perfectly compliant with Whole30 guidelines—plus they’re deliciously satisfying!

### Ingredients

- 300g ground chicken (preferably organic, no additives)
- 1 cup finely shredded Napa cabbage
- 1 small carrot, grated
- 2 green onions, thinly sliced
- 1 garlic clove, minced
- 1 tsp fresh ginger, grated
- 1 tbsp coconut aminos (Whole30-compliant soy sauce alternative)
- 1 tbsp sesame oil (optional for flavor)
- 20-25 round lettuce leaves or large collard green leaves (to use as wrappers)
- 1 tbsp avocado oil (for cooking)

### Instructions

1. **Prepare the Filling:** In a large bowl, combine ground chicken, shredded Napa cabbage, grated carrot, green onions, garlic, ginger, coconut aminos, and sesame oil. Mix everything well until fully incorporated.
2. **Form the Gyoza:** Take a leaf of lettuce or collard greens as your ""wrapper."" Place about 1-2 tablespoons of filling in the center and fold the leaf over like a taco, pressing gently to secure. Repeat with the remaining filling and leaves.
3. **Cook the Gyoza:** Heat avocado oil in a large non-stick skillet over medium heat. Place the gyoza ""tacos"" seam-side down and cook for about 3-4 minutes until the bottoms are golden and chicken is cooked through.
4. **Serve:** Arrange the gyoza on a plate and enjoy as is, or serve with a dipping sauce made from coconut aminos and a splash of rice vinegar (optional and Whole30-friendly).

### Serving Size

This recipe serves 2 people.

---

**Fun Tip:** For an extra crunch, add freshly chopped water chestnuts or bamboo shoots into the filling! It adds a delightful texture contrast that makes each bite more exciting. Itadakimasu!",True,,31_10,31,PASS,"The recipe for Whole30 Chicken and Veggie Gyoza adheres to the Whole30 dietary restrictions. It uses ground chicken, fresh vegetables, and coconut aminos, which is a Whole30-compliant alternative to soy sauce. The use of lettuce or collard green leaves as wrappers instead of traditional gyoza wrappers avoids grains, which are not allowed on Whole30. The recipe does not include any dairy, legumes, refined sugar, or processed foods, all of which are restricted on Whole30. The optional use of sesame oil is acceptable as it is a natural oil, and avocado oil is used for cooking, which is also compliant. The suggestion of a dipping sauce with coconut aminos and rice vinegar is Whole30-friendly, as rice vinegar is allowed in small amounts. Overall, the recipe is compliant with Whole30 guidelines.",HIGH,True
"trying to stick to keto, any easy quick dinner ideas that won’t mess with my macros?",keto,"## Keto-Friendly Japanese Salmon Teriyaki Bowl

Savor a quick and easy Japanese-inspired dinner that's packed with healthy fats and protein while keeping carbs low—perfect for your keto macros!

### Ingredients

- 2 salmon fillets (about 150g each)
- 2 tbsp soy sauce (or coconut aminos for a lower-carb option)
- 1 tbsp sake (optional)
- 1 tbsp erythritol or a keto-friendly sweetener
- 1 tsp grated fresh ginger
- 1 tsp sesame oil
- 1 tbsp avocado oil or olive oil
- 1 cup shredded cabbage or cauliflower rice (for serving)
- 1/2 avocado, sliced (optional, for extra healthy fat)
- 1 tbsp toasted sesame seeds
- 1 spring onion, chopped

### Instructions

1. **Prepare the Teriyaki Sauce:** In a small bowl, combine soy sauce (or coconut aminos), sake (if using), erythritol, and grated ginger. Stir well until the sweetener dissolves.
2. **Cook the Salmon:** Heat avocado or olive oil in a non-stick skillet over medium heat. Place salmon fillets skin-side down and cook for 4-5 minutes until the skin is crispy.
3. **Flip and Glaze:** Flip the salmon and pour the teriyaki sauce over the fillets. Cook for another 3-4 minutes, spooning the sauce over the salmon so it gets a nice glaze.
4. **Prepare the Base:** While salmon cooks, lightly stir-fry the shredded cabbage or cauliflower rice in sesame oil over medium heat for 2-3 minutes until just tender.
5. **Assemble the Bowl:** Divide the cooked cabbage or cauliflower rice between two serving bowls. Top with the glazed salmon fillets.
6. **Garnish:** Add sliced avocado, sprinkle with toasted sesame seeds and chopped spring onion for freshness and crunch.
7. **Serve Immediately** and enjoy a healthy, keto-friendly Japanese-inspired dinner!

### Serving Size

This recipe serves 2 people.

---

**Fun Tip:** For an extra boost of fat and creaminess, drizzle a little Japanese mayo on top—it's keto-friendly and adds a delicious tangy flavor! Itadakimasu!",True,,7_14,7,PASS,"The recipe for the Keto-Friendly Japanese Salmon Teriyaki Bowl adheres to the keto dietary restriction by focusing on low-carb, high-fat, and moderate-protein ingredients. The main protein source is salmon, which is high in healthy fats and protein. The recipe uses soy sauce or coconut aminos, with the latter being a lower-carb option, and erythritol, a keto-friendly sweetener, instead of sugar. The use of sake is optional, and while it contains some carbs, the amount used is minimal and can be omitted to further reduce carb intake. The base of the dish is shredded cabbage or cauliflower rice, both of which are low in carbohydrates. Avocado adds healthy fats, and the use of sesame oil and avocado or olive oil contributes to the high-fat content. The recipe avoids high-carb ingredients and maintains a focus on keto-friendly components, making it suitable for a keto diet.",HIGH,True
"hey, do you have any tasty raw vegan lunch ideas? trying to keep it simple but yummy!",raw vegan,"## Refreshing Japanese-Inspired Raw Vegan Sushi Rolls

Experience the vibrant flavors of traditional sushi in a raw vegan form that's light, fresh, and incredibly delicious—perfect for a simple yet satisfying lunch.

### Ingredients

- 4 sheets nori (seaweed sheets)
- 1 medium cucumber, julienned
- 1 medium carrot, julienned
- 1 avocado, thinly sliced
- 1/2 cup finely shredded purple cabbage
- 1/2 cup steamed and chilled cauliflower rice (to mimic sushi rice)
- 2 tbsp rice vinegar
- 1 tsp maple syrup or agave nectar
- 1 tsp toasted sesame seeds
- 1 tbsp finely chopped fresh cilantro (optional)
- Tamari or coconut aminos, for dipping

### Instructions

1. **Prepare Cauliflower Rice:** Pulse cauliflower florets in a food processor until grainy and rice-sized. Lightly steam until just tender (about 3-4 minutes), then rinse with cold water to stop cooking, and drain thoroughly.
2. **Season ""Rice"":** In a bowl, mix steamed cauliflower rice with rice vinegar and maple syrup or agave nectar to give it a mild, tangy sushi rice flavor. Set aside.
3. **Prepare Veggies:** Julienne the cucumber and carrot, slice avocado thinly, and shred purple cabbage finely.
4. **Assemble Sushi Rolls:** Lay one nori sheet shiny side down on a bamboo sushi mat or clean flat surface. Spread a thin, even layer of the cauliflower rice over the nori, leaving about 1 inch at the top edge free of rice.
5. **Add Fillings:** Arrange cucumber, carrot, avocado, purple cabbage, and a sprinkle of chopped cilantro across the bottom third of the nori sheet over the rice.
6. **Roll Roll Roll:** Starting from the filled edge, use the sushi mat or your hands to carefully roll the nori over the fillings, pressing gently to keep a firm roll. Seal the edge with a little water.
7. **Slice and Serve:** Using a sharp knife, slice the roll into 6-8 pieces. Sprinkle toasted sesame seeds over the top and serve with tamari or coconut aminos for dipping.

### Serving Size

This recipe makes about 4 sushi rolls, serving 2 people comfortably.

---

**Fun Tip:** For extra flavor and crunch, add thin strips of pickled ginger or sprinkle furikake seasoning over your sushi pieces! Itadakimasu!",True,,27_13,27,FAIL,"The recipe is intended to be raw vegan, but it includes a step that involves steaming the cauliflower rice, which violates the raw vegan dietary restriction as it involves heating the food above 118°F (48°C). Additionally, the use of toasted sesame seeds also suggests a cooking process that exceeds the raw vegan temperature limit. All other ingredients and preparation methods align with the raw vegan diet, but the steaming and toasting processes are not compliant.",HIGH,True
"Hey, I’m doing Whole30 and could use some easy dinner ideas that won’t mess up the plan. Got any good recipes?",whole30,"## Whole30-Friendly Ginger Miso Glazed Salmon with Steamed Vegetables

Indulge in a flavorful and easy Whole30-approved Japanese-inspired dinner featuring tender salmon glazed with a tangy ginger miso sauce paired with crisp steamed vegetables—a perfect healthy and satisfying meal!

### Ingredients

#### For the Ginger Miso Glazed Salmon:
- 2 salmon fillets (approx. 150g each, skin-on or off)
- 2 tbsp red miso paste (make sure it’s Whole30-compliant, without sugars or additives)
- 1 tbsp coconut aminos
- 1 tbsp freshly grated ginger
- 1 tbsp lemon juice
- 1 tsp toasted sesame oil (optional for flavor)

#### For the Steamed Vegetables:
- 1 cup broccoli florets
- 1 cup baby carrots
- 1 cup snap peas, trimmed
- 1 tbsp coconut oil or avocado oil
- Sea salt, to taste
- Freshly ground black pepper, to taste

### Instructions

1. **Prepare the Ginger Miso Glaze:** In a small bowl, whisk together the red miso paste, coconut aminos, grated ginger, lemon juice, and sesame oil until smooth.
2. **Glaze the Salmon:** Pat the salmon fillets dry with paper towels. Place them in a shallow dish or zip-top bag and pour half of the ginger miso glaze over the salmon. Let it marinate for at least 15 minutes at room temperature.
3. **Steam the Vegetables:** While salmon marinates, bring a pot with a steamer basket and about an inch of water to a boil. Add broccoli, baby carrots, and snap peas to the steamer basket. Cover and steam for 5-7 minutes, until vegetables are tender but still crisp.
4. **Cook the Salmon:** Preheat your oven to 400°F (200°C). Line a baking sheet with parchment paper. Place marinated salmon fillets on the sheet skin-side down if applicable. Brush the remaining glaze on top. Bake for 10-12 minutes or until salmon flakes easily with a fork.
5. **Season the Vegetables:** Toss steamed vegetables with coconut or avocado oil and season with sea salt and black pepper.
6. **Serve:** Plate the salmon alongside the steamed vegetables and drizzle any pan juices over the fish for added flavor.

### Serving Size

Serves 2 people.

---

**Fun Tip:** If you want a little extra zing, sprinkle toasted sesame seeds or finely sliced fresh scallions on the salmon just before serving! Itadakimasu!",True,,33_2,33,PASS,"The recipe for Ginger Miso Glazed Salmon with Steamed Vegetables is evaluated for Whole30 compliance. Whole30 prohibits grains, legumes, dairy, refined sugar, and processed foods. The recipe uses salmon, which is compliant, and a glaze made from red miso paste, coconut aminos, ginger, lemon juice, and sesame oil. The key concern is the red miso paste, which is typically made from fermented soybeans and may contain additives or sugars. However, the recipe specifies using a Whole30-compliant miso paste, which would not contain non-compliant ingredients. Coconut aminos are a common Whole30 substitute for soy sauce. The vegetables and oils used are compliant, and the cooking methods (steaming and baking) do not introduce any non-compliant elements. Therefore, assuming the miso paste is indeed Whole30-compliant, the recipe adheres to the dietary restriction.",HIGH,True
"Looking for some easy halal dinner recipes that my whole family will love, any ideas?",halal,"## Chicken Teriyaki Donburi (Halal & Family-Friendly)

Delight your family with this easy and juicy halal Chicken Teriyaki Donburi, a savory Japanese rice bowl bursting with sweet and tangy glazed chicken—comfort on a plate!

### Ingredients

- 300g halal boneless, skinless chicken thighs, sliced thinly
- 1 tbsp vegetable oil
- 1 cup Japanese short-grain rice, rinsed
- 1 1/4 cups water (for rice)
- 3 tbsp soy sauce (ensure halal certification)
- 2 tbsp mirin (sweet rice wine, halal-certified)
- 2 tbsp sake (optional, or substitute with water)
- 1 tbsp brown sugar
- 1 garlic clove, minced
- 1 tsp fresh ginger, grated
- 1 spring onion, thinly sliced
- 1 tsp toasted sesame seeds (optional)
- Pickled ginger or steamed vegetables, for serving (optional)

### Instructions

1. **Cook the Rice:** Rinse the rice thoroughly under cold water until water runs clear. Combine rinsed rice and 1 1/4 cups water in a rice cooker or pot. Cook the rice according to your appliance’s instructions or bring to a boil, then reduce to a simmer and cover until water is absorbed (about 15 minutes). Let it rest covered for 10 minutes.
2. **Prepare Teriyaki Sauce:** In a small bowl, mix soy sauce, mirin, sake (if using), brown sugar, garlic, and ginger until sugar dissolves.
3. **Cook Chicken:** Heat vegetable oil in a non-stick skillet over medium heat. Add sliced chicken thighs and cook, stirring occasionally, until the chicken is mostly cooked through and slightly browned (about 5-7 minutes).
4. **Add Sauce:** Pour the teriyaki sauce over the chicken in the pan. Lower heat and simmer, stirring often, until the sauce thickens and coats the chicken well (about 3-5 minutes).
5. **Assemble Donburi:** Divide the cooked rice into two bowls. Spoon the glazed chicken and extra sauce over the rice.
6. **Garnish and Serve:** Sprinkle thinly sliced spring onions and toasted sesame seeds on top. Optionally, add pickled ginger or steamed veggies on the side.

### Serving Size

Serves 2 people.

---

**Fun Tip:** For a colorful and fresh twist, add steamed broccoli or sautéed mushrooms to the chicken before adding the sauce—it doubles the nutrition and flavor! Itadakimasu!",True,,45_13,45,FAIL,"The recipe for Chicken Teriyaki Donburi is intended to be halal, but there are potential issues with the ingredients that need to be addressed. The recipe includes mirin and sake, both of which are types of rice wine and typically contain alcohol. In halal dietary laws, alcohol is prohibited. The recipe suggests using halal-certified mirin, which implies that it is alcohol-free or has been processed to remove alcohol, but this is not standard for all mirin products. The sake is listed as optional, with a suggestion to substitute with water, which is a suitable alternative to ensure the dish remains halal. However, the inclusion of sake as an option could lead to confusion or accidental use of a non-halal ingredient. Therefore, while the recipe can be made halal with careful selection of ingredients, the presence of sake and the need for halal-certified mirin make it a potential risk for those strictly adhering to halal dietary laws.",HIGH,True
Got any easy diabetic-friendly dinner recipes? Something low in sugar but tasty would be awesome.,diabetic-friendly,"## Miso-Glazed Eggplant with Sesame Spinach Salad

Experience the rich, savory goodness of miso-glazed eggplant paired with a refreshing sesame spinach salad — a diabetic-friendly, low-sugar dinner that's both satisfying and bursting with flavor!

### Ingredients

#### For Miso-Glazed Eggplant:
- 2 medium Japanese eggplants, halved lengthwise
- 2 tbsp white miso paste
- 1 tbsp low-sodium soy sauce or tamari
- 1 tbsp rice vinegar
- 1 tsp sesame oil
- 1 tsp grated fresh ginger
- 1 garlic clove, minced
- 1 tsp olive oil (for roasting)
- Toasted sesame seeds, for garnish
- Chopped green onions, for garnish

#### For Sesame Spinach Salad:
- 4 cups fresh spinach, washed and stems removed
- 1 tbsp toasted sesame seeds
- 1 tsp sesame oil
- 1 tsp rice vinegar
- 1 tsp low-sodium soy sauce or tamari
- 1/2 tsp grated fresh ginger

### Instructions

1. **Preheat Oven:** Set the oven to 400°F (200°C).
2. **Prepare Eggplant:** Lightly score the flesh of the eggplants in a crisscross pattern without cutting through the skin. Brush with olive oil and place cut side up on a baking sheet lined with parchment paper.
3. **Make Miso Glaze:** In a small bowl, mix the white miso paste, soy sauce, rice vinegar, sesame oil, grated ginger, and minced garlic until smooth.
4. **Glaze Eggplants:** Spread the miso mixture evenly over the cut flesh of each eggplant half.
5. **Roast Eggplants:** Roast in the preheated oven for 25-30 minutes, or until the eggplants are tender and caramelized on top.
6. **Prepare Spinach Salad:** While the eggplants roast, place spinach in a salad bowl. In a small bowl, whisk together sesame oil, rice vinegar, soy sauce, and grated ginger.
7. **Dress Salad:** Pour the dressing over the spinach and toss gently to coat evenly.
8. **Serve:** Plate the miso-glazed eggplant halves and garnish with toasted sesame seeds and green onions. Serve alongside the sesame spinach salad for a refreshing balance.

### Serving Size

This recipe serves 2 people.

---

**Fun Tip:** For extra protein without raising sugar, top your meal with a soft-boiled egg or some grilled tofu cubes. It adds creaminess and richness without compromising blood sugar levels. Itadakimasu!",True,,20_9,20,PASS,"The recipe for Miso-Glazed Eggplant with Sesame Spinach Salad is suitable for a diabetic-friendly diet. It uses low-sugar ingredients and focuses on whole foods, which are generally recommended for managing blood sugar levels. The use of low-sodium soy sauce or tamari helps reduce sodium intake, which is beneficial for overall health. The recipe avoids high-glycemic ingredients and instead uses vegetables like eggplant and spinach, which have a low glycemic index. The miso glaze and salad dressing are made with ingredients like miso paste, rice vinegar, sesame oil, and ginger, which do not contribute significantly to blood sugar spikes. Additionally, the recipe suggests adding protein like a soft-boiled egg or grilled tofu, which can help stabilize blood sugar levels. Overall, the recipe adheres to the diabetic-friendly dietary restriction by focusing on low-sugar, low-glycemic ingredients and providing a balanced meal.",HIGH,True
"Hey, can you suggest some easy diabetic-friendly lunch ideas that don’t spike blood sugar?",diabetic-friendly,"## Salmon Teriyaki Bowls with Cauliflower Rice (Diabetic-Friendly)

A delicious and healthy Japanese-inspired lunch bowl featuring tender salmon glazed in a low-sugar teriyaki sauce, served over fluffy cauliflower rice and fresh steamed veggies to keep blood sugar steady.

### Ingredients

#### For Salmon Teriyaki:
- 2 salmon fillets (approx. 150g each)
- 2 tbsp soy sauce (low sodium)
- 1 tbsp mirin (sweet rice wine, or substitute with a small amount of water and a dash of rice vinegar)
- 1 tsp grated fresh ginger
- 1 garlic clove, minced
- 1 tsp erythritol or preferred low glycemic sweetener
- 1 tsp sesame oil

#### For Cauliflower Rice:
- 1 small head cauliflower, grated or processed into rice-sized pieces (about 3 cups)
- 1 tbsp sesame oil
- 1 garlic clove, minced
- Salt and pepper to taste

#### For Steamed Vegetables:
- 1 cup broccoli florets
- 1/2 cup sliced carrots
- 1/2 cup snap peas

#### Garnishes:
- 1 tbsp toasted sesame seeds
- 2 spring onions, thinly sliced
- Pickled ginger (optional)

### Instructions

1. **Prepare Teriyaki Sauce:** In a small bowl, whisk together soy sauce, mirin, grated ginger, minced garlic, erythritol, and sesame oil. Set aside.
2. **Cook Salmon:** Heat a non-stick skillet over medium heat. Place salmon fillets skin-side down and cook for about 4-5 minutes until the skin is crispy. Flip the fillets and pour the teriyaki sauce over them. Simmer gently for another 4-5 minutes, spooning the sauce over the fish until fully cooked and glazed.
3. **Make Cauliflower Rice:** While salmon cooks, heat sesame oil in another skillet over medium heat. Add minced garlic and sauté until fragrant (about 30 seconds). Add grated cauliflower, season with salt and pepper, and stir-fry for 5-7 minutes until tender but not mushy. Set aside.
4. **Steam Vegetables:** Steam broccoli, carrots, and snap peas until crisp-tender (about 3-5 minutes). Drain well.
5. **Assemble Bowls:** Divide cauliflower rice between two bowls. Arrange steamed vegetables and glazed salmon on top.
6. **Garnish:** Sprinkle with toasted sesame seeds, sliced spring onions, and pickled ginger if desired.

### Serving Size

Serves 2 people.

---

**Fun Tip:** For an extra boost of flavor and crunch, add a small handful of chopped roasted nori sheets on top! It pairs wonderfully with the teriyaki salmon. Itadakimasu!",True,,21_9,21,PASS,"The recipe for Salmon Teriyaki Bowls with Cauliflower Rice is designed to be diabetic-friendly. It uses a low-sugar teriyaki sauce, substituting traditional sugar with erythritol, a low glycemic sweetener, which helps in managing blood sugar levels. The use of cauliflower rice instead of regular rice significantly reduces the carbohydrate content, making it suitable for a diabetic diet. The inclusion of non-starchy vegetables like broccoli, carrots, and snap peas provides fiber and nutrients without causing a spike in blood sugar. The recipe avoids high-glycemic ingredients and focuses on balanced macronutrients, which are important for maintaining steady blood sugar levels. The use of low-sodium soy sauce also helps in managing overall health, which is beneficial for individuals with diabetes.",HIGH,True
Got any easy raw vegan lunch ideas? I’m trying to keep things simple and fresh.,raw vegan,"Japanese cuisine is wonderful for fresh and simple meals, but since you prefer raw vegan options, here's a light and refreshing Japanese-inspired raw vegan lunch idea you’ll love.

## Fresh Japanese-Inspired Raw Vegan Zucchini Soba Noodles

Experience the delightful crunch and refreshing flavors of zucchini noodles tossed in a tangy, sesame-soy dressing, loaded with crisp vegetables and a burst of umami—all without turning on the stove!

### Ingredients

- 2 medium zucchinis, spiralized into noodles
- 1 small carrot, julienned
- 1/2 cucumber, thinly sliced
- 1/2 avocado, diced
- 2 tbsp raw tamari (gluten-free soy sauce alternative) or regular tamari if preferred
- 1 tbsp toasted sesame oil
- 1 tbsp fresh lemon juice
- 1 tsp maple syrup or agave nectar
- 1 small garlic clove, finely minced
- 1 tsp freshly grated ginger
- 1 tbsp toasted sesame seeds
- 2 tbsp chopped scallions (green onions)
- Optional: a handful of fresh cilantro or shiso leaves for garnish

### Instructions

1. **Prepare the Dressing:** In a small bowl, whisk together the raw tamari, toasted sesame oil, lemon juice, maple syrup, minced garlic, and grated ginger until well combined.
2. **Make the Noodles:** Spiralize the zucchinis into noodles and place them in a large mixing bowl.
3. **Add Vegetables:** Toss in the julienned carrot, sliced cucumber, and diced avocado carefully so they don’t get mashed.
4. **Dress the Salad:** Pour the dressing over the zucchini noodles and vegetables. Gently toss until everything is evenly coated with the flavorful dressing.
5. **Garnish and Serve:** Sprinkle with toasted sesame seeds and chopped scallions. Add fresh cilantro or shiso leaves if using for a fresh herbal note.
6. **Serve immediately** for the crunchiest texture or chill for 10-15 minutes for a cooler, melded flavor experience.

### Serving Size

This recipe serves 2 people.

---

**Fun Tip:** If you want a little extra protein, sprinkle some soaked and dehydrated edamame beans or crushed roasted nori sheets on top for a fun Japanese twist! Itadakimasu!",True,,25_14,25,PASS,"The recipe is intended to be a raw vegan dish, which means it should not contain any animal products and should not be heated above 118°F (48°C). The ingredients listed, such as zucchini, carrot, cucumber, avocado, raw tamari, lemon juice, maple syrup, garlic, ginger, sesame seeds, and scallions, are all plant-based and suitable for a vegan diet. The preparation method does not involve cooking or heating, adhering to the raw food requirement. However, there is a potential issue with the use of 'toasted sesame oil' and 'toasted sesame seeds,' as these are typically heated during processing, which may not align with strict raw vegan guidelines. Despite this, some raw vegans may accept these ingredients if they are lightly toasted or if raw versions are available. The recipe also suggests optional garnishes like cilantro or shiso leaves, which are raw and vegan-friendly. Overall, the recipe adheres to the raw vegan dietary restriction, but the use of toasted ingredients could be a point of contention for strict raw vegans.",MEDIUM,True
Got any nut-free dinner ideas? My kid’s allergic and I wanna try something new.,nut-free,"## Miso Glazed Salmon with Sautéed Spinach and Rice

This nut-free Japanese dinner features tender, flavorful miso-glazed salmon paired with garlicky sautéed spinach and fluffy steamed rice—simple, nourishing, and perfect for a family meal.

### Ingredients

#### For Miso Glazed Salmon:
- 2 salmon fillets (about 150g each)
- 2 tbsp white miso paste
- 1 tbsp mirin (sweet rice wine)
- 1 tbsp sake (or substitute with water)
- 1 tsp sugar
- 1 tsp soy sauce (ensure nut-free brand)
- 1 tsp sesame oil (optional, check allergy safety)
  
#### For Sautéed Spinach:
- 200g fresh spinach, washed and trimmed
- 1 tbsp vegetable oil
- 2 garlic cloves, thinly sliced
- 1 tbsp soy sauce (nut-free)
- Pinch of salt

#### For Rice:
- 1 cup Japanese short-grain rice
- 1 1/4 cups water

### Instructions

1. **Prepare the Rice:** Rinse the rice under cold water until water runs clear. Combine rice and water in a pot with a tight-fitting lid. Bring to a boil, then reduce heat to low and simmer covered for 15 minutes. Remove from heat and let steam, covered, for another 10 minutes.
2. **Make Miso Glaze:** In a small bowl, mix the white miso paste, mirin, sake, sugar, soy sauce, and sesame oil until smooth.
3. **Glaze the Salmon:** Pat salmon dry. Brush the miso glaze generously on the top side of each fillet. Let marinate in the fridge for 15-20 minutes.
4. **Cook the Salmon:** Preheat the oven to 200°C (390°F). Place the salmon fillets on a lined baking tray, skin side down. Bake for 10-12 minutes until the salmon flakes easily and the glaze caramelizes slightly.
5. **Sauté the Spinach:** While the salmon bakes, heat vegetable oil in a large skillet over medium heat. Add garlic slices and sauté until fragrant but not browned (about 1 minute). Add spinach and stir-fry quickly until just wilted (about 2-3 minutes). Season with soy sauce and a pinch of salt, then remove from heat.
6. **Serve:** Plate the miso glazed salmon with sautéed spinach and a serving of steamed rice on the side.

### Serving Size

This recipe serves 2 people.

---

**Fun Tip:** For extra color and crunch, sprinkle some toasted sesame seeds (if safe) or finely sliced green onions over the salmon before serving. Itadakimasu!",True,,22_5,22,PASS,"The recipe for Miso Glazed Salmon with Sautéed Spinach and Rice adheres to the nut-free dietary restriction. The ingredients listed do not include any tree nuts or peanuts, which are the primary concerns for a nut-free diet. The recipe does mention sesame oil as optional, and while sesame is not a tree nut or peanut, it is important to ensure that it is safe for the specific allergy in question. The recipe also suggests checking the soy sauce brand to ensure it is nut-free, which is a good precaution. Overall, the recipe is carefully crafted to avoid nuts and provides guidance on ensuring ingredient safety.",HIGH,True
"Looking for some easy low-sodium dinner ideas, got any recipes?",low-sodium,"## Low-Sodium Miso Glazed Eggplant (Nasu Dengaku)

Savor a vibrant Japanese classic with a healthy, low-sodium twist—tender roasted eggplant topped with a sweet and savory miso glaze that's full of umami depth without excess salt.

### Ingredients

- 2 medium Japanese eggplants (or small globe eggplants), halved lengthwise
- 2 tbsp white or red miso paste (choose low-sodium if available)
- 1 tbsp mirin (sweet rice wine)
- 1 tbsp sake (optional; can substitute with water)
- 1 tbsp maple syrup or honey
- 1 tsp grated fresh ginger
- 1 tsp toasted sesame oil
- 1 tsp rice vinegar
- 1 tsp toasted sesame seeds, for garnish
- 1 small scallion, thinly sliced (optional, for garnish)

### Instructions

1. **Preheat Oven:** Set your oven to 400°F (200°C). Line a baking sheet with parchment paper or lightly oil it to prevent sticking.
2. **Prepare Eggplants:** Score the cut sides of the eggplant halves with a sharp knife in a crisscross pattern without cutting through the skin. This helps the glaze penetrate.
3. **Roast Eggplant:** Place the eggplants cut side up on the baking sheet. Roast in the oven for about 20-25 minutes until the flesh is soft and golden.
4. **Make Glaze:** While eggplants roast, in a small bowl, whisk together the miso paste, mirin, sake (or water), maple syrup, grated ginger, sesame oil, and rice vinegar until smooth and well combined.
5. **Glaze Eggplants:** Remove the roasted eggplants from the oven. Spoon and spread the miso glaze evenly over the cut surface of each half.
6. **Broil for Finish:** Turn your oven to broil. Return the glazed eggplants to the oven for 3-5 minutes until the glaze is bubbly and caramelized but watch closely to avoid burning.
7. **Serve:** Remove from oven, sprinkle toasted sesame seeds and scallions (if using) on top. Serve immediately.

### Serving Size

This recipe serves 2 as a main dish or 4 as a side.

---

**Fun Tip:** Pair your Nasu Dengaku with a bowl of steamed brown rice and a light cucumber sunomono salad for a complete, refreshing low-sodium Japanese meal. Itadakimasu!",True,,36_13,36,PASS,"The recipe for Low-Sodium Miso Glazed Eggplant includes ingredients and preparation methods that aim to reduce sodium content. The use of low-sodium miso paste is crucial, as regular miso paste can be high in sodium. The recipe also uses mirin and sake, which can contain sodium, but the amounts are small and sake is optional with a water substitute. The recipe avoids adding salt directly and uses other flavor enhancers like ginger, sesame oil, and rice vinegar to provide taste without relying on sodium. However, the use of miso paste, even in a low-sodium form, can still contribute to the sodium content, so it is important to ensure that the miso paste used is indeed low-sodium. Overall, the recipe makes a reasonable effort to adhere to a low-sodium diet by choosing ingredients and methods that minimize sodium content.",MEDIUM,True
Looking for some easy halal dinner recipes that don’t require fancy ingredients. Got any ideas?,halal,"## Simple Halal Chicken Teriyaki Donburi

A quick and easy halal Japanese-inspired dinner bowl featuring tender chicken glazed in a savory-sweet teriyaki sauce served over fluffy steamed rice — perfect for a wholesome, comforting meal with minimal ingredients!

### Ingredients

- 300g boneless, skinless halal chicken thighs, cut into bite-sized pieces
- 2 cups cooked Japanese short-grain rice (warm)
- 3 tbsp soy sauce (ensure halal-certified)
- 2 tbsp mirin (sweet rice wine)
- 1 tbsp sake (optional; replace with water if unavailable)
- 1 tbsp brown sugar or honey
- 1 garlic clove, minced
- 1 tsp grated fresh ginger
- 1 tbsp vegetable oil
- 1 spring onion, thinly sliced (for garnish)
- Sesame seeds (optional, for garnish)

### Instructions

1. **Prepare Teriyaki Sauce:** In a small bowl, mix soy sauce, mirin, sake (or water), brown sugar, garlic, and ginger until sugar dissolves.
2. **Cook Chicken:** Heat vegetable oil in a non-stick skillet over medium heat. Add chicken pieces and cook until lightly browned on both sides (about 5-6 minutes).
3. **Add Sauce:** Pour the teriyaki sauce mixture over the chicken in the skillet. Simmer, stirring occasionally, until the sauce thickens and coats the chicken well, about 5 minutes.
4. **Assemble Donburi:** Divide the cooked warm rice into two bowls. Spoon the teriyaki chicken and sauce generously over the rice.
5. **Garnish & Serve:** Sprinkle with sliced spring onions and sesame seeds if using. Serve immediately.

### Serving Size

Serves 2 people.

---

**Fun Tip:** For extra flavor and nutrition, toss in some steamed broccoli or sautéed mushrooms alongside the chicken in the final step—it makes your dinner colorful and balanced! Itadakimasu!",True,,43_15,43,FAIL,"The recipe for Simple Halal Chicken Teriyaki Donburi is evaluated based on the halal dietary restriction. The primary concern for halal compliance is ensuring that all ingredients are permissible under Islamic dietary laws. The recipe uses halal-certified chicken, which is essential. The soy sauce must also be halal-certified, as some soy sauces may contain alcohol or other non-halal ingredients. The recipe includes mirin and sake, both of which are types of rice wine and contain alcohol, making them non-halal. However, the recipe suggests replacing sake with water, which is a suitable alternative. Mirin, however, does not have a suggested replacement and is inherently non-halal due to its alcohol content. Therefore, the inclusion of mirin without a non-alcoholic substitute violates the halal dietary restriction.",HIGH,True
Trying to eat more vegetarian stuff—got any easy dinner recipes that don’t take forever?,vegetarian,"## Quick and Tasty Vegetarian Japanese Curry

Experience a comforting and flavorful Japanese curry made entirely without meat but packed with tender vegetables and rich spices — ready in under 30 minutes for a satisfying and wholesome dinner!

### Ingredients

- 1 tbsp vegetable oil
- 1 small onion, thinly sliced
- 2 cloves garlic, minced
- 1 small carrot, cut into bite-sized pieces
- 1 small potato, diced
- 100g cauliflower florets
- 1 small zucchini, chopped
- 2 cups vegetable broth
- 1/2 block (about 50g) firm tofu, cubed
- 1/2 cup frozen peas
- 3 tbsp Japanese curry roux blocks (vegetarian-friendly, available in Asian markets or online)
- 1 tbsp soy sauce
- Cooked Japanese short-grain rice, for serving
- Optional: chopped green onions and pickled ginger (beni shoga) for garnish

### Instructions

1. **Prepare the Vegetables:** Heat the vegetable oil in a medium pot over medium heat. Add the sliced onion and sauté until softened and translucent, about 3-4 minutes.
2. **Add Aromatics and Vegetables:** Stir in the minced garlic and cook for 30 seconds until fragrant. Add carrots, potatoes, cauliflower, and zucchini. Sauté for 3-4 minutes while stirring occasionally.
3. **Add Broth:** Pour in the vegetable broth. Bring to a boil, then reduce heat to low and simmer, covered, until the vegetables are tender, about 12-15 minutes.
4. **Add Tofu and Peas:** Gently stir in the cubed tofu and frozen peas. Simmer for another 3 minutes to heat through.
5. **Melt Curry Roux:** Break the curry roux blocks into pieces and add them to the pot, stirring continuously until they dissolve and thicken the sauce. Add soy sauce to enhance umami, and simmer for an additional 2 minutes.
6. **Serve:** Spoon the curry over steamed Japanese rice. Garnish with chopped green onions and pickled ginger if desired.

### Serving Size

This recipe serves 2 people.

---

**Fun Tip:** Feel free to swap in your favorite seasonal vegetables or add mushrooms for extra umami in this curry! Leftovers taste even better the next day, so make a bit extra. Itadakimasu!",True,,13_10,13,PASS,"The recipe for Quick and Tasty Vegetarian Japanese Curry adheres to the vegetarian dietary restriction. It includes no meat or fish, and the ingredients listed are all plant-based or vegetarian-friendly. The use of vegetable broth, tofu, and a vegetarian-friendly curry roux ensures that no animal products are included. The cooking methods described do not introduce any non-vegetarian elements. Optional garnishes like green onions and pickled ginger are also vegetarian. Therefore, the recipe is suitable for a vegetarian diet.",HIGH,True
"Looking for some easy sugar-free snacks to keep me going during work, any ideas?",sugar-free,"## Edamame with Sea Salt – A Simple & Energizing Snack

Enjoy a bowl of warm, protein-packed edamame pods lightly sprinkled with sea salt for a satisfying, sugar-free snack that’s perfect to keep you energized during work.

### Ingredients

- 200g frozen edamame pods (in the shell)
- 1 tsp flaky sea salt (adjust to taste)
- Optional: a pinch of chili flakes for a bit of kick

### Instructions

1. **Boil Water:** Bring a large pot of water to a rolling boil.
2. **Cook Edamame:** Add the frozen edamame pods to the boiling water and cook for 5 minutes until tender but still firm.
3. **Drain and Season:** Drain the edamame well and transfer to a bowl. While still warm, sprinkle with sea salt (and chili flakes if using) to taste.
4. **Serve:** Enjoy by squeezing the beans directly from the pods into your mouth one at a time.

### Serving Size

Serves 2 people as a snack.

---

**Fun Tip:** If you want to add more flavor without any sugar, try tossing the cooked edamame with a splash of toasted sesame oil and a sprinkle of toasted sesame seeds for a delicious twist. Itadakimasu!",True,,40_9,40,PASS,"The recipe for Edamame with Sea Salt adheres to the sugar-free dietary restriction. The ingredients listed—frozen edamame pods, sea salt, and optional chili flakes—do not contain any added sugars or high-sugar ingredients. The preparation method involves boiling and seasoning, which does not introduce any sugar. Additionally, the optional suggestion to add toasted sesame oil and sesame seeds also does not violate the sugar-free requirement, as these ingredients are naturally sugar-free. Therefore, the recipe is suitable for someone following a sugar-free diet.",HIGH,True
"Looking for some easy nut-free snack ideas, since I have a sensitivity. Any good suggestions?",nut-free,"## Crispy Japanese Rice Crackers (Senbei) – Nut-Free Snack

Indulge in the crunchy, savory delight of traditional Japanese senbei, perfectly seasoned and completely nut-free—ideal for a light and satisfying snack!

### Ingredients

- 1 cup cooked Japanese short-grain rice (sushi rice), cooled
- 2 tbsp soy sauce (use gluten-free if needed)
- 1 tbsp mirin (sweet rice wine)
- 1 tbsp sugar
- 1 tsp sesame seeds (optional, omit if also sensitive)
- 1/2 tbsp vegetable oil or sesame oil (for frying)

### Instructions

1. **Prepare Rice Dough:** Put the cooled cooked rice in a bowl and mash it gently with the back of a spoon or hands until it becomes sticky and slightly mashed but still with some texture.
2. **Shape Senbei:** Divide the rice into 6 equal portions. Press each portion firmly into a flat round shape about 1/4 inch thick on a piece of parchment paper or plastic wrap.
3. **Chill:** Place the shaped rice crackers in the refrigerator for 30 minutes to help them firm up.
4. **Make the Glaze:** In a small bowl, mix soy sauce, mirin, and sugar until the sugar dissolves.
5. **Cook Senbei:** Heat oil in a non-stick skillet over medium heat. Carefully place the rice crackers in the pan and cook until golden brown on one side (about 4-5 minutes).
6. **Flip & Glaze:** Flip the crackers, brush the cooked side generously with the soy sauce glaze, cook the other side until golden and the glaze is set (another 4-5 minutes). Flip again and brush the other side with glaze.
7. **Optional:** Sprinkle with sesame seeds right after glazing if using.
8. **Cool & Serve:** Remove from heat and place the senbei on a rack or paper towels to cool slightly. They will crisp up as they cool.

### Serving Size

Makes 6 rice crackers, perfect for 2 people as a snack.

---

**Fun Tip:** For extra crunch, try baking your senbei at 375°F (190°C) for 10-15 minutes after pan-frying, flipping halfway through. This will give you a delightful crispness that rivals store-bought versions! Itadakimasu!",True,,23_12,23,PASS,"The recipe for Crispy Japanese Rice Crackers (Senbei) adheres to the nut-free dietary restriction. The ingredients listed do not include any tree nuts or peanuts, which are the primary concern for a nut-free diet. The optional use of sesame seeds is noted, and the recipe suggests omitting them if there is a sensitivity, which is a reasonable precaution. The preparation method does not introduce any nut-based products, ensuring the recipe remains nut-free. Therefore, the recipe is suitable for someone with a nut sensitivity.",HIGH,True
Got any good diabetic-friendly lunch ideas that won’t spike my blood sugar?,diabetic-friendly,"## Soba Noodle Salad with Grilled Tofu and Sesame Dressing

This light and refreshing soba noodle salad combines protein-rich grilled tofu with fiber-packed buckwheat noodles and a zesty sesame dressing — perfect for a diabetic-friendly lunch that keeps blood sugar steady without sacrificing flavor.

### Ingredients

#### For the Salad:
- 100g (3.5 oz) dried soba noodles (100% buckwheat preferred)
- 200g (7 oz) firm tofu, pressed and sliced into 1cm thick strips
- 1 small cucumber, julienned
- 1 medium carrot, julienned
- 2 cups mixed leafy greens (spinach, mizuna, or arugula)
- 2 tbsp toasted sesame seeds
- 1 green onion, thinly sliced

#### For the Sesame Dressing:
- 2 tbsp low-sodium soy sauce or tamari (gluten-free if needed)
- 1 tbsp rice vinegar
- 1 tsp toasted sesame oil
- 1 tsp grated fresh ginger
- 1 tsp pure maple syrup or a diabetic-friendly sweetener equivalent
- 1 small garlic clove, minced
- A pinch of red chili flakes (optional)

### Instructions

1. **Cook the Soba Noodles:** Bring a large pot of water to a boil. Add soba noodles and cook according to package instructions (usually 4-6 minutes). Drain and rinse under cold water until completely cool to prevent sticking and stop cooking. Drain well and set aside.
2. **Grill the Tofu:** Heat a non-stick skillet or grill pan over medium heat. Lightly brush tofu slices with a little oil if desired, then grill for 3-4 minutes per side until golden brown and slightly crispy. Remove from heat.
3. **Prepare the Dressing:** In a small bowl, whisk together soy sauce, rice vinegar, sesame oil, grated ginger, maple syrup, garlic, and chili flakes until well combined.
4. **Assemble the Salad:** In a large bowl, combine cooled soba noodles, cucumber, carrot, leafy greens, and green onion. Add the grilled tofu on top.
5. **Dress and Toss:** Pour the sesame dressing over the salad and gently toss to combine everything evenly.
6. **Serve:** Sprinkle toasted sesame seeds over the salad just before serving for added crunch and flavor.

### Serving Size

This recipe serves 2 people.

---

**Fun Tip:** To add extra color and nutrients, try mixing in thin slices of bell pepper or radish! The vibrant crunch is delightful and keeps this dish exciting. Itadakimasu!",True,,19_13,19,PASS,"The recipe for Soba Noodle Salad with Grilled Tofu and Sesame Dressing is evaluated for its suitability as a diabetic-friendly meal. The primary carbohydrate source is soba noodles, which are made from buckwheat. Buckwheat has a lower glycemic index compared to regular wheat noodles, making it a better option for managing blood sugar levels. The recipe also includes tofu, which is a good source of protein and does not significantly impact blood sugar. The vegetables (cucumber, carrot, leafy greens) provide fiber, which helps in slowing down the absorption of carbohydrates, further aiding in blood sugar control. The sesame dressing includes a small amount of maple syrup, but the recipe suggests using a diabetic-friendly sweetener as an alternative, which is appropriate for maintaining low glycemic impact. The use of low-sodium soy sauce or tamari is also beneficial for overall health. Overall, the recipe is well-balanced with a focus on low glycemic ingredients, making it suitable for a diabetic-friendly diet.",HIGH,True
Got any easy raw vegan lunch ideas? I’m trying to keep things simple and fresh.,raw vegan,"I can only suggest Japanese or Japanese-inspired dishes, but I have a great fresh and simple raw vegan option inspired by Japanese flavors!

## Raw Vegan Japanese Zucchini Noodle Salad with Miso Dressing

This crisp and refreshing raw zucchini noodle salad is packed with umami-rich miso dressing and fresh vegetables, perfect for a light and vibrant lunch that feels like a breath of fresh Japanese air!

### Ingredients

- 2 medium zucchinis, spiralized into noodles
- 1 small carrot, julienned
- 1/2 cucumber, thinly sliced
- 1/4 cup shredded purple cabbage
- 1 sheet nori seaweed, cut into thin strips
- 1 tbsp toasted sesame seeds
- 2 tbsp chopped green onions

#### For the Miso Dressing:
- 1 tbsp white miso paste
- 1 tbsp lemon juice
- 1 tbsp rice vinegar
- 1 tsp toasted sesame oil
- 1 tsp maple syrup or agave nectar
- 2 tbsp cold water (to thin as needed)
- 1 tsp grated fresh ginger

### Instructions

1. **Prepare the Vegetables:** Spiralize the zucchinis into noodles and place in a large mixing bowl. Add the julienned carrot, sliced cucumber, and shredded cabbage.
2. **Make the Dressing:** In a small bowl, whisk together the white miso paste, lemon juice, rice vinegar, toasted sesame oil, maple syrup, grated ginger, and water. Adjust water quantity to your preferred consistency—it should be pourable but not too thin.
3. **Toss Salad:** Pour the miso dressing over the vegetable noodles and toss gently to evenly coat all the ingredients.
4. **Add Toppings:** Sprinkle the salad with nori strips, toasted sesame seeds, and chopped green onions.
5. **Serve:** Divide into two bowls and enjoy immediately for the freshest crunch.

### Serving Size

Serves 2 people.

---

**Fun Tip:** For a protein boost, sprinkle some raw shelled edamame or hemp seeds on top—they keep the dish raw and add delightful texture! Itadakimasu!",True,,25_3,25,PASS,"The recipe for Raw Vegan Japanese Zucchini Noodle Salad with Miso Dressing adheres to the raw vegan dietary restriction. All ingredients listed are plant-based and do not include any animal products, which satisfies the vegan requirement. Additionally, the preparation method does not involve heating any ingredients above 118°F, which aligns with the raw food criteria. The use of fresh vegetables, nori seaweed, and a dressing made from raw ingredients like miso paste, lemon juice, and rice vinegar further supports the raw vegan classification. The optional addition of raw shelled edamame or hemp seeds for protein is also compliant with raw vegan standards.",HIGH,True
Got any easy kosher dinner recipes? Trying to keep it simple tonight but still tasty.,kosher,"## Teriyaki Salmon with Sesame Spinach Salad (Kosher-Friendly)

A quick and flavorful Japanese-inspired dinner that's simple to prepare, featuring tender teriyaki-glazed salmon paired with a refreshing sesame spinach salad — perfect for a tasty yet easy kosher meal!

### Ingredients

#### For Teriyaki Salmon:
- 2 salmon fillets (about 150g each), skin on or off as preferred
- 3 tbsp soy sauce (check for kosher certification)
- 2 tbsp mirin (sweet rice wine, kosher certified)
- 1 tbsp sugar or honey
- 1 tsp grated fresh ginger
- 1 tsp sesame oil
- 1 garlic clove, minced
- 1 tbsp vegetable oil (for cooking)
- Toasted sesame seeds, for garnish
- Chopped green onions, for garnish

#### For Sesame Spinach Salad:
- 200g fresh spinach leaves, washed and dried
- 1 tbsp toasted sesame seeds
- 1 tbsp soy sauce (kosher)
- 1 tsp rice vinegar
- 1 tsp sesame oil
- 1 tsp toasted white sesame seeds
- Pinch of salt

### Instructions

1. **Make the Teriyaki Sauce:** In a small bowl, mix soy sauce, mirin, sugar (or honey), grated ginger, sesame oil, and minced garlic until sugar dissolves.
2. **Marinate the Salmon:** Place salmon fillets in a shallow dish and pour half the teriyaki sauce over them. Let them marinate at room temperature for 10-15 minutes.
3. **Cook the Salmon:** Heat vegetable oil in a non-stick skillet over medium heat. Remove salmon from marinade (reserve the marinade), and cook the salmon skin-side down first for about 4-5 minutes until golden and crispy. Flip and cook another 3-4 minutes until salmon is cooked through but still moist.
4. **Glaze the Salmon:** Pour the reserved marinade into the skillet and cook for another 1-2 minutes, spooning the sauce over the salmon to glaze it and thicken the sauce slightly.
5. **Prepare the Spinach Salad:** In a large bowl, whisk together soy sauce, rice vinegar, sesame oil, and a pinch of salt. Add the spinach leaves and gently toss until all are coated.
6. **Serve:** Plate the glazed salmon, sprinkle with toasted sesame seeds and chopped green onions. Serve the sesame spinach salad on the side, garnished with a sprinkle of extra sesame seeds.

### Serving Size

This recipe serves 2 people.

---

**Fun Tip:** If you want a heartier meal, serve this with a side of steamed white or brown rice to soak up the delicious teriyaki sauce. Itadakimasu!",True,,47_14,47,PASS,"The recipe for Teriyaki Salmon with Sesame Spinach Salad is designed to be kosher-friendly. The key considerations for a kosher diet include ensuring that all ingredients are kosher-certified and that there is no mixing of meat and dairy. In this recipe, the main protein is salmon, which is a kosher fish. The recipe specifies checking for kosher certification on soy sauce and mirin, which is crucial as not all brands may be kosher. The use of sugar or honey is acceptable, provided they are kosher-certified. There is no mention of dairy or non-kosher meat, and the cooking methods do not violate kosher laws. Additionally, the recipe does not include any shellfish or pork, which are not kosher. Therefore, the recipe adheres to kosher dietary restrictions.",HIGH,True
Can you suggest some easy halal recipes for dinner? Looking for something quick and tasty.,halal,"## Halal Chicken Teriyaki Donburi: Quick & Tasty Japanese Rice Bowl

Enjoy a swift and flavorful halal chicken teriyaki rice bowl that combines juicy, tender chicken glazed with a savory-sweet sauce, neatly served over steamed rice for a satisfying dinner in under 30 minutes!

### Ingredients

- 300g halal-certified boneless, skinless chicken thighs, cut into bite-sized pieces
- 1 cup uncooked Japanese short-grain rice
- 1 1/4 cups water (for cooking rice)
- 3 tbsp soy sauce (ensure halal-certified)
- 2 tbsp mirin (sweet rice wine)
- 1 tbsp sake (optional, can substitute with water)
- 1 tbsp brown sugar
- 1 tsp grated fresh ginger
- 1 garlic clove, minced
- 1 tbsp vegetable oil
- 1 spring onion, thinly sliced (for garnish)
- Sesame seeds, for garnish
- Pickled ginger or steamed vegetables (optional, for serving)

### Instructions

1. **Cook Rice:** Rinse the rice under cold water until the water runs clear. Combine with 1 1/4 cups water in a pot or rice cooker and cook according to rice cooker instructions or bring to a boil, then simmer low, covered, for about 15 minutes until water is absorbed and rice is tender.
2. **Prepare Teriyaki Sauce:** In a small bowl, mix soy sauce, mirin, sake (or water), brown sugar, ginger, and garlic until sugar dissolves.
3. **Cook Chicken:** Heat vegetable oil in a non-stick skillet over medium heat. Add the chicken pieces in a single layer and cook until golden brown and cooked through, about 5-7 minutes.
4. **Add Sauce:** Pour the teriyaki sauce over the chicken. Simmer gently, stirring occasionally, until the sauce thickens slightly and coats the chicken, about 3-5 minutes.
5. **Assemble Donburi:** Spoon the cooked rice into two bowls. Top each bowl with the glazed chicken pieces.
6. **Garnish:** Sprinkle sliced spring onions and sesame seeds over the chicken. Add pickled ginger or steamed vegetables on the side if desired.
7. **Serve Immediately:** Enjoy your flavorful halal teriyaki donburi hot!

### Serving Size

This recipe serves 2 people.

---

**Fun Tip:** For an extra touch, drizzle a little Japanese mayo or add a soft-boiled egg on top to enhance the richness of your donburi! Itadakimasu!",True,,44_9,44,FAIL,"The recipe for Halal Chicken Teriyaki Donburi is evaluated based on the halal dietary restriction. The primary concern in halal cooking is ensuring that all meat is halal-certified, which the recipe addresses by specifying 'halal-certified boneless, skinless chicken thighs.' Additionally, the recipe includes soy sauce, which must also be halal-certified, and this is noted in the ingredients list. The use of mirin and sake, which are types of rice wine, could be problematic as they contain alcohol, which is not permissible in halal diets. However, the recipe provides an option to substitute sake with water, which is a suitable alternative. The recipe does not explicitly address the alcohol content in mirin, which could be a concern. Therefore, while the recipe makes an effort to adhere to halal guidelines, the inclusion of mirin without a non-alcoholic alternative or clarification on its halal status is a potential issue.",MEDIUM,True
Trying to stick to Whole30 — got any easy weeknight dinner recipes that fit?,whole30,"## Whole30-Friendly Chicken Teriyaki Lettuce Wraps

Experience a bright and flavorful Japanese-inspired dinner with these Whole30-compliant chicken teriyaki lettuce wraps, perfect for a quick and healthy weeknight meal that’s bursting with umami and freshness!

### Ingredients

- 300g boneless, skinless chicken thighs, diced
- 1 tbsp coconut aminos (Whole30-approved soy sauce alternative)
- 1 tbsp fresh ginger, grated
- 2 garlic cloves, minced
- 1 tbsp sesame oil (or avocado oil)
- 1 tbsp apple cider vinegar
- 1 tbsp tomato paste (for depth, optional)
- 1 tsp fish sauce (optional, for extra umami)
- 1 tsp honey (optional, if within Whole30 guidelines)
- 1 small carrot, julienned
- 1/2 red bell pepper, thinly sliced
- 1 small cucumber, julienned
- 6 large butter lettuce leaves or iceberg lettuce cups
- Fresh cilantro leaves, for garnish
- Toasted sesame seeds, for garnish (optional but add great flavor)

### Instructions

1. **Make the Teriyaki Sauce:** In a small bowl, whisk together coconut aminos, grated ginger, minced garlic, apple cider vinegar, tomato paste, fish sauce, and honey if using. Set aside.
2. **Cook the Chicken:** Heat sesame oil in a large skillet over medium-high heat. Add diced chicken thighs and cook for 5-7 minutes until golden brown and cooked through.
3. **Add Sauce:** Pour the teriyaki sauce mixture over the chicken. Stir well and cook for another 2-3 minutes, allowing the sauce to thicken and coat the chicken pieces beautifully.
4. **Prepare Veggies:** While the chicken is cooking, prep the carrot, bell pepper, and cucumber, setting them aside for crisp, fresh fillings.
5. **Assemble Wraps:** Spoon the teriyaki chicken into each lettuce leaf, then top with julienned vegetables. Garnish with fresh cilantro leaves and a sprinkle of toasted sesame seeds.
6. **Serve:** Plate the lettuce wraps and enjoy immediately for a refreshing and satisfying Whole30 meal.

### Serving Size

Serves 2 people, about 3 wraps each.

---

**Fun Tip:** For an extra flavor kick, add a drizzle of freshly squeezed lime juice or a sprinkle of shichimi togarashi (Japanese seven-spice) on top — it’ll brighten up the wraps beautifully! Itadakimasu!",True,,32_15,32,FAIL,"The recipe for Whole30-Friendly Chicken Teriyaki Lettuce Wraps mostly adheres to the Whole30 dietary restrictions. It uses coconut aminos as a soy sauce alternative, which is compliant. The use of fresh ginger, garlic, apple cider vinegar, and vegetables like carrot, bell pepper, and cucumber are all Whole30-friendly. However, the inclusion of honey is problematic, as Whole30 strictly prohibits any form of added sugar, including natural sweeteners like honey. Although the recipe mentions honey as optional, its inclusion even as an option does not align with Whole30 guidelines. The rest of the ingredients and methods are compliant, but the optional honey makes the recipe fail the strict Whole30 criteria.",HIGH,True
"Looking for some easy halal dinner recipes that my whole family will love, any ideas?",halal,"## Halal Chicken Teriyaki Donburi - Family-Friendly & Flavorful

Experience the sweet and savory delight of chicken teriyaki served over a bed of fluffy steamed rice, perfect for a quick and satisfying halal dinner that everyone will enjoy!

### Ingredients

- 300g halal boneless, skinless chicken thighs, cut into bite-sized pieces
- 1 cup short-grain Japanese rice, rinsed and drained
- 1 1/4 cups water (for cooking rice)
- 3 tbsp soy sauce (ensure halal certification)
- 2 tbsp mirin (sweet rice wine, confirm halal status)
- 1 tbsp sake (optional, or substitute with water)
- 1 tbsp brown sugar
- 1 garlic clove, minced
- 1 tsp fresh ginger, grated
- 1 tbsp vegetable oil
- 2 spring onions, thinly sliced (for garnish)
- Toasted sesame seeds (for garnish)

### Instructions

1. **Cook the Rice:** Rinse the rice under cold water until the water runs clear. Add the rice and 1 1/4 cups water to a pot or rice cooker. Cook according to your appliance instructions or bring to a boil, then cover and simmer on low for 15 minutes. Remove from heat and let it steam for 10 minutes.
2. **Prepare Teriyaki Sauce:** In a small bowl, mix soy sauce, mirin, sake (or water), brown sugar, garlic, and ginger until the sugar dissolves.
3. **Cook the Chicken:** Heat vegetable oil in a non-stick skillet over medium heat. Add chicken pieces and cook for 6-8 minutes until browned and cooked through, turning occasionally.
4. **Add Sauce:** Pour the teriyaki sauce mixture over the chicken. Simmer for 3-5 minutes, stirring occasionally, until the sauce thickens and coats the chicken nicely.
5. **Assemble Donburi:** Divide the steamed rice into two bowls. Spoon the chicken teriyaki and sauce generously over the rice.
6. **Garnish and Serve:** Sprinkle with sliced spring onions and toasted sesame seeds for extra flavor and a lovely presentation.

### Serving Size

Serves 2 people.

---

**Fun Tip:** For a colorful twist, add steamed broccoli or sliced cucumbers on the side—this adds crunch and freshness to your meal! Itadakimasu!",True,,45_14,45,FAIL,"The recipe for Halal Chicken Teriyaki Donburi includes ingredients and preparation methods that are generally compliant with halal dietary restrictions. The chicken is specified as halal, which is crucial. The soy sauce is noted to require halal certification, which is appropriate. However, the recipe includes mirin and sake, both of which are types of rice wine and typically contain alcohol. Alcohol is not permissible in halal diets. The recipe suggests substituting sake with water, which is a suitable alternative, but it does not provide a non-alcoholic substitute for mirin. Therefore, without a clear non-alcoholic alternative for mirin, the recipe does not fully adhere to halal dietary restrictions.",HIGH,True
"Looking for some easy sugar-free snacks to keep me going during work, any ideas?",sugar-free,"## Edamame with Sea Salt — Your Perfect Sugar-Free Japanese Snack Boost

Enjoy this simple, protein-packed snack of boiled edamame pods lightly sprinkled with sea salt — quick to prepare, satisfying, and totally sugar-free!

### Ingredients

- 200g fresh or frozen edamame pods (in the pod)
- 1 tsp coarse sea salt (adjust to taste)

### Instructions

1. **Prepare Edamame:** If using frozen edamame, keep them frozen until ready to cook.
2. **Boil Water:** Bring a pot of salted water to a rolling boil.
3. **Cook Edamame:** Add the edamame pods to the boiling water. Cook for about 4-5 minutes until tender but still firm.
4. **Drain and Cool:** Drain the edamame and rinse briefly under cold water to stop cooking and cool down.
5. **Season:** Sprinkle the cooked edamame pods generously with coarse sea salt.
6. **Snack:** Pop the beans from the pods directly into your mouth by squeezing the pods — discard the shells.

### Serving Size

This recipe serves 2 as a snack.

---

**Fun Tip:** For a little extra flavor kick, toss the cooked edamame with a sprinkle of toasted sesame seeds or a dash of togarashi (Japanese chili pepper mix). Perfect for a midday boost without any sugar! Itadakimasu!",True,,40_8,40,PASS,"The recipe for Edamame with Sea Salt adheres to the sugar-free dietary restriction. The ingredients listed are edamame pods and sea salt, neither of which contain added sugars or high-sugar ingredients. The preparation method involves boiling and seasoning with salt, which does not introduce any sugar. The optional suggestion to add toasted sesame seeds or togarashi does not inherently include sugar, although it is important to ensure that any togarashi used does not contain added sugar. Overall, the recipe is simple and clearly avoids any sugar-containing ingredients.",HIGH,True
"Hey, can you suggest some easy nut-free snacks for my kids?",nut-free,"## Crispy Japanese Rice Crackers (Arare) – Nut-Free Kid-Friendly Snack

Delight your kids with these crunchy, savory Japanese rice crackers that are easy to make, nut-free, and perfect for snacking anytime!

### Ingredients
- 1 cup cooked Japanese short-grain rice (preferably freshly cooked and slightly cooled)
- 1 tbsp soy sauce (use gluten-free if needed)
- 1 tsp sugar
- 1 tsp sesame oil (optional for flavor)
- 1/2 tsp salt
- Vegetable oil for frying

### Instructions

1. **Prepare the Rice:** After cooking your short-grain rice, let it cool slightly so it’s still sticky but manageable.
2. **Mix Seasonings:** In a small bowl, mix soy sauce, sugar, sesame oil (if using), and salt until the sugar dissolves.
3. **Flavor the Rice:** Gently mix the cooked rice with the soy sauce mixture, ensuring the rice is evenly coated without mashing the grains.
4. **Shape the Crackers:** Wet your hands, scoop small tablespoon-sized amounts of rice, and flatten them into thin, small rounds or shapes on a clean surface. The thinner, the crispier!
5. **Dry the Rice Shapes:** Arrange the shaped rice crackers on a baking tray lined with parchment paper. Let them air dry for several hours or overnight to reduce moisture. Alternatively, you can dry them in a low oven (around 120°C/250°F) for about 30-40 minutes, flipping halfway.
6. **Fry the Crackers:** Heat vegetable oil in a deep pan over medium heat. Fry the rice crackers in batches until they puff up slightly and turn golden brown (about 1-2 minutes). Remove and drain on paper towels.
7. **Cool and Serve:** Allow crackers to cool completely before serving to kids.

### Serving Size

This recipe makes approximately 20-25 rice crackers, perfect for 2 kids’ snack portions.

---

**Fun Tip:** Let your kids help shape the rice crackers into fun animal or star shapes before drying—making snack time creative and interactive! Itadakimasu!",True,,24_6,24,PASS,"The recipe for Crispy Japanese Rice Crackers (Arare) adheres to the nut-free dietary restriction. The ingredients listed include cooked Japanese short-grain rice, soy sauce, sugar, sesame oil, salt, and vegetable oil, none of which are nuts or derived from nuts. The preparation method involves mixing, shaping, drying, and frying the rice crackers, which does not introduce any nut-based ingredients. Additionally, the recipe explicitly states it is nut-free, and there are no hidden sources of nuts in the ingredients or cooking process.",HIGH,True
"Hey, can you suggest some tasty low-sodium dinner ideas? Trying to keep my salt intake down.",low-sodium,"## Miso Glazed Eggplant with Steamed Rice and Side Salad (Low Sodium)

Savor the umami-rich flavors of miso glazed eggplant that's naturally low in sodium but packs a punch of taste, served with fluffy steamed rice and a fresh, crisp salad for a wholesome and satisfying low-sodium dinner.

### Ingredients

#### For Miso Glazed Eggplant:
- 2 medium eggplants (about 400g), halved lengthwise
- 2 tbsp white miso paste (look for low-sodium or reduced-sodium versions)
- 1 tbsp mirin (sweet rice wine)
- 1 tbsp sake (optional; or use water)
- 1 tsp grated fresh ginger
- 1 tsp honey or maple syrup
- 1 tbsp water

#### For Steamed Rice:
- 1 cup Japanese short-grain rice
- 1 1/4 cups water

#### For Side Salad:
- 2 cups mixed greens (such as mizuna, spinach, or lettuce)
- 1 small carrot, julienned
- 1/2 cucumber, thinly sliced
- 1 tbsp rice vinegar
- 1 tsp toasted sesame oil
- 1 tsp honey or agave syrup
- Freshly ground black pepper, to taste

### Instructions

1. **Prepare the Rice:** Rinse the rice under cold water until the water runs clear. Combine rice and water in a rice cooker or pot. Cook according to rice cooker instructions or bring to a boil, then cover and simmer on low heat for 15 minutes. Remove from heat and let it steam for another 10 minutes.
2. **Make Miso Glaze:** In a small bowl, whisk together miso paste, mirin, sake (or water), grated ginger, honey, and water until smooth.
3. **Prepare Eggplant:** Preheat oven to 200°C (390°F). Score the flesh of each eggplant half in a crosshatch pattern, being careful not to pierce the skin.
4. **Apply Glaze:** Brush the miso glaze generously over the flesh side of each eggplant half.
5. **Roast Eggplant:** Place eggplant halves flesh-side up on a baking tray lined with parchment paper. Roast for 20-25 minutes or until the eggplant is tender and the glaze has caramelized slightly.
6. **Prepare Salad Dressing:** In a small bowl, combine rice vinegar, sesame oil, honey, and pepper; mix well.
7. **Assemble Salad:** Toss mixed greens, carrot, and cucumber with the dressing just before serving.
8. **Serve:** Scoop steamed rice onto plates, add the miso-glazed eggplant halves, and a portion of the fresh salad on the side.

### Serving Size

This recipe serves 2 people.

---

**Fun Tip:** For an extra burst of flavor without salt, sprinkle some toasted sesame seeds or a little yuzu zest over the eggplant just before serving. It adds a lovely texture and citrusy aroma! Itadakimasu!",True,,35_9,35,FAIL,"The recipe is intended to be low-sodium, but there are several concerns regarding the sodium content of the ingredients used. Miso paste, even in its low-sodium form, can still contain a significant amount of sodium. Additionally, mirin and sake, while used in small quantities, can also contribute to the sodium content. The recipe does not specify the sodium content of these ingredients, which makes it difficult to ensure that the overall dish is truly low in sodium. Furthermore, the use of honey or maple syrup in the glaze and salad dressing does not directly affect sodium levels, but the recipe lacks alternative flavoring methods that could help reduce the need for sodium-rich ingredients. While the recipe attempts to use low-sodium versions of ingredients, the inherent sodium content of miso paste and the lack of specific sodium measurements make it challenging to confidently label this as a low-sodium dish.",MEDIUM,True
Looking for some easy paleo lunch ideas that don’t take forever to make. Got any favorites?,paleo,"## Paleo Chicken Teriyaki Lettuce Wraps

A quick and fresh paleo-friendly lunch that bursts with savory teriyaki-flavored chicken tucked inside crisp, cooling lettuce leaves—perfect for a satisfying, low-carb meal on the go!

### Ingredients

- 300g boneless, skinless chicken breast or thighs, thinly sliced
- 2 tbsp coconut aminos (a paleo-friendly alternative to soy sauce)
- 1 tbsp pure maple syrup (optional, for a touch of sweetness)
- 1 tbsp rice vinegar
- 1 tsp grated fresh ginger
- 1 garlic clove, minced
- 1 tbsp sesame oil (or avocado oil)
- 1 small carrot, julienned
- 2 spring onions, thinly sliced
- 1/2 cup shredded purple cabbage
- 1 small cucumber, thinly sliced
- 6 large butter or romaine lettuce leaves (washed and dried)
- Sesame seeds (optional), for garnish
- Fresh cilantro leaves (optional), for garnish

### Instructions

1. **Make the Teriyaki Sauce:** In a small bowl, whisk together coconut aminos, maple syrup, rice vinegar, ginger, and garlic until well combined.
2. **Cook the Chicken:** Heat sesame oil in a skillet over medium-high heat. Add the sliced chicken and cook for about 5-7 minutes, stirring occasionally, until the chicken is cooked through and lightly browned.
3. **Add Sauce:** Pour the teriyaki sauce over the chicken in the skillet, stirring frequently. Allow it to simmer for 2-3 minutes until the sauce thickens slightly and coats the chicken beautifully.
4. **Prepare the Lettuce Wraps:** Lay out the lettuce leaves on a serving plate.
5. **Assemble Wraps:** Divide the cooked chicken evenly among the lettuce leaves. Top each with carrot, cabbage, cucumber slices, and spring onions.
6. **Garnish and Serve:** Sprinkle sesame seeds and fresh cilantro over the wraps for an extra burst of flavor and visual appeal. Serve immediately.

### Serving Size

This recipe serves 2 people.

---

**Fun Tip:** For added crunch and nutrition, add crushed toasted almonds or chopped macadamia nuts inside your wraps! It’s a delightful texture contrast that keeps things interesting. Itadakimasu!",True,,18_2,18,FAIL,"The recipe for Paleo Chicken Teriyaki Lettuce Wraps mostly adheres to the paleo dietary restriction, which excludes grains, legumes, dairy, refined sugar, and processed foods. The recipe uses coconut aminos as a paleo-friendly alternative to soy sauce, which is appropriate. However, the inclusion of pure maple syrup is problematic, as refined sugars and sweeteners are generally not considered paleo. While some paleo dieters may allow small amounts of natural sweeteners like maple syrup, it is typically discouraged in strict paleo guidelines. The rest of the ingredients, such as chicken, vegetables, and sesame oil, are compliant with the paleo diet. The cooking method is also appropriate, as it involves simple cooking techniques without processed ingredients.",HIGH,True
"trying to stick to keto, any easy quick dinner ideas that won’t mess with my macros?",keto,"## Keto-Friendly Chicken Katsu Salad

Crunchy, juicy chicken katsu meets fresh, crisp greens in this low-carb Japanese-inspired salad that's perfect for a quick and keto-friendly dinner!

### Ingredients

- 2 boneless, skinless chicken thighs (around 300g)
- 1/3 cup almond flour (for keto-friendly breading)
- 1 egg, beaten
- 1/4 cup grated Parmesan cheese
- 1 tsp garlic powder
- 1 tsp paprika
- Salt and pepper, to taste
- 2 tbsp coconut oil or avocado oil (for frying)
- 4 cups mixed salad greens (lettuce, spinach, arugula)
- 1/2 cucumber, thinly sliced
- 1/4 cup shredded cabbage
- 2 tbsp sliced green onions
- 2 tbsp sesame seeds, toasted

#### For the Keto-friendly Tonkatsu Sauce:
- 2 tbsp sugar-free tomato ketchup
- 1 tbsp soy sauce or tamari (gluten-free)
- 1 tsp Dijon mustard
- 1 tsp apple cider vinegar
- 1/2 tsp erythritol or preferred keto sweetener

### Instructions

1. **Prepare the Breading:** In a shallow bowl, mix almond flour, Parmesan cheese, garlic powder, paprika, salt, and pepper.
2. **Coat the Chicken:** Dip each chicken thigh into the beaten egg, then dredge thoroughly in the almond flour mixture, pressing gently to stick.
3. **Fry the Chicken:** Heat coconut oil in a skillet over medium heat. Fry the chicken thighs for about 4-5 minutes on each side until golden brown and cooked through. Remove and let rest for 5 minutes, then slice into strips.
4. **Make the Sauce:** In a small bowl, whisk together ketchup, soy sauce, Dijon mustard, apple cider vinegar, and erythritol.
5. **Prepare the Salad:** On each plate, arrange mixed greens, cucumber slices, shredded cabbage, and green onions.
6. **Assemble:** Place sliced chicken katsu on top of the salad and drizzle with the keto-friendly tonkatsu sauce. Sprinkle toasted sesame seeds over the dish.
7. **Serve immediately** and enjoy a crunchy, satisfying keto meal!

### Serving Size

This recipe serves 2 people.

---

**Fun Tip:** For an extra flavor boost, sprinkle a little Shichimi Togarashi (Japanese seven-spice chili pepper) on your chicken for a spicy kick! Itadakimasu!",True,,7_7,7,PASS,"The recipe for Keto-Friendly Chicken Katsu Salad adheres to the keto dietary restriction. The main ingredients used for the chicken breading are almond flour and Parmesan cheese, both of which are low in carbohydrates and suitable for a keto diet. The use of coconut oil or avocado oil for frying is appropriate as these oils are high in healthy fats. The salad components, including mixed greens, cucumber, cabbage, and green onions, are all low in carbohydrates. The keto-friendly tonkatsu sauce uses sugar-free tomato ketchup and erythritol as a sweetener, which are suitable for maintaining low carbohydrate intake. Overall, the recipe is designed to be low in carbohydrates, high in fats, and moderate in protein, aligning well with keto dietary guidelines.",HIGH,True
Looking for some easy halal dinner recipes that don’t require fancy ingredients. Got any ideas?,halal,"## Halal Chicken Teriyaki Donburi (Simple Japanese Rice Bowl)

Savor a quick and delicious Japanese-inspired chicken teriyaki bowl that’s halal-friendly, uses everyday ingredients, and comes together in under 30 minutes—perfect for a satisfying dinner without hassle!

### Ingredients

- 300g boneless, skinless halal chicken thighs or breasts, cut into bite-sized pieces
- 1 tbsp vegetable oil
- 150g short-grain Japanese rice (or any sticky rice), cooked
- 3 tbsp soy sauce (ensure halal-certified)
- 2 tbsp mirin (Japanese sweet rice wine) or substitute with 1 tbsp honey + 1 tbsp water
- 1 tbsp sake (optional, or substitute with water)
- 1 tbsp brown sugar
- 1 clove garlic, minced
- 1 tsp grated fresh ginger
- 1 small carrot, julienned
- 1/2 cup shredded cabbage or sliced bok choy (optional)
- 1 spring onion, chopped
- Toasted sesame seeds, for garnish

### Instructions

1. **Cook the Rice:** Prepare your rice according to package instructions so it’s ready when the chicken is done.
2. **Make Teriyaki Sauce:** In a small bowl, mix together soy sauce, mirin (or honey+water), sake (or water), brown sugar, garlic, and ginger. Stir well.
3. **Cook Chicken:** Heat vegetable oil in a skillet over medium heat. Add chicken pieces and cook for about 6-8 minutes until they start to brown and are cooked through.
4. **Add Vegetables:** Toss in the carrot and cabbage or bok choy if using, cook for 2-3 minutes until just tender but still crisp.
5. **Add Sauce:** Pour the teriyaki sauce over the chicken and vegetables. Allow to simmer for 3-5 minutes, stirring occasionally, until the sauce thickens slightly and coats everything nicely.
6. **Assemble Bowl:** Divide the cooked rice between two bowls. Spoon the chicken teriyaki mixture on top.
7. **Garnish and Serve:** Sprinkle chopped spring onions and toasted sesame seeds over the bowls.

### Serving Size

This recipe serves 2 people.

---

**Fun Tip:** For an extra flavor boost, add a soft-boiled egg on top of each bowl—it’s a favorite addition in many Japanese rice bowls and super easy to make! Itadakimasu!",True,,43_8,43,FAIL,"The recipe for Halal Chicken Teriyaki Donburi is mostly compliant with halal dietary restrictions, as it uses halal-certified chicken and soy sauce. However, the inclusion of mirin and sake, which are both alcoholic ingredients, is problematic. While the recipe suggests substituting mirin with honey and water, the optional use of sake is not adequately addressed with a non-alcoholic substitute. Alcohol is not permissible in halal diets, and even the optional inclusion of sake could make the recipe non-compliant. Therefore, the recipe fails to fully adhere to halal dietary restrictions.",HIGH,True
Looking for some easy paleo-friendly meals I can whip up after work—got any favorites?,paleo,"## Paleo Chicken Katsu with Cauliflower Rice

Enjoy a crispy, paleo-friendly twist on the traditional Japanese favorite, chicken katsu, paired with light and fluffy cauliflower rice for a satisfying and healthy dinner after a busy day.

### Ingredients

#### For Chicken Katsu:
- 2 boneless, skinless chicken breasts (about 300g), pounded to even thickness
- 1 cup almond flour
- 2 large eggs
- 1 tsp garlic powder
- 1 tsp paprika
- Salt and black pepper, to taste
- 3 tbsp coconut oil, for frying

#### For Cauliflower Rice:
- 1 medium head of cauliflower, grated or processed into rice-like pieces (about 3 cups)
- 1 tbsp coconut oil
- 1 garlic clove, minced
- 2 tbsp chopped green onions
- Salt and pepper, to taste

#### For Paleo Tonkatsu Sauce (Optional):
- 3 tbsp tomato paste
- 1 tbsp coconut aminos
- 1 tbsp apple cider vinegar
- 1 tbsp maple syrup
- 1/2 tsp garlic powder

### Instructions

1. **Prepare Chicken Katsu:** Season the almond flour with garlic powder, paprika, salt, and pepper in a shallow dish. Beat the eggs in another shallow bowl.
2. **Coat Chicken:** Dip each chicken breast first into the egg, then dredge thoroughly in the seasoned almond flour, pressing lightly to adhere.
3. **Cook Chicken:** Heat coconut oil in a large skillet over medium heat. Fry the chicken breasts for 4-5 minutes on each side or until golden brown and cooked through. Remove and drain on paper towels.
4. **Make Cauliflower Rice:** In another pan, heat coconut oil over medium heat. Sauté the garlic briefly until fragrant. Add the cauliflower rice and stir-fry for 5-7 minutes, until tender but still slightly firm.
5. **Season Cauliflower:** Stir in chopped green onions, and season with salt and pepper to taste. Remove from heat.
6. **Prepare Tonkatsu Sauce (Optional):** Mix all sauce ingredients in a small bowl until smooth.
7. **Serve:** Slice the chicken katsu into strips and serve them on a plate alongside the cauliflower rice. Drizzle with tonkatsu sauce if using.

### Serving Size

This recipe serves 2 people.

---

**Fun Tip:** For an extra crunch, try mixing some crushed pork rinds into the almond flour coating — it gives an irresistible crispy texture while keeping the dish paleo-friendly! Itadakimasu!",True,,17_12,17,PASS,"The recipe for Paleo Chicken Katsu with Cauliflower Rice adheres to the paleo dietary restriction. The ingredients used are compliant with the paleo diet, which excludes grains, legumes, dairy, refined sugar, and processed foods. The chicken is coated with almond flour, a paleo-friendly alternative to traditional breadcrumbs, and fried in coconut oil, which is also acceptable in a paleo diet. The cauliflower rice is a suitable substitute for grain-based rice. The optional tonkatsu sauce uses tomato paste, coconut aminos, apple cider vinegar, and maple syrup, all of which are generally considered paleo-friendly. Although maple syrup is a natural sweetener, it is often used in moderation in paleo recipes. The suggestion to use crushed pork rinds for extra crunch is also compliant with paleo guidelines. Overall, the recipe does not include any non-paleo ingredients or methods.",HIGH,True
"trying to stick to keto, any easy quick dinner ideas that won’t mess with my macros?",keto,"## Keto-Friendly Salmon Teriyaki with Shirataki Noodles

A quick and delicious Japanese-inspired dinner that’s low-carb, rich in healthy fats, and perfect for keeping your keto macros on track—sweet and savory salmon glazed in a sugar-free teriyaki sauce, served over refreshing, zero-carb shirataki noodles.

### Ingredients

- 2 salmon fillets (about 150g each)
- 1 tbsp avocado oil or sesame oil
- 200g shirataki noodles, rinsed and drained
- 2 tbsp tamari (gluten-free soy sauce)
- 1 tbsp sake (optional, or substitute with water)
- 1 tbsp erythritol or other keto-friendly sweetener
- 1 tsp fresh ginger, grated
- 1 garlic clove, minced
- 1 tsp toasted sesame seeds, for garnish
- 2 stalks green onions, thinly sliced
- A pinch of red chili flakes (optional)

### Instructions

1. **Prepare the Teriyaki Sauce:** In a small bowl, mix tamari, sake, erythritol, grated ginger, and minced garlic. Stir well to combine.
2. **Cook Salmon:** Heat avocado or sesame oil in a non-stick skillet over medium heat. Place salmon fillets skin-side down, cooking for about 4-5 minutes until crispy.
3. **Flip and Glaze:** Flip the salmon fillets carefully, pour the teriyaki sauce over them, and cook for another 3-4 minutes, spooning the sauce over the fish to glaze it nicely.
4. **Prepare Shirataki Noodles:** Meanwhile, boil shirataki noodles in water for 1-2 minutes, drain well, and pat dry with paper towels to remove excess moisture.
5. **Sauté Noodles:** In another pan, lightly sauté the drained shirataki noodles with a little sesame oil for 2-3 minutes until heated through and slightly toasted.
6. **Serve:** Plate the salmon fillets on a bed of shirataki noodles. Drizzle any remaining teriyaki sauce from the pan over the top.
7. **Garnish:** Sprinkle sesame seeds, sliced green onions, and a pinch of chili flakes for a gentle kick if desired.

### Serving Size

Serves 2 people.

---

**Fun Tip:** Shirataki noodles can sometimes have a slight odor when first opened; rinsing them in hot water and dry-roasting in a pan will help refresh them and improve texture! Itadakimasu!",True,,7_2,7,PASS,"The recipe for Keto-Friendly Salmon Teriyaki with Shirataki Noodles adheres to the keto dietary restriction. The main ingredients, such as salmon and shirataki noodles, are low in carbohydrates and high in healthy fats, which align with keto macros. The use of avocado or sesame oil adds healthy fats, and the erythritol sweetener is a keto-friendly alternative to sugar. The recipe avoids high-carb ingredients and uses tamari, which is a gluten-free soy sauce, suitable for keto. The optional use of sake is minimal and can be substituted with water to avoid any potential carb content. Overall, the recipe is well-suited for a keto diet.",HIGH,True
"Looking for some easy low-sodium dinner ideas, got any recipes?",low-sodium,"## Grilled Miso-Glazed Salmon with Steamed Vegetables

This easy low-sodium dinner features tender, flavorful grilled salmon glazed with a homemade low-sodium miso sauce, paired with fresh steamed vegetables for a healthy and satisfying meal.

### Ingredients

#### For Miso-Glazed Salmon:
- 2 salmon fillets (about 150g each)
- 2 tbsp white miso paste (low-sodium if possible)
- 1 tbsp maple syrup or honey
- 1 tbsp rice vinegar
- 1 tsp grated fresh ginger
- 1 tsp sesame oil
- 1 garlic clove, minced

#### For Steamed Vegetables:
- 1 medium carrot, sliced
- 100g broccoli florets
- 100g snap peas
- 1 tbsp water
- Lemon wedges, for serving (optional)

### Instructions

1. **Prepare the Miso Glaze:** In a small bowl, mix together the miso paste, maple syrup, rice vinegar, grated ginger, sesame oil, and minced garlic until smooth.
2. **Marinate the Salmon:** Pat the salmon fillets dry with paper towels. Brush each fillet generously with the miso glaze on all sides. Let them marinate for 15 minutes at room temperature.
3. **Prepare the Steamed Vegetables:** While the salmon marinates, set up a steamer basket over a pot with 1 inch of simmering water. Add the carrots first, steam for 2 minutes, then add broccoli and snap peas, steaming all together for an additional 4-5 minutes until vegetables are tender but crisp.
4. **Grill the Salmon:** Heat a grill pan or non-stick skillet over medium heat. Place the salmon skin-side down (if skin on) and cook for about 4-5 minutes. Carefully flip and cook another 3-4 minutes until the salmon is just cooked through and the glaze is caramelized.
5. **Serve:** Arrange the grilled salmon fillets on plates with a side of the steamed vegetables. Add a lemon wedge for a fresh splash of flavor if desired.

### Serving Size

This recipe serves 2 people.

---

**Fun Tip:** For a burst of umami, sprinkle some toasted white sesame seeds on the salmon before serving—they add a lovely crunch and visual appeal! Itadakimasu!",True,,36_1,36,FAIL,"The recipe for Grilled Miso-Glazed Salmon with Steamed Vegetables is intended to be low-sodium, but there are some concerns regarding the sodium content of certain ingredients. Miso paste, even when labeled as low-sodium, can still contain a significant amount of sodium. Additionally, the recipe does not specify the sodium content of the miso paste used, which is crucial for a low-sodium diet. The use of maple syrup or honey, rice vinegar, fresh ginger, sesame oil, and garlic are generally low in sodium and suitable for a low-sodium diet. However, without specific information on the sodium content of the miso paste, it is difficult to ensure that the overall sodium content of the dish is sufficiently low. Therefore, the recipe does not clearly adhere to the low-sodium dietary restriction.",MEDIUM,True
Can you suggest some easy halal recipes for dinner? Looking for something quick and tasty.,halal,"## Teriyaki Salmon Rice Bowl (Halal & Quick)

Savor the sweet and savory flavors of teriyaki-glazed salmon served over a bed of fluffy rice and fresh vegetables — a quick, halal, and delicious dinner that comes together in under 30 minutes!

### Ingredients

- 2 salmon fillets (about 150g each), skin-on or skinless
- 3 tbsp soy sauce (ensure halal certification)
- 2 tbsp mirin (sweet rice wine)
- 1 tbsp sake (optional, or substitute with water)
- 1 tbsp brown sugar or honey
- 1 tsp grated fresh ginger
- 1 garlic clove, minced
- 1 tbsp vegetable oil
- 1 cup cooked white or brown rice
- 1/2 cucumber, thinly sliced
- 1 small carrot, julienned
- 1 green onion, sliced
- Sesame seeds, for garnish
- Optional: steamed or sautéed broccoli or edamame for extra veggies

### Instructions

1. **Prepare Teriyaki Sauce:** In a small bowl, mix soy sauce, mirin, sake (or water), brown sugar, grated ginger, and minced garlic until the sugar dissolves.
2. **Cook Salmon:** Heat oil in a non-stick pan over medium heat. Place salmon fillets skin-side down and cook for about 4-5 minutes until the skin is crispy and salmon is cooked halfway.
3. **Glaze Salmon:** Flip the salmon and pour the teriyaki sauce over the fillets. Let it simmer while cooking the other side for another 3-4 minutes, spooning the sauce over the fish to glaze it nicely. The sauce will thicken slightly.
4. **Warm Rice:** Prepare your rice according to package instructions or reheat pre-cooked rice.
5. **Assemble Bowl:** Divide the rice between two bowls. Place the glazed salmon fillets on top.
6. **Add Veggies:** Arrange cucumber slices, julienned carrots, and optional broccoli or edamame around the salmon.
7. **Garnish and Serve:** Sprinkle sliced green onions and sesame seeds on top before serving.

### Serving Size

This recipe serves 2 people.

---

**Fun Tip:** For extra zing, add a small drizzle of spicy mayo (mix mayonnaise with a touch of sriracha) over the bowl. Not traditionally Japanese, but a delicious fusion kick! Itadakimasu!",True,,44_4,44,FAIL,"The recipe for Teriyaki Salmon Rice Bowl is generally aligned with halal dietary restrictions, as it includes salmon, which is permissible, and uses soy sauce, which can be halal if certified. However, the inclusion of mirin and sake, both of which are alcoholic ingredients, poses a problem. Alcohol is not permissible in halal diets. While the recipe suggests substituting sake with water, there is no alternative provided for mirin, which is also an alcoholic ingredient. Therefore, the recipe fails to fully adhere to halal dietary restrictions due to the presence of these ingredients.",HIGH,True
"Looking for some easy low-sodium dinner ideas, got any recipes?",low-sodium,"## Low-Sodium Miso-Glazed Salmon with Steamed Vegetables

Delight in a heart-healthy and low-sodium Japanese-inspired dinner where perfectly glazed salmon meets vibrant steamed vegetables, creating a balanced and flavorful meal without excess salt!

### Ingredients

#### For Miso-Glazed Salmon:
- 2 salmon fillets (150g each)
- 2 tbsp white miso paste (low-sodium if available)
- 1 tbsp mirin
- 1 tbsp sake (optional, or substitute with water)
- 1 tsp honey or maple syrup
- 1 tsp freshly grated ginger
- 1 garlic clove, minced

#### For Steamed Vegetables:
- 1 small broccoli head, cut into florets
- 1 medium carrot, peeled and sliced diagonally
- 100g snap peas, ends trimmed
- 1/2 cup shiitake mushrooms, sliced
- 1 tsp toasted sesame seeds (optional, for garnish)

### Instructions

1. **Prepare the Miso Glaze:** In a small bowl, whisk together miso paste, mirin, sake (or water), honey, grated ginger, and minced garlic until smooth.
2. **Marinate Salmon:** Place salmon fillets in a shallow dish and generously brush the miso glaze on both sides. Let marinate in the fridge for at least 20 minutes to absorb the flavors.
3. **Preheat Oven:** Preheat your oven to 180°C (350°F).
4. **Bake Salmon:** Arrange the salmon fillets on a lined baking tray. Bake for 12-15 minutes, or until the salmon is cooked through and starts to caramelize slightly on top.
5. **Steam Vegetables:** While the salmon is baking, set up a steamer over boiling water. Add broccoli florets, carrot slices, snap peas, and shiitake mushrooms. Steam for about 5-7 minutes until tender-crisp.
6. **Serve:** Plate the baked miso-glazed salmon alongside the steamed vegetables. Sprinkle with toasted sesame seeds if using.

### Serving Size

This recipe serves 2 people.

---

**Fun Tip:** For an extra burst of umami without sodium, add a sprinkle of fresh chopped shiso leaves or a splash of yuzu juice to your salmon just before serving! Itadakimasu!",True,,36_12,36,FAIL,"The recipe for Low-Sodium Miso-Glazed Salmon with Steamed Vegetables is intended to be low in sodium, but there are concerns regarding the sodium content of certain ingredients. Miso paste, even in its low-sodium form, can still contain a significant amount of sodium. Additionally, mirin and sake, while used in small quantities, can also contribute to the sodium content. The recipe does not specify the sodium content of these ingredients, which makes it difficult to ensure that the overall dish is truly low-sodium. While the recipe suggests using low-sodium miso paste, it does not provide a specific sodium limit or alternative for those who need to strictly control their sodium intake. The rest of the ingredients, such as salmon, vegetables, ginger, and garlic, are naturally low in sodium and align with a low-sodium diet. However, due to the potential sodium content in the miso paste and other condiments, the recipe may not fully adhere to a strict low-sodium dietary restriction.",MEDIUM,True
Got any quick paleo-friendly dinner ideas? Trying to keep it clean but tasty tonight.,paleo,"## Paleo-Inspired Chicken Teriyaki Lettuce Wraps

Enjoy a clean and tasty paleo-friendly dinner with these juicy chicken teriyaki lettuce wraps that balance savory, sweet, and fresh flavors—perfect for a quick meal that feels indulgent without any processed ingredients.

### Ingredients

#### For the Chicken Teriyaki:
- 300g boneless, skinless chicken thighs, thinly sliced
- 2 tbsp coconut aminos (a paleo-friendly soy sauce alternative)
- 1 tbsp raw honey or maple syrup
- 1 tbsp rice vinegar
- 1 tsp fresh ginger, grated
- 1 garlic clove, minced
- 1 tsp sesame oil (optional for flavor)
- 1 tbsp water
- 1 tsp arrowroot starch (optional, for thickening)

#### For Wraps and Garnish:
- 8 large butter lettuce leaves or romaine leaves, washed and dried
- 1 small carrot, julienned
- 1 small cucumber, thinly sliced
- 2 spring onions, sliced thin
- 1 tbsp toasted sesame seeds (optional)
- Fresh cilantro for garnish (optional)

### Instructions

1. **Make the Teriyaki Sauce:** In a small bowl, whisk together the coconut aminos, honey or maple syrup, rice vinegar, ginger, garlic, sesame oil (if using), and water. If you want a thicker sauce, mix the arrowroot starch with a little cold water and add it to the sauce mixture.
2. **Cook the Chicken:** Heat a non-stick skillet over medium heat. Add the chicken slices and pour half the teriyaki sauce over it. Cook for around 6-8 minutes, stirring occasionally, until the chicken is cooked through and the sauce is slightly thickened. Add more sauce as desired.
3. **Prepare Lettuce Wraps:** Arrange the butter lettuce leaves on a plate. Place a handful of cooked chicken in each leaf.
4. **Add Fresh Vegetables:** Top the chicken with julienned carrot, cucumber slices, and spring onions for crunch and freshness.
5. **Garnish:** Sprinkle with toasted sesame seeds and fresh cilantro if you like an herbal touch.

### Serving Size

This recipe serves 2 people.

---

**Fun Tip:** For extra crunch and zing, squeeze a little fresh lime juice on top of your wraps just before serving—it brightens the flavors beautifully! Itadakimasu!",True,,16_12,16,PASS,"The recipe for Paleo-Inspired Chicken Teriyaki Lettuce Wraps adheres to the paleo dietary restriction. It uses coconut aminos as a soy sauce alternative, which is suitable for paleo diets. The sweetener options, raw honey or maple syrup, are both acceptable in moderation on a paleo diet. The recipe avoids grains, legumes, dairy, refined sugar, and processed foods, which aligns with paleo guidelines. The use of fresh vegetables and natural ingredients further supports its compliance with the paleo diet. The optional use of sesame oil and sesame seeds is generally considered acceptable in paleo diets, though some strict interpretations might avoid them. However, they are not central to the recipe and are optional.",HIGH,True
Trying to eat more vegetarian stuff—got any easy dinner recipes that don’t take forever?,vegetarian,"## Quick and Delicious Yasai Itame (Japanese Stir-Fried Vegetables)

A vibrant, speedy stir-fry packed with fresh vegetables and savory soy flavors, perfect for a nutritious vegetarian dinner in under 20 minutes!

### Ingredients

- 1 tbsp sesame oil
- 1 small carrot, julienned
- 1/2 bell pepper (red or yellow), thinly sliced
- 100g shiitake mushrooms, sliced
- 1/2 small onion, thinly sliced
- 1 cup bok choy or spinach, chopped
- 2 garlic cloves, minced
- 1 tbsp ginger, grated
- 2 tbsp soy sauce (use tamari for gluten-free)
- 1 tbsp mirin (optional for a touch of sweetness)
- 1 tsp toasted sesame seeds, for garnish
- Cooked short-grain rice or udon noodles, to serve

### Instructions

1. **Prep the veggies:** Wash and slice all your vegetables as described. Having everything ready keeps the cooking quick.
2. **Heat the pan:** Warm the sesame oil in a large skillet or wok over medium-high heat.
3. **Sauté aromatics:** Add minced garlic and grated ginger to the pan. Stir for about 30 seconds until fragrant but not browned.
4. **Cook the vegetables:** Toss in the carrots, bell pepper, mushrooms, and onion. Stir-fry for about 5-7 minutes, mixing frequently, until vegetables are tender but still crisp.
5. **Add greens and season:** Add the bok choy or spinach and cook for another 1-2 minutes until wilted.
6. **Season:** Pour in soy sauce and mirin, stirring well to coat the veggies evenly.
7. **Serve:** Transfer the stir-fry onto plates with steamed rice or noodles on the side. Sprinkle sesame seeds on top for a nutty crunch.

### Serving Size

Serves 2 people.

---

**Fun Tip:** For extra protein, toss in some cubed tofu or a handful of edamame beans when you add the harder vegetables. It keeps this meal fulfilling and vegetarian-friendly! Itadakimasu!",True,,13_1,13,PASS,"The recipe for Quick and Delicious Yasai Itame adheres to the vegetarian dietary restriction. It includes only plant-based ingredients such as vegetables, soy sauce, and optional mirin. The recipe suggests serving with rice or udon noodles, both of which are vegetarian. Additionally, the fun tip suggests adding tofu or edamame for extra protein, both of which are vegetarian-friendly. There are no ingredients or methods that violate the vegetarian restriction, as no meat or fish is included.",HIGH,True
Looking for a simple vegetarian dinner recipe that’s filling and not too complicated—got any ideas?,vegetarian,"## Hearty Miso Eggplant Donburi

A simple, comforting vegetarian Japanese rice bowl featuring tender miso-glazed eggplant that's satisfyingly filling and easy to prepare—a perfect cozy dinner!

### Ingredients

- 2 small eggplants (about 300g), cut into bite-sized chunks
- 2 tbsp white miso paste
- 1 tbsp mirin (sweet rice wine)
- 1 tbsp soy sauce (use tamari for gluten-free)
- 1 tbsp sesame oil
- 1 tsp sugar
- 1 garlic clove, minced
- 1 tsp grated fresh ginger
- 1 cup cooked Japanese short-grain rice (about 200g)
- 2 green onions, thinly sliced
- Toasted sesame seeds, for garnish
- Optional: shredded nori seaweed or pickled ginger, for topping

### Instructions

1. **Prepare the Miso Glaze:** In a small bowl, combine miso paste, mirin, soy sauce, sugar, minced garlic, and grated ginger. Stir until smooth and set aside.
2. **Cook the Eggplant:** Heat sesame oil in a large skillet over medium heat. Add the eggplant pieces and sauté for about 5 minutes until they start to soften and brown.
3. **Add the Glaze:** Reduce heat to low, pour the miso glaze over the eggplants, and gently toss to coat evenly. Cover the skillet and let the eggplant simmer in the glaze for another 5-7 minutes until tender and flavors meld.
4. **Warm the Rice:** While the eggplant simmers, warm your cooked Japanese rice in a microwave or steamer until hot.
5. **Assemble Donburi:** Divide the rice between two bowls. Spoon the miso-glazed eggplant generously over the rice.
6. **Garnish and Serve:** Sprinkle sliced green onions and toasted sesame seeds on top. Add shredded nori or pickled ginger if desired for extra flavor.

### Serving Size

This recipe serves 2 people.

---

**Fun Tip:** For an added protein boost, try topping your donburi with a soft-boiled egg or a handful of steamed edamame. It’s a great way to keep the dish vegetarian but extra hearty! Itadakimasu!",True,,15_13,15,PASS,"The recipe for Hearty Miso Eggplant Donburi adheres to the vegetarian dietary restriction. It includes ingredients such as eggplant, miso paste, mirin, soy sauce, sesame oil, sugar, garlic, ginger, rice, green onions, and sesame seeds, all of which are suitable for a vegetarian diet. The optional toppings, shredded nori seaweed and pickled ginger, are also vegetarian-friendly. The suggestion to add a soft-boiled egg or steamed edamame for extra protein is consistent with vegetarian guidelines, as eggs and legumes are allowed. There are no ingredients or methods in the recipe that violate the vegetarian restriction.",HIGH,True
Looking for some easy gluten free dinner ideas that my whole family will actually enjoy!,gluten-free,"## Gluten-Free Chicken Katsu Curry

Dive into a comforting and crispy Japanese classic—chicken katsu perfectly fried and topped with a rich, flavorful gluten-free curry sauce that your whole family will love.

### Ingredients

#### For Chicken Katsu:
- 2 boneless, skinless chicken breasts (about 300g each)
- Salt and black pepper, to taste
- 1/2 cup gluten-free all-purpose flour
- 2 large eggs, beaten
- 1 cup gluten-free panko breadcrumbs
- Vegetable oil, for frying

#### For Curry Sauce:
- 1 tbsp vegetable oil
- 1 medium onion, finely chopped
- 1 medium carrot, diced
- 2 medium potatoes, peeled and diced
- 2 cups chicken broth (gluten-free)
- 100g gluten-free Japanese curry roux blocks (available in many Asian stores)
- 1 tsp grated ginger
- 1 tbsp gluten-free soy sauce (tamari)
- Salt and pepper, to taste

### Instructions

1. **Prepare the Chicken:** Butterfly each chicken breast by slicing horizontally (do not cut all the way through). Pound gently to even out thickness (about 1 cm thick). Season with salt and pepper.
2. **Coat the Chicken:** Place flour, beaten eggs, and gluten-free panko in separate shallow dishes. Dredge each chicken piece in flour, then dip in eggs, and coat thoroughly with panko breadcrumbs.
3. **Fry the Chicken:** Heat vegetable oil in a large skillet over medium heat (enough to shallow fry). Fry chicken on each side for about 3-4 minutes or until golden brown and cooked through. Transfer to a plate lined with paper towels to drain excess oil.
4. **Make the Curry Sauce:** In a saucepan, heat 1 tbsp oil over medium heat. Add onions, carrot, and potatoes. Sauté until onions are translucent (about 5 minutes).
5. **Simmer:** Add grated ginger and chicken broth, bring to a boil, then reduce heat and simmer until vegetables are tender (about 15 minutes).
6. **Add Curry Roux:** Break the curry roux blocks into pieces and stir them in until dissolved, thickening the sauce. Add gluten-free soy sauce and season with salt and pepper as needed.
7. **Serve:** Slice chicken katsu into strips, place on a plate, and generously ladle curry sauce over the top. This goes perfectly with steamed white rice or gluten-free rice noodles.

### Serving Size

Serves 2 people.

---

**Fun Tip:** For extra crunch, serve with shredded cabbage and a drizzle of gluten-free tonkatsu sauce or a tangy drizzle of lemon—both brightens up the rich flavors! Itadakimasu!",True,,6_6,6,PASS,"The recipe for Gluten-Free Chicken Katsu Curry adheres to the gluten-free dietary restriction. The recipe explicitly uses gluten-free all-purpose flour, gluten-free panko breadcrumbs, gluten-free chicken broth, gluten-free Japanese curry roux blocks, and gluten-free soy sauce (tamari). These substitutions ensure that no gluten-containing ingredients are used. The preparation methods, such as frying and simmering, do not introduce any gluten. The recipe avoids any wheat, barley, rye, or other gluten-containing grains, making it suitable for a gluten-free diet.",HIGH,True
Trying to eat more vegetarian stuff—got any easy dinner recipes that don’t take forever?,vegetarian,"## Quick and Flavorful Miso Eggplant Stir-Fry

Experience a savory and satisfying vegetarian Japanese dish that features tender eggplant glazed in a rich miso sauce, perfect for a quick and easy dinner under 30 minutes!

### Ingredients

- 2 medium Japanese eggplants, cut into bite-sized pieces
- 1 tbsp vegetable oil
- 2 cloves garlic, minced
- 1 tsp fresh ginger, grated
- 2 tbsp white miso paste
- 1 tbsp soy sauce (or tamari for gluten-free)
- 1 tbsp mirin (sweet rice wine)
- 1 tsp sugar or honey
- 1/4 cup water
- 2 spring onions, sliced
- 1 tsp toasted sesame seeds (optional)
- Cooked steamed rice, for serving

### Instructions

1. **Prepare the Sauce:** In a small bowl, mix together the miso paste, soy sauce, mirin, sugar, and water until smooth; set aside.
2. **Cook the Eggplant:** Heat the vegetable oil in a large skillet or wok over medium-high heat. Add the eggplant pieces and stir-fry for about 5-7 minutes until they begin to soften and turn golden.
3. **Add Aromatics:** Add the minced garlic and grated ginger to the pan; stir-fry for another 1-2 minutes until fragrant.
4. **Add the Sauce:** Pour the miso sauce over the eggplant, stirring well to coat the pieces evenly. Simmer for 3-4 minutes, allowing the eggplant to absorb the flavors and the sauce to thicken slightly.
5. **Garnish and Serve:** Remove from heat, sprinkle with sliced spring onions and toasted sesame seeds if using. Serve immediately over steamed rice.

### Serving Size

This recipe serves 2 people.

---

**Fun Tip:** To add some extra texture, try tossing in some roasted cashews or chopped peanuts on top right before serving—it adds a delightful crunch! Itadakimasu!",True,,13_8,13,PASS,"The recipe for Quick and Flavorful Miso Eggplant Stir-Fry adheres to the vegetarian dietary restriction. It does not include any meat or fish, and it allows for the use of dairy and eggs, though neither is present in this recipe. The ingredients listed, such as eggplant, vegetable oil, garlic, ginger, miso paste, soy sauce, mirin, sugar or honey, water, spring onions, and sesame seeds, are all suitable for a vegetarian diet. The cooking method of stir-frying and serving over rice is also appropriate for a vegetarian meal. The suggestion to add roasted cashews or chopped peanuts is optional and does not affect the vegetarian status of the dish.",HIGH,True
"Looking for some easy pescatarian lunch recipes, nothing too fancy just good and quick.",pescatarian,"## Simple Teriyaki Salmon Rice Bowl

This quick and easy Teriyaki Salmon Rice Bowl offers a deliciously sweet and savory glaze over tender salmon, paired with fresh veggies and fluffy rice — perfect for a satisfying pescatarian lunch in under 30 minutes!

### Ingredients

- 2 salmon fillets (about 150g each), skin-on
- 2 tbsp soy sauce (or tamari for gluten-free)
- 1 tbsp mirin (sweet rice wine)
- 1 tbsp sake (optional, or substitute with water)
- 1 tbsp brown sugar
- 1 tsp grated fresh ginger
- 1 tsp sesame oil
- 1 cup cooked Japanese short-grain rice (preferably warm)
- 1/2 cup shredded carrots
- 1/2 cup cucumber, thinly sliced
- 1/2 avocado, sliced
- 1 tbsp toasted sesame seeds
- 1 small bunch green onions, thinly sliced
- Pickled ginger (optional, for garnish)

### Instructions

1. **Prepare Teriyaki Sauce:** In a small bowl, whisk together soy sauce, mirin, sake (or water), brown sugar, and grated ginger until sugar dissolves. Set aside.
2. **Cook Salmon:** Heat sesame oil in a non-stick skillet over medium heat. Place salmon fillets skin-side down and cook for 4-5 minutes until skin is crispy.
3. **Glaze Salmon:** Flip salmon carefully and pour teriyaki sauce over the fillets. Cook for another 3-4 minutes, spooning sauce over the salmon until cooked through and nicely glazed. Remove from heat.
4. **Assemble Bowl:** Divide the warm cooked rice into two bowls. Top each with teriyaki-glazed salmon, shredded carrots, cucumber slices, and avocado.
5. **Garnish:** Sprinkle with toasted sesame seeds and chopped green onions. Add pickled ginger on the side for a refreshing contrast.
6. **Serve:** Enjoy immediately while warm.

### Serving Size

Serves 2 people.

---

**Fun Tip:** For a bit of zing, drizzle a little spicy mayo (mayonnaise mixed with Sriracha) over the bowl for a creamy kick! Itadakimasu!",True,,28_8,28,PASS,"The recipe for Simple Teriyaki Salmon Rice Bowl adheres to the pescatarian dietary restriction. Pescatarians can consume fish and seafood, and this recipe features salmon as the main protein source. The other ingredients, such as soy sauce, mirin, sake, brown sugar, ginger, sesame oil, rice, carrots, cucumber, avocado, sesame seeds, and green onions, are all plant-based and do not include any meat other than fish. The optional use of sake, a type of rice wine, does not violate pescatarian guidelines. The preparation method involves cooking the salmon and assembling the bowl with vegetables and rice, which is consistent with pescatarian practices.",HIGH,True
"Hey, can you suggest some tasty low-sodium dinner ideas? Trying to keep my salt intake down.",low-sodium,"## Miso Glazed Eggplant with Steamed Rice and Spinach Salad (Low-Sodium)

Discover a flavorful, low-sodium Japanese dinner featuring tender miso-glazed eggplant paired with fluffy steamed rice and a refreshing spinach salad with tangy yuzu dressing — perfect for a healthy evening meal without the salt overload!

### Ingredients

#### For Miso Glazed Eggplant:
- 2 medium Japanese eggplants, halved lengthwise
- 2 tbsp low-sodium white miso paste
- 1 tbsp mirin (sweet rice wine)
- 1 tbsp sake (optional, can substitute with water)
- 1 tsp maple syrup or honey
- 1 tsp grated fresh ginger
- 1 tbsp vegetable oil

#### For Steamed Rice:
- 1 cup Japanese short-grain rice
- 1 1/4 cups water

#### For Spinach Salad with Yuzu Dressing:
- 100g fresh baby spinach leaves, washed and drained
- 1 tbsp fresh yuzu juice (or substitute with half lemon, half orange juice)
- 1 tsp rice vinegar (unseasoned)
- 1 tsp sesame oil
- 1 tsp toasted sesame seeds
- 1/2 tsp grated carrot (optional, for color and texture)

### Instructions

1. **Cook the Rice:** Rinse the rice under cold water until water runs clear. Combine rice and water in a pot, cover, and bring to a boil over medium-high heat. Once boiling, reduce heat to low and simmer for 15 minutes. Turn off heat and let rice steam, covered, for another 10 minutes.

2. **Prepare Miso Glaze:** In a small bowl, whisk together white miso paste, mirin, sake (or water), maple syrup, and grated ginger until smooth.

3. **Prepare Eggplant:** Score the flesh of each eggplant half in a crisscross pattern without piercing the skin. Heat vegetable oil in a large skillet over medium heat. Place the eggplant halves cut side down and cook for 4-5 minutes until browned.

4. **Glaze Eggplant:** Flip the eggplants cut side up, spread the miso glaze evenly on each half, cover the skillet with a lid, and cook another 6-8 minutes on low until eggplants are tender and glaze is slightly caramelized.

5. **Make Spinach Salad:** In a small bowl, whisk yuzu juice, rice vinegar, and sesame oil. Toss the spinach leaves and grated carrot in the dressing just before serving. Sprinkle with toasted sesame seeds.

6. **Serve:** Plate a serving of steamed rice alongside the miso-glazed eggplant halves and a small portion of the spinach salad.

### Serving Size

This recipe serves 2 people.

---

**Fun Tip:** To add a little extra umami depth without salt, sprinkle chopped nori (seaweed) flakes over the eggplant just before serving! It’s a tasty, natural flavor booster. Itadakimasu!",True,,35_3,35,PASS,"The recipe is designed to be low-sodium, and it uses low-sodium white miso paste, which is a good choice for reducing sodium content compared to regular miso paste. The use of mirin and sake is typical in Japanese cuisine, and while they do contain some sodium, the amounts used are minimal. The recipe avoids adding any additional salt, and the use of fresh ingredients like eggplant, spinach, and yuzu juice helps maintain a low sodium profile. The recipe also suggests using water instead of sake if desired, which can further reduce sodium content. Overall, the recipe adheres to the low-sodium dietary restriction by carefully selecting ingredients and avoiding high-sodium condiments.",HIGH,True
Looking for some tasty kosher dinner ideas that aren’t too complicated—got any favorites?,kosher,"## Miso Glazed Salmon with Steamed Rice and Sautéed Spinach

Dive into a simple yet flavorful kosher Japanese-inspired dinner featuring tender salmon glazed with a sweet and savory miso sauce, paired with fluffy steamed rice and vibrant sautéed spinach for a wholesome, easy meal.

### Ingredients

#### For Miso Glazed Salmon:
- 2 salmon fillets (about 150g each), skin on or off as preferred
- 2 tbsp white miso paste (check for kosher certification)
- 1 tbsp mirin (sweet rice wine)
- 1 tbsp sake (optional, or substitute with water)
- 1 tbsp sugar or honey
- 1 tsp soy sauce (use kosher-certified tamari for gluten-free)
- 1 tsp sesame oil

#### For Steamed Rice:
- 1 cup Japanese short-grain rice
- 1 1/4 cups water

#### For Sautéed Spinach:
- 200g fresh spinach, washed
- 1 tbsp vegetable or olive oil
- 1 garlic clove, minced
- Salt, to taste

### Instructions

1. **Prepare the Rice:** Rinse the rice under cold water until the water runs clear. Combine rice and water in a pot, bring to a boil, then reduce heat to low and cover tightly. Cook for 15 minutes without lifting the lid. Remove from heat and let stand, covered, for another 10 minutes.
2. **Make Miso Glaze:** In a small bowl, mix the miso paste, mirin, sake (or water), sugar, soy sauce, and sesame oil until well combined.
3. **Glaze the Salmon:** Place salmon fillets on a baking tray lined with foil or parchment. Brush the miso glaze generously over the top of each fillet.
4. **Cook Salmon:** Preheat your oven to 200°C (390°F). Bake the salmon for 10-12 minutes until cooked through and caramelized on top. Alternatively, you can broil it for 5-7 minutes, watching closely to avoid burning.
5. **Sauté Spinach:** Heat oil in a large skillet over medium heat. Add minced garlic and sauté for 30 seconds until fragrant. Add spinach and sauté quickly until wilted, about 2-3 minutes. Season with a little salt.
6. **Serve:** Plate the miso-glazed salmon with a scoop of steamed rice and a side of garlic sautéed spinach.

### Serving Size

This recipe serves 2 people.

---

**Fun Tip:** Try garnishing your salmon with toasted sesame seeds or finely chopped green onions for extra color and flavor. This glaze is also fantastic on vegetables like eggplant or mushrooms! Itadakimasu!",True,,46_4,46,PASS,"The recipe for Miso Glazed Salmon with Steamed Rice and Sautéed Spinach is evaluated for adherence to kosher dietary restrictions. The primary concern in kosher cooking is ensuring that all ingredients are kosher-certified and that meat and dairy are not mixed. The recipe uses salmon, which is a kosher fish, and there is no mention of dairy products, so there is no issue of mixing meat and dairy. The miso paste, mirin, sake, sugar or honey, soy sauce, and sesame oil must all be kosher-certified. The recipe suggests checking for kosher certification on the miso paste and using kosher-certified tamari for a gluten-free option, which is appropriate. The use of sake is optional, and if used, it must be kosher-certified or substituted with water. The recipe does not include any non-kosher ingredients such as pork or shellfish. Therefore, assuming all ingredients are kosher-certified, the recipe adheres to kosher dietary laws.",HIGH,True
"Hey, I’m doing Whole30 and could use some easy dinner ideas that won’t mess up the plan. Got any good recipes?",whole30,"## Whole30 Compliant Ginger Miso Glazed Salmon with Sautéed Greens

This vibrant and easy-to-make salmon dish features a tangy, Whole30-friendly ginger miso glaze paired with quickly sautéed leafy greens, delivering a nutritious and satisfying dinner that fits perfectly into your Whole30 plan.

### Ingredients

#### For the Salmon:
- 2 salmon fillets (about 150g each)
- 2 tbsp coconut aminos (Whole30-approved soy substitute)
- 1 tbsp white miso paste (make sure it’s no sugar, no additives)
- 1 tbsp fresh ginger, grated
- 1 garlic clove, minced
- 1 tbsp avocado oil or olive oil
- 1 tsp lemon juice
- Freshly ground black pepper, to taste

#### For the Sautéed Greens:
- 1 tbsp avocado oil
- 3 cups baby spinach or mixed leafy greens
- 1 garlic clove, minced
- Salt, to taste
- 1 tbsp toasted sesame seeds (optional for garnish)

### Instructions

1. **Make the Ginger Miso Glaze:** In a small bowl, combine coconut aminos, white miso paste, grated ginger, minced garlic, avocado oil, and lemon juice. Whisk until smooth.
2. **Prepare the Salmon:** Pat salmon fillets dry with paper towels. Season lightly with black pepper.
3. **Glaze the Salmon:** Brush the ginger miso glaze generously over both sides of the salmon fillets.
4. **Cook the Salmon:** Heat a non-stick skillet over medium heat. Place the salmon fillets skin-side down and cook for about 4-5 minutes until the skin is crisp.
5. **Flip and Finish:** Gently flip the salmon and cook for another 3-4 minutes, basting occasionally with remaining glaze, until salmon is cooked through but still tender.
6. **Sauté the Greens:** While the salmon cooks, heat avocado oil in another skillet over medium heat. Add garlic and sauté until fragrant, about 30 seconds.
7. **Add Greens:** Toss in the baby spinach or mixed greens and sauté until wilted, about 2-3 minutes. Season lightly with salt.
8. **Serve:** Plate the salmon alongside the sautéed greens. Sprinkle sesame seeds on the greens if desired for extra texture and flavor.

### Serving Size

This recipe serves 2 people.

---

**Fun Tip:** For an extra burst of freshness, squeeze a bit of lime over the salmon just before serving! It beautifully balances the miso’s richness. Itadakimasu!",True,,33_8,33,FAIL,"The recipe for Ginger Miso Glazed Salmon with Sautéed Greens is intended to be Whole30 compliant. However, it includes white miso paste, which is made from fermented soybeans and often contains rice or barley, both of which are not allowed on the Whole30 program. Whole30 prohibits all forms of soy, including miso. While the recipe suggests ensuring the miso paste has no sugar or additives, the primary issue is the soy content itself, which violates the Whole30 guidelines. All other ingredients, such as coconut aminos, avocado oil, and the use of fresh greens, are compliant with Whole30. However, due to the inclusion of miso paste, the recipe does not fully adhere to the Whole30 dietary restriction.",HIGH,True
"Hey, can you suggest some tasty low-sodium dinner ideas? Trying to keep my salt intake down.",low-sodium,"## Miso-Glazed Eggplant with Quinoa and Steamed Vegetables (Low-Sodium)

Experience the umami-rich flavor of miso combined with tender roasted eggplant, paired with fluffy quinoa and fresh steamed vegetables—this low-sodium dinner is both satisfying and heart-healthy!

### Ingredients

- 2 medium Japanese eggplants, halved lengthwise
- 2 tbsp white miso paste (use low-sodium if available)
- 1 tbsp mirin (sweet rice wine)
- 1 tsp sesame oil
- 1 tsp freshly grated ginger
- 1 cup quinoa, rinsed
- 2 cups water
- 1 small broccoli head, cut into florets
- 1 medium carrot, sliced diagonally
- 100g snap peas, trimmed
- 1 tsp toasted sesame seeds (optional)
- Fresh shiso leaves or chopped green onions for garnish

### Instructions

1. **Cook the Quinoa:** In a medium saucepan, bring 2 cups of water to a boil. Add rinsed quinoa, reduce heat to low, cover, and simmer for 15 minutes or until water is absorbed. Remove from heat and let sit, covered, for 5 minutes. Fluff with a fork.
2. **Prepare Miso Glaze:** In a small bowl, mix white miso paste, mirin, sesame oil, and grated ginger until smooth.
3. **Roast the Eggplant:** Preheat oven to 400°F (200°C). Place eggplant halves cut-side up on a baking tray lined with parchment paper. Spread the miso glaze evenly over the cut surfaces.
4. **Bake Eggplant:** Roast for 20-25 minutes, until the flesh is tender and caramelized.
5. **Steam Vegetables:** While the eggplant bakes, steam broccoli, carrots, and snap peas until tender but still crisp, about 5-7 minutes.
6. **Serve:** Divide the quinoa between two plates. Arrange the miso-glazed eggplant and steamed vegetables alongside. Sprinkle with toasted sesame seeds and garnish with shiso leaves or green onions.
   
### Serving Size

Serves 2 people.

---

**Fun Tip:** For an extra layer of flavor without sodium, sprinkle freshly toasted nori flakes over your dish just before eating—it adds a lovely oceanic note! Itadakimasu!",True,,35_8,35,FAIL,"The recipe is labeled as low-sodium, but it includes white miso paste and mirin, both of which can be high in sodium. While the recipe suggests using low-sodium miso paste if available, it does not guarantee that the miso paste used will be low-sodium. Additionally, mirin, a sweet rice wine, can also contain sodium. The rest of the ingredients, such as quinoa, vegetables, and sesame oil, are generally low in sodium. However, the presence of miso paste and mirin without a clear specification of their sodium content makes it difficult to confidently classify this recipe as low-sodium. Therefore, the recipe does not strictly adhere to the low-sodium dietary restriction.",HIGH,True
"Looking for some easy vegan lunch ideas that aren’t just salad, any good recipes?",vegan,"## Vegan Japanese Curry Udon Noodles

Dive into a warm, comforting bowl of rich and fragrant vegan Japanese curry udon—thick noodles swimming in a mildly spicy, savory curry broth packed with veggies, perfect for a filling lunch that’s anything but salad!

### Ingredients

- 200g udon noodles (fresh or frozen)
- 1 tbsp vegetable oil
- 1 small onion, thinly sliced
- 2 garlic cloves, minced
- 1 small carrot, sliced diagonally
- 1 medium potato, peeled and diced
- 100g shiitake mushrooms, sliced
- 1/2 cup diced pumpkin or kabocha squash
- 3 cups vegetable broth (low sodium)
- 2 tbsp Japanese curry roux (check for vegan-friendly brands, or make your own)
- 1 tbsp soy sauce or tamari (for gluten-free)
- 1 tsp grated ginger
- 1 tbsp mirin (optional)
- Salt and pepper to taste
- Chopped green onions for garnish
- Shichimi togarashi (Japanese seven-spice, optional for a kick)

### Instructions

1. **Cook Udon Noodles:** Prepare the udon noodles according to package instructions. Drain and set aside.
2. **Sauté Vegetables:** In a large pot, heat vegetable oil over medium heat. Add onion and sauté until translucent, about 3-4 minutes. Add garlic and ginger; cook for 1 minute until fragrant.
3. **Add Root Veggies:** Toss in carrot, potato, pumpkin, and shiitake mushrooms. Stir well and cook for 3-4 minutes.
4. **Simmer with Broth:** Pour in vegetable broth, soy sauce, and mirin. Bring to a boil, then reduce heat and simmer gently for 15-20 minutes until vegetables are tender.
5. **Melt Curry Roux:** Break the curry roux into pieces and stir into the simmering pot. Stir well until the curry sauce thickens and coats the vegetables nicely.
6. **Season and Adjust:** Taste your curry broth and adjust salt or soy sauce as needed.
7. **Assemble the Bowl:** Divide cooked udon noodles into two bowls. Ladle the curry vegetable mixture with plenty of broth over the noodles.
8. **Garnish and Serve:** Sprinkle chopped green onions and a pinch of shichimi togarashi for a subtle heat if you like.

### Serving Size

This recipe serves 2 people.

---

**Fun Tip:** Leftover curry sauce makes a fantastic dipping sauce for tempura or steamed veggies—try making some crispy vegetable tempura for an extra treat! Itadakimasu!",True,,3_9,3,PASS,"The recipe for Vegan Japanese Curry Udon Noodles adheres to the vegan dietary restriction. All ingredients listed are plant-based, including the udon noodles, vegetables, and seasonings. The recipe specifically mentions checking for vegan-friendly brands of Japanese curry roux, which is crucial as some curry roux may contain animal-derived ingredients. The use of vegetable broth, soy sauce, and optional mirin are all compatible with a vegan diet. The cooking methods, such as sautéing and simmering, do not involve any non-vegan processes. Therefore, the recipe is suitable for a vegan diet.",HIGH,True
"Hey, do you have any easy vegan recipes for a weeknight dinner? Something quick and tasty would be great!",vegan,"## Quick Vegan Japanese Yasai Itame (Stir-Fried Vegetables)

Bright, colorful, and packed with savory umami flavors, this quick vegan Yasai Itame is the perfect weeknight dinner that comes together in under 20 minutes and is delightfully healthy and satisfying.

### Ingredients

- 1 tbsp sesame oil
- 2 garlic cloves, minced
- 1-inch piece ginger, grated
- 1 small onion, thinly sliced
- 1 medium carrot, julienned
- 1 small bell pepper (red or yellow), thinly sliced
- 100g shiitake mushrooms, sliced
- 100g broccoli florets
- 100g snap peas, trimmed
- 2 tbsp soy sauce (or tamari for gluten-free)
- 1 tbsp mirin
- 1 tsp toasted sesame seeds, for garnish
- 2 spring onions, finely chopped, for garnish
- Cooked white or brown rice, to serve (optional)

### Instructions

1. **Prepare Ingredients:** Have all vegetables washed, sliced, and ready to go as this stir-fry cooks quickly.
2. **Heat Oil:** Warm sesame oil in a large skillet or wok over medium-high heat.
3. **Sauté Aromatics:** Add minced garlic and grated ginger, and stir-fry for about 30 seconds until fragrant but not browned.
4. **Cook Vegetables:** Toss in the onion, carrot, bell pepper, mushrooms, broccoli, and snap peas. Stir-fry continuously for 5-7 minutes, or until the vegetables are crisp-tender but still vibrant.
5. **Add Seasonings:** Pour in soy sauce and mirin, stirring to coat all the vegetables evenly. Cook for another 1-2 minutes so the sauce reduces slightly.
6. **Finish and Serve:** Remove from heat and sprinkle with toasted sesame seeds and chopped spring onions. Serve hot with steamed rice if desired.

### Serving Size

This recipe serves 2 people.

---

**Fun Tip:** To add a little extra protein, toss in some cubed firm tofu or edamame during the stir-fry for a heartier meal. The mirin adds a delicate sweetness that balances the savory soy, making this dish totally crave-worthy! Itadakimasu!",True,,1_3,1,PASS,"The recipe for Quick Vegan Japanese Yasai Itame adheres to the vegan dietary restriction. All the ingredients listed, including sesame oil, garlic, ginger, onion, carrot, bell pepper, shiitake mushrooms, broccoli, snap peas, soy sauce, mirin, sesame seeds, and spring onions, are plant-based and do not include any animal products. The optional suggestion to add tofu or edamame for extra protein is also vegan-friendly. The cooking methods described do not involve any non-vegan practices. Therefore, the recipe is suitable for a vegan diet.",HIGH,True
Got any nut-free dinner ideas? My kid’s allergic and I wanna try something new.,nut-free,"## Chicken Teriyaki Donburi (Nut-Free, Kid-Friendly)

Discover a comforting bowl of tender chicken glazed in a sweet and savory teriyaki sauce, served over steamed rice—a perfect nut-free dinner that kids will love and enjoy!

### Ingredients

#### For Chicken Teriyaki:
- 300g boneless, skinless chicken thighs, cut into bite-sized pieces
- 3 tbsp soy sauce (ensure nut-free brand)
- 2 tbsp mirin (sweet rice wine)
- 1 tbsp sake (optional, or substitute with water)
- 1 tbsp sugar
- 1 garlic clove, minced
- 1 tsp fresh ginger, grated
- 1 tbsp vegetable oil

#### For Serving:
- 1 cup Japanese short-grain rice
- 2 tbsp chopped green onions
- Pickled ginger (optional), for garnish

### Instructions

1. **Cook the Rice:** Rinse the rice under cold water until clear, then cook according to package instructions or in a rice cooker. Keep warm.
2. **Prepare Teriyaki Sauce:** In a small bowl, mix soy sauce, mirin, sake, sugar, garlic, and ginger until sugar dissolves.
3. **Cook Chicken:** Heat vegetable oil in a non-stick skillet over medium heat. Add the chicken pieces and cook, stirring occasionally, until browned and cooked through (about 6-8 minutes).
4. **Add Sauce:** Pour the teriyaki sauce mixture over the chicken in the skillet. Simmer for 3-5 minutes, stirring frequently, until the sauce thickens and coats the chicken beautifully.
5. **Assemble Donburi:** Divide the cooked rice into two bowls. Top with the glazed teriyaki chicken.
6. **Garnish:** Sprinkle with chopped green onions and add a small amount of pickled ginger, if desired, for a zesty contrast.

### Serving Size

This recipe serves 2 people.

---

**Fun Tip:** You can sneak in some finely chopped steamed vegetables like carrots or broccoli into the teriyaki sauce for extra nutrition if your kid is open to it. Enjoy the cozy flavors! Itadakimasu!",True,,22_13,22,PASS,"The recipe for Chicken Teriyaki Donburi adheres to the nut-free dietary restriction. The ingredients listed, such as chicken, soy sauce, mirin, sake, sugar, garlic, ginger, vegetable oil, rice, green onions, and pickled ginger, do not include any tree nuts or peanuts. The recipe also specifies using a nut-free brand of soy sauce, which is important as some soy sauces may be processed in facilities that handle nuts. The preparation methods do not introduce any risk of cross-contamination with nuts, assuming that all kitchen equipment and surfaces are properly cleaned and free from nut residues. Therefore, the recipe is suitable for someone with a nut allergy.",HIGH,True
"Looking for some easy raw vegan snacks I can prep quickly, any suggestions?",raw vegan,"## Fresh Edamame and Seaweed Salad

Dive into a light and refreshing raw vegan snack inspired by traditional Japanese flavors, ready in minutes and packed with nutrients!

### Ingredients

- 150g fresh edamame pods (raw, shelled)
- 10g dried wakame seaweed
- 1 tbsp rice vinegar
- 1 tsp toasted sesame oil
- 1 tsp tamari or soy sauce (use gluten-free if preferred)
- 1/2 tsp maple syrup or agave nectar
- 1 small cucumber, thinly sliced
- 1 tbsp toasted sesame seeds
- 1 spring onion, finely chopped

### Instructions

1. **Prepare Wakame:** Soak the dried wakame seaweed in cold water for about 10 minutes until rehydrated and expanded. Drain and gently squeeze out excess water.
2. **Steam or Blanch Edamame:** For a raw vegan version strictly uncooked, you can use raw, shelled edamame if available; otherwise, briefly blanch the edamame in hot water for 2-3 minutes, then cool immediately in ice water to keep it crisp.
3. **Make Dressing:** In a small bowl, whisk together rice vinegar, toasted sesame oil, tamari, and maple syrup until well combined.
4. **Assemble:** In a mixing bowl, combine the edamame, wakame, and cucumber slices. Pour over the dressing and toss gently to coat evenly.
5. **Garnish:** Sprinkle with toasted sesame seeds and chopped spring onion for added flavor and crunch.

### Serving Size

This recipe serves 2 people as a light snack.

---

**Fun Tip:** To add an extra burst of flavor, sprinkle a bit of shichimi togarashi spice mix over the salad for a mild kick that wakes up the palate! Itadakimasu!",True,,26_3,26,FAIL,"The recipe is intended to be raw vegan, but there are several issues that prevent it from fully adhering to the raw vegan dietary restriction. Firstly, the use of toasted sesame oil and toasted sesame seeds is not compliant with raw vegan guidelines, as these ingredients are typically heated above 118°F during processing. Additionally, the recipe suggests blanching the edamame, which involves cooking it in hot water, thus violating the raw aspect of the diet. While the recipe does mention using raw, shelled edamame if available, the inclusion of a cooking method that involves heat is not suitable for a strict raw vegan diet. Furthermore, the use of tamari or soy sauce may also be problematic, as these are often pasteurized or processed at high temperatures, unless specifically labeled as raw. Therefore, the recipe does not fully meet the raw vegan criteria.",HIGH,True
"Looking for some easy nut-free snack ideas, since I have a sensitivity. Any good suggestions?",nut-free,"## Savory Japanese Onigiri (Rice Balls) – Nut-Free Delight!

These easy-to-make Japanese rice balls are a perfect nut-free snack, customizable with delicious fillings, and portable for anytime munching!

### Ingredients

- 2 cups short-grain Japanese rice (sushi rice)
- 2 1/2 cups water
- 1 tsp salt
- 1 sheet nori (seaweed), cut into strips
- 100g cooked salmon flakes (or substitute with cooked tuna or pickled plum “umeboshi” for variety)
- 1 tbsp soy sauce (choose gluten-free if needed)
- 1 tsp sesame seeds (optional, but check sensitivity)
- Plastic wrap for shaping

### Instructions

1. **Rinse the Rice:** Rinse the rice under cold water until the water runs clear to remove excess starch.
2. **Cook the Rice:** Combine rice and water in a rice cooker or pot. Cook according to rice cooker instructions or bring to boil, then simmer covered for 15 minutes on low heat; let rest 10 minutes.
3. **Season the Filling:** In a small bowl, mix cooked salmon flakes with soy sauce for flavor. Set aside.
4. **Prepare for Shaping:** Dampen your hands with water and sprinkle some salt on them to prevent rice from sticking and to season the rice lightly.
5. **Shape the Onigiri:** Take a handful of warm rice, flatten it slightly, place a spoonful of salmon mixture in the center, and then fold and mold the rice around the filling into a triangle or ball shape.
6. **Wrap with Nori:** Wrap the onigiri with a strip of seaweed for extra umami flavor and easy handling.
7. **Serve:** Enjoy immediately or wrap tightly in plastic wrap for a packed snack.

### Serving Size

Makes approximately 6-8 medium onigiri, perfect for 2 people as snacks or small meals.

---

**Fun Tip:** You can experiment with many fillings such as cooked shrimp with a little mayo, grilled vegetables, or plain salted rice for a truly versatile snack line-up. Onigiri is also great lightly grilled for a warm, crispy twist! Itadakimasu!",True,,23_3,23,PASS,"The recipe for Savory Japanese Onigiri adheres to the nut-free dietary restriction. The ingredients listed, such as short-grain Japanese rice, water, salt, nori, cooked salmon flakes, soy sauce, and sesame seeds, do not include any tree nuts or peanuts. The recipe also suggests checking for sensitivity with sesame seeds, which is a good precautionary measure for those with broader seed sensitivities. The preparation methods do not introduce any nut-based products, ensuring the recipe remains nut-free.",HIGH,True
Trying to stay keto—got any easy dinner recipes that won’t blow my carbs for the day?,keto,"## Keto-Friendly Miso-Glazed Black Cod

Treat yourself to a luscious, buttery black cod fillet glazed with a savory miso sauce that's rich in umami but low in carbs—perfect for keeping your keto dinner flavorful and guilt-free.

### Ingredients

- 2 black cod (sablefish) fillets, about 150g each
- 3 tbsp white miso paste (make sure no added sugar)
- 1 tbsp sake
- 1 tbsp mirin (or substitute with a splash of water if strict keto)
- 1 tbsp erythritol or other keto-friendly sweetener
- 1 tsp sesame oil
- 1 tbsp vegetable or avocado oil (for cooking)
- Chopped green onions, for garnish
- Toasted sesame seeds, for garnish
- Steamed or sautéed spinach or bok choy, as a side (optional)

### Instructions

1. **Prepare the Miso Marinade:** In a small bowl, whisk together white miso paste, sake, mirin (or water), erythritol, and sesame oil until smooth.
2. **Marinate the Cod:** Pat dry the black cod fillets with paper towels. Place them in a shallow dish and coat evenly with the miso mixture. Cover and refrigerate for at least 30 minutes, ideally up to 2 hours for maximum flavor.
3. **Preheat Oven:** Preheat your oven to 200°C (400°F). Line a baking tray with parchment paper or lightly oil it.
4. **Bake the Cod:** Remove the cod from the marinade and place on the prepared tray. Spoon any remaining marinade over the fillets. Bake for 10-12 minutes or until the fish is opaque and flakes easily with a fork.
5. **Sear for Finish (Optional):** For an extra caramelized finish, heat oil in a non-stick pan over medium-high heat and sear the cod skin-side down for 1-2 minutes after baking.
6. **Garnish and Serve:** Sprinkle the cod with chopped green onions and toasted sesame seeds. Serve alongside steamed spinach or sautéed bok choy drizzled lightly with soy sauce or tamari for a keto-friendly vegetable side.

### Serving Size

This recipe serves 2 people.

---

**Fun Tip:** If you want an even creamier touch, add a dollop of smooth avocado or some wasabi mayo on the side—it pairs beautifully with the miso flavors and keeps carbs low. Itadakimasu!",True,,8_10,8,PASS,"The recipe for Keto-Friendly Miso-Glazed Black Cod adheres to the keto dietary restriction. The main ingredients, such as black cod, miso paste, and keto-friendly sweetener (erythritol), are low in carbohydrates. The recipe suggests using mirin, which typically contains sugar, but provides an alternative of using water for those strictly following keto. The use of sake is minimal, and its carbohydrate content is negligible in the context of the entire dish. The optional sides, such as spinach or bok choy, are low-carb vegetables suitable for a keto diet. The recipe avoids high-carb ingredients and focuses on high-fat and moderate-protein components, aligning well with keto principles.",HIGH,True
Got any easy raw vegan lunch ideas? I’m trying to keep things simple and fresh.,raw vegan,"I'm glad you're interested in fresh and simple meals! Although I specialize in Japanese or Japanese-inspired recipes, I can suggest a light and refreshing Japanese-inspired raw vegan lunch that is easy to prepare.

## Japanese-Inspired Raw Vegan Summer Roll Salad

Enjoy a crisp, colorful, and refreshing Japanese-inspired summer roll salad loaded with fresh vegetables and a tangy sesame-soy dressing, perfect for a light raw vegan lunch.

### Ingredients

- 2 large nori sheets (roasted seaweed)
- 1 medium carrot, julienned
- 1/2 cucumber, julienned
- 1/2 red bell pepper, thinly sliced
- 1 avocado, sliced
- 4-5 fresh shiso leaves or fresh basil leaves (optional for a Japanese twist)
- 1 small bunch of fresh cilantro or mitsuba (Japanese parsley), chopped
- 2 tbsp toasted sesame seeds
- 1/4 cup shredded daikon radish (optional)

#### For the Dressing:
- 2 tbsp tamari or soy sauce (use gluten-free tamari if needed)
- 1 tbsp toasted sesame oil
- 1 tbsp rice vinegar
- 1 tsp grated fresh ginger
- 1 tsp agave syrup or maple syrup
- Juice of 1/2 a lime

### Instructions

1. **Prepare the Vegetables:** Wash and julienne the carrot, cucumber, and red bell pepper into thin strips. Slice the avocado and set aside. If using, shred daikon radish finely.
2. **Make the Dressing:** In a small bowl, whisk together tamari, toasted sesame oil, rice vinegar, grated ginger, agave syrup, and lime juice until well combined.
3. **Assemble the Salad:** On a large plate or shallow bowl, lay a nori sheet flat. Layer some of the vegetables (carrot, cucumber, red bell pepper, daikon radish if using), avocado slices, and herbs evenly on top.
4. **Roll it Up:** Gently roll the nori sheet around the veggies like a sushi roll to form a tight cylinder. Slice the roll into bite-sized pieces.
5. **Serve:** Arrange the rolls on a serving plate, sprinkle generously with toasted sesame seeds, and drizzle with the prepared dressing.
6. **Optional:** Garnish with extra herbs or a side of pickled ginger for added flavor.

### Serving Size

This recipe serves 2 people.

---

**Fun Tip:** Try adding a small bowl of chilled miso soup (using a vegan-friendly white miso and hot water) on the side for an authentic, light, and warming touch to complement the fresh rolls! Itadakimasu!",True,,25_8,25,FAIL,"The recipe is intended to be a raw vegan dish, but there are several issues that prevent it from adhering to the raw vegan dietary restriction. Firstly, the use of 'toasted sesame seeds' and 'toasted sesame oil' indicates that these ingredients have been heated above the raw threshold of 118°F (48°C), which is not permissible in a raw vegan diet. Additionally, the suggestion of a 'small bowl of chilled miso soup' as a side dish is problematic because miso is typically a fermented product that may not be considered raw, and the preparation of miso soup involves heating, which would not align with raw vegan principles. Furthermore, the nori sheets are described as 'roasted,' which also implies they have been heated beyond the raw threshold. These elements collectively violate the raw vegan dietary restriction.",HIGH,True
Looking for some easy low-carb dinner ideas that don’t taste like cardboard—got any good ones?,low-carb,"## Low-Carb Miso-Glazed Salmon with Sautéed Spinach

Enjoy a flavorful, melt-in-your-mouth salmon glazed in a savory-sweet miso sauce, paired with garlicky sautéed spinach for a low-carb dinner that's anything but boring!

### Ingredients

#### For Miso-Glazed Salmon:
- 2 salmon fillets (about 150g each)
- 2 tbsp white miso paste
- 1 tbsp mirin (sweet rice wine)
- 1 tbsp sake (or dry white wine)
- 1 tsp erythritol or your preferred low-carb sweetener
- 1 tsp sesame oil
- 1 tsp grated fresh ginger

#### For Sautéed Spinach:
- 200g fresh spinach leaves, washed
- 1 tbsp sesame oil or olive oil
- 2 garlic cloves, thinly sliced
- Salt and pepper, to taste
- Toasted sesame seeds, for garnish (optional)

### Instructions

1. **Prepare Miso Glaze:** In a small bowl, whisk together miso paste, mirin, sake, sweetener, sesame oil, and grated ginger until smooth.
2. **Marinate Salmon:** Place the salmon fillets in a shallow dish and spoon half of the miso glaze over them. Let them marinate for 15 minutes to absorb the flavors.
3. **Cook Salmon:** Heat a non-stick skillet over medium heat. Place salmon fillets skin-side down and cook for 4-5 minutes without moving them, until the skin is crispy. Flip the fillets, brush with remaining miso glaze, and cook for another 2-3 minutes until cooked through and caramelized.
4. **Sauté Spinach:** While the salmon cooks, heat sesame or olive oil in another pan over medium heat. Add garlic slices and sauté for 1 minute until fragrant (do not brown).
5. **Add Spinach:** Toss in the spinach leaves, stirring continuously until just wilted (about 2-3 minutes). Season with salt and pepper to taste.
6. **Serve:** Plate the miso-glazed salmon alongside the garlicky spinach, and sprinkle with toasted sesame seeds if desired.

### Serving Size

This recipe serves 2 people.

---

**Fun Tip:** To amp up the umami, try adding a few drops of toasted sesame oil to the spinach just before serving. It makes the flavor pop! Itadakimasu!",True,,39_7,39,PASS,"The recipe for Low-Carb Miso-Glazed Salmon with Sautéed Spinach adheres to the low-carb dietary restriction. The main ingredients, salmon and spinach, are naturally low in carbohydrates. The miso glaze includes white miso paste, mirin, sake, erythritol, sesame oil, and ginger. While mirin and sake contain some carbohydrates, the amounts used are minimal and are offset by the use of erythritol, a low-carb sweetener. The overall carbohydrate content of the dish remains low, making it suitable for a low-carb diet. The cooking methods, such as sautéing and pan-searing, do not introduce additional carbohydrates. Therefore, the recipe is appropriate for someone following a low-carb diet.",HIGH,True
Trying to stay keto—got any easy dinner recipes that won’t blow my carbs for the day?,keto,"## Keto-Friendly Miso-Glazed Black Cod

Savor a luscious, buttery black cod fillet glazed with savory miso, creating a low-carb Japanese dinner that's incredibly flavorful and perfectly keto-friendly!

### Ingredients

- 2 black cod fillets (about 150g each)
- 2 tbsp white miso paste
- 1 tbsp sake
- 1 tbsp mirin (use a low-carb mirin substitute if strict keto)
- 1 tbsp erythritol or another keto-friendly sweetener
- 1 tsp sesame oil
- 1 tbsp vegetable oil or avocado oil for cooking
- Steamed or sautéed bok choy or spinach, for serving
- Sesame seeds, for garnish (optional)
- Chopped green onions, for garnish (optional)

### Instructions

1. **Prepare the Miso Marinade:** In a small bowl, whisk together the miso paste, sake, mirin substitute, erythritol, and sesame oil until smooth.
2. **Marinate the Cod:** Pat the cod fillets dry, then coat them generously with the miso marinade. Cover and refrigerate for at least 30 minutes, preferably 2 hours for deeper flavor.
3. **Cook the Cod:** Heat the vegetable oil in a non-stick skillet over medium heat. Remove excess marinade from the cod (reserve it), and place the fillets skin-side down in the pan.
4. **Pan-Sear:** Cook for about 4-5 minutes or until the skin is crispy. Flip the fillets carefully and cook for another 3-4 minutes until the fish is cooked through.
5. **Glaze Finish:** Brush the reserved marinade over the fillets once more during the last minute of cooking to intensify flavor without burning.
6. **Serve:** Plate the black cod with a side of steamed or sautéed low-carb greens like bok choy or spinach. Garnish with sesame seeds and green onions if desired.

### Serving Size

This recipe serves 2 people.

---

**Fun Tip:** For an even richer experience, serve your miso-glazed black cod with a small bowl of keto cauliflower rice to absorb those delicious miso flavors! Itadakimasu!",True,,8_13,8,PASS,"The recipe for Keto-Friendly Miso-Glazed Black Cod adheres to the keto dietary restriction. The primary ingredients, such as black cod, miso paste, and keto-friendly sweeteners like erythritol, are suitable for a keto diet. The recipe suggests using a low-carb mirin substitute, which is crucial for maintaining low carbohydrate content. The use of sake is minimal, and while it contains some carbs, the overall impact on the dish's carb count is likely negligible, especially when considering the portion size. The recipe also includes low-carb vegetables like bok choy or spinach, which are appropriate for a keto diet. The cooking method of pan-searing the fish does not introduce any additional carbs. Overall, the recipe is well-suited for a keto diet, provided the mirin substitute is low-carb.",HIGH,True
"Hey, can you suggest some easy low-carb dinner ideas? Trying to keep the carbs down but still want something tasty.",low-carb,"## Miso-Glazed Eggplant with Sesame Spinach Salad

Savor a low-carb, flavorful Japanese-inspired dinner featuring tender miso-glazed eggplant paired with a refreshing sesame spinach salad — a perfect balance of umami and freshness!

### Ingredients

#### For Miso-Glazed Eggplant:
- 2 medium Japanese eggplants (about 400g), halved lengthwise
- 2 tbsp white miso paste
- 1 tbsp sake (or water)
- 1 tbsp mirin
- 1 tsp soy sauce (or tamari for gluten-free)
- 1 tsp sesame oil
- 1 tsp grated ginger
- 1 tbsp vegetable oil

#### For Sesame Spinach Salad:
- 150g fresh spinach leaves, washed and drained
- 1 tbsp toasted sesame seeds
- 1 tbsp soy sauce (or tamari)
- 1 tsp rice vinegar
- 1 tsp sesame oil
- 1 tsp grated fresh ginger

### Instructions

1. **Prepare the Miso Glaze:** In a small bowl, whisk together miso paste, sake, mirin, soy sauce, sesame oil, and grated ginger until smooth. Set aside.
2. **Cook the Eggplant:** Heat vegetable oil in a large non-stick skillet over medium heat. Place eggplant halves cut-side down and cook for 5-7 minutes until golden and softened.
3. **Glaze the Eggplant:** Flip the eggplants and brush the cut sides generously with the miso glaze. Cook for another 3-4 minutes, allowing the glaze to caramelize slightly but not burn.
4. **Prepare the Spinach Salad:** While the eggplant cooks, blanch spinach in boiling water for 30 seconds until wilted, then immediately drain and rinse under cold water. Squeeze out excess water and place spinach in a bowl.
5. **Dress the Salad:** Add soy sauce, rice vinegar, sesame oil, and grated ginger to the spinach. Toss well until evenly coated. Sprinkle toasted sesame seeds over the top just before serving.
6. **Serve:** Plate the miso-glazed eggplant alongside the sesame spinach salad for a light, low-carb meal packed with flavor.

### Serving Size

This recipe serves 2 people.

---

**Fun Tip:** For extra texture, sprinkle the salad with a handful of crushed toasted nori strips! It adds a delightful crunch and subtle sea flavor. Itadakimasu!",True,,37_11,37,PASS,"The recipe for Miso-Glazed Eggplant with Sesame Spinach Salad is evaluated for its adherence to a low-carb dietary restriction. The main ingredients include eggplant, miso paste, sake, mirin, soy sauce, sesame oil, ginger, spinach, sesame seeds, and rice vinegar. Eggplant and spinach are low in carbohydrates, making them suitable for a low-carb diet. The miso paste, soy sauce, and mirin do contain some carbohydrates, but the quantities used are small and spread across two servings, keeping the overall carb content low. The recipe does not include high-carb ingredients like grains, starchy vegetables, or sugars. The use of sake and mirin is minimal, and they can be substituted with water or omitted to further reduce carbs if necessary. Overall, the recipe is well-suited for a low-carb diet.",HIGH,True
"Hey, can you suggest some easy low-sodium meals? Trying to watch my salt intake.",low-sodium,"## Miso Glazed Eggplant (Low-Sodium & Vegetarian)

Delight in a savory-sweet miso glazed eggplant dish that's bursting with umami flavors but gentle on your sodium intake—perfect for a healthy and satisfying meal.

### Ingredients

- 1 large Japanese eggplant (about 300g), sliced into 1/2-inch rounds
- 1 tbsp low-sodium white miso paste
- 1 tbsp mirin (sweet rice wine)
- 1 tbsp sake or water
- 1 tsp honey or maple syrup
- 1 tsp grated fresh ginger
- 1 tsp toasted sesame oil
- 1 tsp rice vinegar
- 1 tsp sesame seeds, for garnish
- 1 green onion, finely chopped, for garnish
- 1 tbsp neutral oil (such as canola or vegetable oil) for cooking

### Instructions

1. **Prepare the glaze:** In a small bowl, whisk together the low-sodium white miso paste, mirin, sake (or water), honey, grated ginger, toasted sesame oil, and rice vinegar until smooth and well combined. Set aside.
2. **Cook the eggplant:** Heat the neutral oil in a non-stick skillet over medium heat. Add the eggplant slices, cooking for about 3-4 minutes on each side, until they become tender and lightly browned.
3. **Glaze the eggplant:** Lower the heat to medium-low, then brush each eggplant slice generously with the miso glaze. Cook for another 1-2 minutes per side, allowing the glaze to caramelize slightly but not burn.
4. **Serve:** Transfer the glazed eggplant slices to a serving plate. Sprinkle with sesame seeds and chopped green onions for a fresh finish.

### Serving Size

This recipe serves 2 people.

---

**Fun Tip:** Serve this miso glazed eggplant alongside steamed brown rice or quinoa for a wholesome, balanced meal that's low in sodium but rich in flavor. Itadakimasu!",True,,34_2,34,FAIL,"The recipe for Miso Glazed Eggplant is intended to be low-sodium, but there are concerns regarding the sodium content of certain ingredients. While the recipe uses low-sodium white miso paste, miso is inherently high in sodium, even in its low-sodium form. Additionally, mirin and sake can also contribute to the sodium content, although they are not typically high in sodium. The recipe does not specify the sodium content of these ingredients, which makes it difficult to ensure that the overall dish is truly low in sodium. The use of honey or maple syrup, ginger, sesame oil, rice vinegar, sesame seeds, and green onion do not contribute significantly to sodium levels. However, the reliance on miso as a primary flavoring agent is problematic for a low-sodium diet.",HIGH,True
"Hey, can you suggest some tasty low-sodium dinner ideas? Trying to keep my salt intake down.",low-sodium,"## Miso-Glazed Eggplant with Steamed Green Beans and Brown Rice (Low-Sodium)

Discover a vibrant and healthy Japanese-inspired dinner featuring tender miso-glazed eggplant paired with lightly steamed green beans and nutty brown rice, all crafted with low-sodium ingredients to keep your salt intake in check without sacrificing flavor.

### Ingredients

#### For Miso-Glazed Eggplant:
- 2 small Japanese eggplants (about 300g), sliced lengthwise into 1 cm thick pieces
- 2 tbsp white miso paste (look for low-sodium or reduced-sodium version)
- 1 tbsp mirin (sweet rice wine)
- 1 tbsp sake (optional, or substitute with water)
- 1 tsp maple syrup or honey
- 1 tsp grated fresh ginger
- 1 tbsp water

#### For Steamed Green Beans:
- 200g fresh green beans, trimmed
- 1 tsp toasted sesame oil
- 1 tsp toasted sesame seeds

#### For Brown Rice:
- 1 cup cooked brown rice (prepare according to package instructions, no added salt)

### Instructions

1. **Prepare the Miso Glaze:** In a small bowl, whisk together the white miso paste, mirin, sake, maple syrup, grated ginger, and water until smooth and well combined.
2. **Cook the Eggplant:** Heat a non-stick pan over medium heat. Place the eggplant slices in the pan, cut side down, and cook for about 4-5 minutes until browned and softened.
3. **Glaze the Eggplant:** Flip the eggplant slices and brush the miso glaze over the cooked side. Continue cooking for another 3-4 minutes, then brush the glaze on the other side and cook for an additional 2 minutes. Keep the heat moderate to avoid burning the glaze.
4. **Steam the Green Beans:** While the eggplant cooks, steam the green beans for 4-5 minutes until crisp-tender.
5. **Dress the Green Beans:** Toss the steamed green beans with toasted sesame oil and sprinkle with toasted sesame seeds for a subtle nutty flavor.
6. **Assemble and Serve:** Plate the miso-glazed eggplant alongside the steamed green beans and a serving of warm brown rice.

### Serving Size

This recipe serves 2 people.

---

**Fun Tip:** For an extra kick without salt, add freshly grated yuzu zest or a few drops of lemon juice over the eggplant before serving. The citrus notes perfectly balance the savory miso glaze! Itadakimasu!",True,,35_2,35,PASS,"The recipe is designed to be low-sodium, with specific attention to using low-sodium or reduced-sodium versions of ingredients. The miso paste, which is typically high in sodium, is specified to be low-sodium. The recipe avoids adding salt to the brown rice and uses minimal sodium-containing ingredients overall. The use of mirin and sake, which can contain sodium, is balanced by the low-sodium miso and the option to substitute sake with water. The recipe also suggests enhancing flavor with non-sodium ingredients like ginger, sesame oil, and citrus zest. Overall, the recipe adheres to the low-sodium dietary restriction by carefully selecting and preparing ingredients to minimize sodium content.",HIGH,True
Looking for some easy paleo-friendly meals I can whip up after work—got any favorites?,paleo,"## Paleo-Inspired Chicken Teriyaki with Cauliflower Rice

Experience a vibrant and paleo-friendly twist on traditional Japanese teriyaki that’s quick to prepare, featuring juicy grilled chicken glazed with a naturally sweet sauce and served over fragrant cauliflower rice.

### Ingredients

#### For Chicken Teriyaki:
- 2 boneless, skinless chicken breasts (about 300g), thinly sliced
- 3 tbsp coconut aminos (paleo-friendly soy sauce alternative)
- 2 tbsp coconut nectar or pure maple syrup
- 1 tbsp rice vinegar
- 1 tsp grated fresh ginger
- 1 garlic clove, minced
- 1 tbsp coconut oil
- 1 tsp sesame seeds (optional, for garnish)
- 1 spring onion, thinly sliced (for garnish)

#### For Cauliflower Rice:
- 1 small head cauliflower (about 400g), riced (use a grater or food processor)
- 1 tbsp coconut oil
- 1/2 tsp garlic powder
- Salt and pepper, to taste
- 1 tbsp chopped fresh cilantro or parsley (optional)

### Instructions

1. **Make the Teriyaki Sauce:** In a small bowl, whisk together coconut aminos, coconut nectar (or maple syrup), rice vinegar, grated ginger, and minced garlic. Set aside.
2. **Prepare the Chicken:** Heat coconut oil in a large skillet over medium-high heat. Add the sliced chicken and cook for about 4-5 minutes, turning occasionally until the chicken is mostly cooked through and slightly golden.
3. **Add Teriyaki Sauce:** Pour the teriyaki sauce over the chicken in the skillet. Reduce heat to medium and let it simmer, stirring occasionally, until the sauce thickens slightly and the chicken is well glazed (about 3-4 minutes).
4. **Cook Cauliflower Rice:** While the chicken simmers, heat another skillet with coconut oil over medium heat. Add riced cauliflower, garlic powder, salt, and pepper. Stir-fry for 5-7 minutes until tender but still slightly firm.
5. **Serve:** Divide the cauliflower rice between two plates. Top with the glazed teriyaki chicken. Garnish with sesame seeds and spring onion slices. Sprinkle cilantro or parsley over the rice, if using.

### Serving Size

This recipe serves 2 people.

---

**Fun Tip:** For an extra pop of flavor and texture, add steamed broccoli or sautéed shiitake mushrooms alongside your chicken teriyaki to keep the meal colorful and nutrient-packed! Itadakimasu!",True,,17_10,17,PASS,"The recipe for Paleo-Inspired Chicken Teriyaki with Cauliflower Rice adheres to the paleo dietary restriction. It uses coconut aminos as a soy sauce alternative, which is suitable for paleo diets. The sweetener options, coconut nectar or pure maple syrup, are both acceptable in moderation on a paleo diet. The recipe avoids grains, legumes, dairy, refined sugar, and processed foods, which are not allowed in paleo diets. The use of cauliflower rice instead of traditional rice aligns with paleo guidelines. All other ingredients, such as coconut oil, ginger, garlic, and optional garnishes like sesame seeds and spring onion, are also compliant with paleo principles. The cooking methods, including grilling and stir-frying, are appropriate for a paleo diet.",HIGH,True
"Looking for some easy low-sodium dinner ideas, got any recipes?",low-sodium,"## Miso-Glazed Eggplant with Steamed Rice and Spinach

Savor a deliciously tender miso-glazed eggplant that’s naturally low in sodium yet bursting with savory umami flavor, paired with simple steamed rice and fresh sautéed spinach for a healthy and easy dinner.

### Ingredients

#### For Miso-Glazed Eggplant:
- 2 medium Japanese eggplants (about 400g), halved lengthwise
- 2 tbsp white miso paste (look for a low-sodium variety if possible)
- 1 tbsp mirin (sweet rice wine)
- 1 tbsp sake (optional, or replace with water)
- 1 tbsp honey or maple syrup
- 1 tsp grated fresh ginger
- 1 tsp sesame oil
- 1 tbsp water

#### For Steamed Rice:
- 1 cup Japanese short-grain rice, rinsed
- 1 1/4 cups water

#### For Sautéed Spinach:
- 200g fresh spinach leaves, washed
- 1 tsp sesame oil
- 1 garlic clove, thinly sliced
- Freshly ground black pepper, to taste

### Instructions

1. **Cook the Rice:** Rinse the rice under cold water until the water runs clear. Combine rinsed rice and water in a rice cooker or a pot with a tight-fitting lid. Cook according to your rice cooker instructions or bring to a boil, then reduce heat to low and cook covered for 15 minutes on the stovetop. Remove from heat, and let it steam covered for 10 minutes.
2. **Prepare Miso Glaze:** In a small bowl, whisk together white miso paste, mirin, sake (or water), honey, grated ginger, sesame oil, and water until smooth.
3. **Glaze the Eggplant:** Preheat your oven to 200°C (390°F). Line a baking tray with parchment paper. Place eggplant halves cut-side up on the tray and brush the miso glaze generously over the flesh.
4. **Roast the Eggplant:** Roast in the preheated oven for 20-25 minutes, until the eggplant is tender and golden on top, basting once halfway through with remaining glaze.
5. **Sauté the Spinach:** While eggplant roasts, heat sesame oil in a large skillet over medium heat. Add garlic and cook until fragrant but not browned (about 30 seconds). Add spinach and stir until just wilted, about 2-3 minutes. Season lightly with black pepper.
6. **Serve:** Plate each eggplant half with steamed rice and sautéed spinach on the side.

### Serving Size

This recipe serves 2 people.

---

**Fun Tip:** For extra texture, sprinkle some toasted white sesame seeds over the glazed eggplant just before serving. It adds a delightful nuttiness! Itadakimasu!",True,,36_9,36,FAIL,"The recipe for Miso-Glazed Eggplant with Steamed Rice and Spinach is intended to be low-sodium, but there are several concerns regarding sodium content. Miso paste is typically high in sodium, even in low-sodium varieties, which can still contribute significantly to the overall sodium content of the dish. Additionally, mirin and sake, while not inherently high in sodium, can contribute to the overall sodium content when combined with other ingredients. The recipe does not specify the sodium content of the miso paste or provide a clear low-sodium alternative, which is crucial for adhering to a low-sodium dietary restriction. Furthermore, the use of sesame oil and the potential addition of salt during the sautéing of spinach could further increase sodium levels. While the recipe attempts to be mindful of sodium, the lack of specific low-sodium ingredient alternatives and the inherent sodium content of miso paste lead to a failure in strictly adhering to a low-sodium diet.",HIGH,True
"Looking for some easy dairy-free dinner ideas, anything tasty and quick?",dairy-free,"## Teriyaki Salmon with Sautéed Bok Choy (Dairy-Free & Quick)

Savor a mouthwatering teriyaki-glazed salmon fillet paired with crisp, garlicky bok choy—a speedy and nutritious dinner that’s dairy-free and packed with flavor!

### Ingredients

#### For Teriyaki Salmon:
- 2 salmon fillets (about 150g each)
- 3 tbsp soy sauce (or tamari for gluten-free)
- 2 tbsp mirin (sweet rice wine)
- 1 tbsp sake (optional, or substitute with water)
- 1 tbsp brown sugar or maple syrup
- 1 garlic clove, minced
- 1 tsp fresh ginger, grated
- 1 tsp sesame oil
- 1 tsp vegetable oil (for cooking)
- Sesame seeds, for garnish
- Chopped green onion, for garnish

#### For Sautéed Bok Choy:
- 2 baby bok choy, halved lengthwise
- 1 tbsp vegetable oil
- 2 garlic cloves, thinly sliced
- 1 tsp soy sauce
- Freshly ground black pepper, to taste

### Instructions

1. **Make Teriyaki Sauce:** In a small bowl, mix soy sauce, mirin, sake (if using), brown sugar, minced garlic, grated ginger, and sesame oil. Stir until sugar dissolves.
2. **Marinate Salmon:** Place salmon fillets in a shallow dish and pour half of the teriyaki sauce over them. Let them marinate for 10-15 minutes.
3. **Cook Salmon:** Heat vegetable oil in a non-stick skillet over medium heat. Remove salmon from marinade (reserve the marinade) and place skin-side down in the skillet. Cook for about 4-5 minutes per side or until salmon flakes easily.
4. **Glaze Salmon:** While salmon cooks, pour the reserved teriyaki sauce into a small saucepan. Simmer over medium heat until slightly thickened (about 3-4 minutes).
5. **Sauté Bok Choy:** Meanwhile, heat vegetable oil in another pan over medium heat. Add garlic and sauté until fragrant (about 30 seconds). Add bok choy halves and stir-fry for 3-4 minutes until just tender.
6. **Season Bok Choy:** Drizzle soy sauce over bok choy, season with black pepper, and toss briefly.
7. **Serve:** Plate the salmon fillets and brush with the thickened teriyaki glaze. Sprinkle with sesame seeds and green onions. Serve alongside sautéed bok choy.

### Serving Size

This recipe serves 2 people.

---

**Fun Tip:** For an extra boost, add a sprinkle of toasted sesame seeds over your bok choy along with a squeeze of fresh lemon juice to brighten all the flavors! Itadakimasu!",True,,11_3,11,PASS,"The recipe for Teriyaki Salmon with Sautéed Bok Choy adheres to the dairy-free dietary restriction. The ingredients listed do not include any dairy products such as milk, cheese, butter, or yogurt. The recipe uses vegetable oil and sesame oil for cooking, which are both dairy-free. The teriyaki sauce is made with soy sauce, mirin, sake, brown sugar, garlic, ginger, and sesame oil, none of which are dairy products. The cooking methods described do not involve any dairy-based techniques or additions. Therefore, the recipe is suitable for someone following a dairy-free diet.",HIGH,True
"Looking for some easy nut-free snack ideas, since I have a sensitivity. Any good suggestions?",nut-free,"## Savory Japanese Onigiri Rice Balls (Nut-Free Snack)

These handheld Japanese rice balls are a delicious and easy nut-free snack, perfectly portable and customizable with a variety of savory fillings and seasonings.

### Ingredients

- 2 cups cooked Japanese short-grain rice (sushi rice)
- 1/2 tsp salt
- 1 tbsp rice vinegar
- 2 sheets nori (seaweed), cut into strips or squares
- Filling options (choose one or mix):
  - 100g cooked salmon flakes (skin removed)
  - 2 tbsp cooked pickled plum (umeboshi), finely chopped
  - 2 tbsp cooked tuna mixed with 1 tbsp mayonnaise (check for nut-free)
  - 1 tbsp soy sauce marinated mushrooms (optional)
  
### Instructions

1. **Season the Rice:** While the rice is still warm, gently mix in salt and rice vinegar to season it evenly.
2. **Prepare Your Filling:** Choose one of the filling options or prepare your own favorite nut-free filling. Make sure fillings are not too wet to avoid soggy onigiri.
3. **Shape the Onigiri:** Wet your hands with water to prevent sticking, then take a handful of rice (about 3/4 cup). Flatten it slightly on your palm, place about 1 tablespoon of filling in the center, and gently fold the rice around it, forming a triangle or oval shape with your hands.
4. **Wrap with Nori:** Wrap each rice ball with a strip or piece of nori seaweed for an authentic touch and extra flavor.
5. **Serve or Store:** Place the formed onigiri on a plate to serve immediately, or wrap tightly in plastic wrap to keep moist if eating later.

### Serving Size

This recipe makes about 4-6 onigiri, perfect as a snack for 2 people.

---

**Fun Tip:** Onigiri are great to pack in lunchboxes or for picnics because they’re easy to hold and eat on the go. Experiment with different fillings like cooked veggies or seasoned tofu for a new twist! Itadakimasu!",True,,23_8,23,PASS,"The recipe for Savory Japanese Onigiri Rice Balls adheres to the nut-free dietary restriction. The ingredients listed, including Japanese short-grain rice, salt, rice vinegar, nori, and the suggested fillings (cooked salmon flakes, pickled plum, tuna with mayonnaise, and soy sauce marinated mushrooms), do not contain any tree nuts or peanuts. The recipe also advises checking the mayonnaise for nut-free status, which is a reasonable precaution. The preparation method does not introduce any nut-related contamination, as it involves simple mixing and shaping of rice and fillings.",HIGH,True
"Hey, I'm vegan and need some easy weeknight dinner ideas that aren’t boring. Got anything?",vegan,"## Spicy Miso Ramen with Tofu and Vegetables (Vegan)

Dive into a comforting bowl of spicy miso ramen loaded with silken tofu and vibrant vegetables, perfect for a quick and exciting weeknight vegan dinner that’s anything but boring!

### Ingredients

- 160g ramen noodles (check they’re egg-free)
- 200g firm tofu, pressed and cubed
- 1 tbsp vegetable oil
- 3 cups vegetable broth
- 2 tbsp white miso paste
- 1 tbsp spicy chili paste (like sambal oelek)
- 1 tbsp soy sauce or tamari (for gluten-free)
- 1 tsp grated fresh ginger
- 2 garlic cloves, minced
- 100g baby spinach
- 1 small carrot, julienned
- 4 shiitake mushrooms, sliced
- 2 spring onions, thinly sliced
- 1 tbsp toasted sesame seeds
- Fresh cilantro, for garnish (optional)

### Instructions

1. **Prepare the Tofu:** Heat vegetable oil in a non-stick pan over medium heat. Add the cubed tofu and cook until golden and crispy on all sides, about 8-10 minutes. Remove from pan and set aside.
2. **Make the Broth:** In a medium pot, heat a little oil over medium heat. Add garlic and ginger, cooking until fragrant, about 1 minute.
3. **Add Broth and Seasonings:** Pour in vegetable broth and bring to a simmer. Stir in miso paste, chili paste, and soy sauce, whisking until the miso dissolves completely.
4. **Cook the Noodles:** Cook ramen noodles separately according to package instructions until just tender. Drain and set aside.
5. **Add Vegetables:** Add mushrooms, carrots, and baby spinach to the broth and let them cook for 3-4 minutes until tender but still vibrant.
6. **Assemble the Ramen:** Divide cooked noodles into two bowls. Ladle the hot broth with vegetables over the noodles. Top with crispy tofu cubes.
7. **Garnish:** Sprinkle sliced spring onions, toasted sesame seeds, and fresh cilantro over each bowl.

### Serving Size

Serves 2 people.

---

**Fun Tip:** For an extra flavor kick, drizzle a little toasted chili oil or a squeeze of fresh lime just before serving! Itadakimasu!",True,,2_8,2,PASS,"The recipe for Spicy Miso Ramen with Tofu and Vegetables adheres to the vegan dietary restriction. All ingredients listed are plant-based, including the tofu, vegetable broth, miso paste, chili paste, soy sauce, ginger, garlic, vegetables, and garnishes. The recipe explicitly mentions checking that the ramen noodles are egg-free, which is crucial for maintaining vegan compliance. The preparation methods, such as cooking tofu and vegetables, do not involve any animal products. Therefore, the recipe is suitable for a vegan diet.",HIGH,True
"Looking for some easy dairy-free dinner ideas, anything tasty and quick?",dairy-free,"## Teriyaki Salmon with Steamed Rice and Sautéed Spinach (Dairy-Free)

Savor the rich, sweet-savory flavors of homemade teriyaki salmon that's quick to prepare, paired with fluffy steamed rice and garlicky sautéed spinach for a wholesome, dairy-free dinner.

### Ingredients

#### For Teriyaki Salmon:
- 2 salmon fillets (around 150g each)
- 3 tbsp soy sauce (use tamari for gluten-free)
- 2 tbsp mirin (sweet rice wine)
- 1 tbsp sake (optional, can substitute with water)
- 1 tbsp brown sugar or maple syrup
- 1 tsp grated fresh ginger
- 1 garlic clove, minced
- 1 tsp sesame oil

#### For Sautéed Spinach:
- 200g fresh spinach, washed and drained
- 1 tbsp sesame oil
- 2 garlic cloves, thinly sliced
- Salt, to taste
- Black pepper, to taste

#### For Rice:
- 1 cup Japanese short-grain rice
- 1 1/4 cups water

### Instructions

1. **Cook the Rice:** Rinse the rice under cold water until water runs clear. Place the rice and water in a pot with a tight-fitting lid, bring to a boil over medium heat. Once boiling, reduce heat to low, cover, and simmer for 15 minutes. Remove from heat and keep covered for another 10 minutes to steam.
2. **Make Teriyaki Sauce:** In a small bowl, combine soy sauce, mirin, sake (or water), brown sugar, grated ginger, minced garlic, and sesame oil. Stir until sugar dissolves.
3. **Cook Salmon:** Heat a non-stick pan over medium heat. Place the salmon fillets skin-side down (if they have skin) and cook for 3-4 minutes until the edges start to turn opaque.
4. **Add Sauce:** Flip the salmon gently and pour the teriyaki sauce over the fillets. Let it simmer for 3-5 minutes, spooning the sauce over the salmon continuously, until salmon is cooked through and sauce thickens slightly.
5. **Sauté Spinach:** While salmon cooks, heat sesame oil in another skillet over medium. Add sliced garlic and sauté until fragrant and lightly golden, about 1 minute.
6. **Add Spinach:** Add spinach to the garlic oil, stirring and tossing quickly until just wilted (about 2-3 minutes). Season with salt and pepper to taste.
7. **Serve:** Serve salmon fillets glazed with teriyaki sauce alongside steamed rice and garlicky sautéed spinach.

### Serving Size

This recipe serves 2 people.

---

**Fun Tip:** For an extra burst of flavor, sprinkle a little toasted sesame seeds over the salmon just before serving! It adds a lovely nutty crunch. Itadakimasu!",True,,11_1,11,PASS,"The recipe for Teriyaki Salmon with Steamed Rice and Sautéed Spinach adheres to the dairy-free dietary restriction. The ingredients listed, including salmon, soy sauce, mirin, sake, brown sugar, ginger, garlic, sesame oil, spinach, and rice, do not contain any dairy products. The preparation methods described do not involve any dairy-based ingredients or processes. The recipe uses sesame oil for cooking, which is a plant-based oil, and there are no mentions of butter, cream, milk, cheese, or any other dairy products. Therefore, the recipe is suitable for someone following a dairy-free diet.",HIGH,True
Trying to stay keto—got any easy dinner recipes that won’t blow my carbs for the day?,keto,"## Keto-Friendly Chicken Katsu with Shirataki Noodle Salad

Craving that crispy, savory crunch of Japanese chicken katsu, but sticking to keto? This recipe swaps traditional panko breadcrumbs for a crunchy almond flour coating and pairs perfectly with a refreshing, low-carb shirataki noodle salad.

### Ingredients

#### For the Keto Chicken Katsu:
- 2 boneless, skinless chicken breasts (about 400g)
- 1/2 cup almond flour
- 1 large egg
- 1/4 cup grated Parmesan cheese
- 1/2 tsp garlic powder
- 1/2 tsp onion powder
- 1/4 tsp salt
- 1/4 tsp black pepper
- 2 tbsp avocado oil or olive oil (for frying)
  
#### For the Shirataki Noodle Salad:
- 1 package (200g) shirataki noodles, rinsed and drained
- 1 small cucumber, julienned
- 2 tbsp rice vinegar
- 1 tbsp soy sauce or tamari (for gluten-free)
- 1 tsp sesame oil
- 1 tsp erythritol or other keto-friendly sweetener (optional)
- 1 tsp toasted sesame seeds
- 1 green onion, thinly sliced
- Fresh cilantro or shiso leaves for garnish (optional)

### Instructions

1. **Prepare the Chicken:** Butterfly each chicken breast by slicing horizontally to make two thinner cutlets; gently flatten with a meat mallet or rolling pin for even thickness (about 1 cm).
2. **Mix Coating:** In a shallow dish, combine almond flour, Parmesan, garlic powder, onion powder, salt, and pepper.
3. **Egg Wash:** Beat the egg in another bowl.
4. **Coat Chicken:** Dip each chicken cutlet first into the egg, ensuring it’s fully coated, then dredge in the almond flour mixture, pressing the coating firmly onto the surface.
5. **Cook Chicken:** Heat avocado oil in a large skillet over medium heat. When hot, carefully place the chicken cutlets in the pan. Fry about 4-5 minutes per side, or until golden brown and cooked through. Remove and let rest on a paper towel to absorb excess oil.
6. **Prepare Shirataki Noodles:** Rinse and drain shirataki noodles thoroughly. Boil in water for 2-3 minutes to remove their natural odor, then drain and dry well.
7. **Make Salad Dressing:** Whisk together rice vinegar, soy sauce, sesame oil, and erythritol until combined.
8. **Assemble Salad:** Toss shirataki noodles with cucumber, dressing, sesame seeds, and green onion.
9. **Serve:** Plate the crispy chicken katsu alongside a generous portion of the shirataki noodle salad, garnished with cilantro or shiso leaves if using.

### Serving Size

This recipe serves 2 people.

---

**Fun Tip:** For an extra crunch, sprinkle crushed roasted nori sheets over your chicken katsu or salad right before serving – it adds delicious umami boosts without carbs! Itadakimasu!",True,,8_9,8,PASS,"The recipe for Keto-Friendly Chicken Katsu with Shirataki Noodle Salad adheres to the keto dietary restriction by using low-carb ingredients and preparation methods. The chicken katsu uses almond flour and Parmesan cheese for the coating instead of traditional high-carb breadcrumbs, which is suitable for a keto diet. The use of avocado oil or olive oil for frying is also appropriate as these are healthy fats. The shirataki noodles are a low-carb alternative to traditional noodles, and the salad dressing uses erythritol, a keto-friendly sweetener, instead of sugar. All ingredients and methods align with the keto requirement of very low carbohydrate intake, typically under 20g net carbs per day.",HIGH,True
Trying to eat more vegetarian stuff—got any easy dinner recipes that don’t take forever?,vegetarian,"## Quick and Flavorful Yaki Udon with Vegetables

Savor a speedy and satisfying vegetarian Yaki Udon stir-fry, packed with colorful veggies and tender udon noodles, all tossed in a savory soy-based sauce — perfect for a wholesome dinner ready in under 20 minutes!

### Ingredients

- 200g fresh udon noodles (or frozen, thawed)
- 1 tbsp sesame oil
- 1 small carrot, thinly sliced
- 1/2 red bell pepper, thinly sliced
- 100g shiitake mushrooms, sliced
- 1 small zucchini, julienned
- 2 green onions, chopped
- 2 garlic cloves, minced
- 1 tsp fresh ginger, grated
- 3 tbsp soy sauce (or tamari for gluten-free)
- 1 tbsp mirin (optional)
- 1 tsp sugar or maple syrup
- 1/2 tsp chili flakes (optional)
- Toasted sesame seeds, for garnish

### Instructions

1. **Prepare Noodles:** If using fresh udon noodles, rinse briefly under warm water to loosen. If frozen, thaw according to package instructions. Set aside.
2. **Make Sauce:** In a small bowl, combine soy sauce, mirin, sugar, and chili flakes. Stir until sugar dissolves and set aside.
3. **Cook Vegetables:** Heat sesame oil in a large skillet or wok over medium-high heat. Add garlic and ginger and sauté for about 30 seconds until fragrant.
4. **Add Veggies:** Toss in carrot, bell pepper, shiitake mushrooms, and zucchini. Stir-fry for 4-5 minutes until vegetables just start to soften but remain crisp.
5. **Add Noodles & Sauce:** Add udon noodles to the pan along with the prepared sauce. Stir-fry everything together for about 3-4 minutes, ensuring noodles are heated through and coated evenly in the sauce.
6. **Finish:** Stir in chopped green onions, then remove from heat.
7. **Serve:** Plate the yaki udon and sprinkle toasted sesame seeds on top for a delightful finish.

### Serving Size

This recipe serves 2 people.

---

**Fun Tip:** For extra protein, add a soft-boiled egg or toss in some cubed firm tofu during the stir-fry step, ensuring it soaks up all those amazing flavors. Itadakimasu!",True,,13_11,13,PASS,"The recipe for Quick and Flavorful Yaki Udon with Vegetables adheres to the vegetarian dietary restriction. It includes udon noodles, a variety of vegetables, and a soy-based sauce, all of which are suitable for a vegetarian diet. The recipe does not include any meat or fish, and the optional addition of a soft-boiled egg or tofu for extra protein is also acceptable within a vegetarian diet. The use of soy sauce, sesame oil, and other seasonings does not violate vegetarian principles. Therefore, the recipe is appropriate for someone following a vegetarian diet.",HIGH,True
"Looking for some easy dairy-free dinner ideas, anything tasty and quick?",dairy-free,"## Teriyaki Salmon with Garlic Bok Choy (Dairy-Free & Quick)

Savor a quick and delicious dairy-free dinner featuring perfectly glazed teriyaki salmon paired with garlicky stir-fried bok choy – a healthy and flavorful meal that’s ready in under 25 minutes!

### Ingredients

#### For Teriyaki Salmon:
- 2 salmon fillets (about 150g each)
- 3 tbsp soy sauce (or tamari for gluten-free)
- 2 tbsp mirin (sweet rice wine)
- 1 tbsp sake (optional, or substitute with water)
- 1 tbsp brown sugar or coconut sugar
- 1 garlic clove, minced
- 1 tsp grated fresh ginger
- 1 tsp sesame oil

#### For Garlic Bok Choy:
- 2 small baby bok choy, halved lengthwise
- 1 tbsp vegetable oil
- 2 garlic cloves, thinly sliced
- 1 tbsp soy sauce or tamari
- Pinch of red pepper flakes (optional)
- Sesame seeds, for garnish

### Instructions

1. **Make Teriyaki Sauce:** In a small bowl, combine soy sauce, mirin, sake, brown sugar, garlic, and ginger. Stir until sugar dissolves.
2. **Prepare Salmon:** Pat salmon dry with paper towels. Heat sesame oil in a non-stick skillet over medium heat.
3. **Cook Salmon:** Place salmon fillets skin-side down into the skillet. Cook for 4-5 minutes until the skin is crispy.
4. **Add Sauce:** Flip the fillets and pour the teriyaki sauce over salmon. Cook for another 3-4 minutes until salmon is cooked through and sauce thickens slightly, spooning sauce over the top frequently.
5. **Cook Bok Choy:** While salmon cooks, heat vegetable oil in another skillet over medium-high heat. Add garlic slices and sauté until fragrant but not browned (about 30 seconds).
6. **Add Bok Choy:** Lay bok choy flat-side down, sear for 2 minutes, then flip and cook for another 2 minutes until tender-crisp.
7. **Season Bok Choy:** Drizzle with soy sauce and sprinkle red pepper flakes if using. Toss to combine and remove from heat.
8. **Serve:** Plate the teriyaki salmon alongside the garlic bok choy. Garnish bok choy with sesame seeds.

### Serving Size

This recipe serves 2 people.

---

**Fun Tip:** For a little extra flavor burst, drizzle the teriyaki salmon with a squeeze of fresh lime or garnish with chopped green onions before serving. Itadakimasu!",True,,11_8,11,PASS,"The recipe for Teriyaki Salmon with Garlic Bok Choy adheres to the dairy-free dietary restriction. The ingredients listed do not include any dairy products such as milk, cheese, butter, or yogurt. The recipe uses soy sauce, mirin, sake, brown sugar, garlic, ginger, sesame oil, vegetable oil, and bok choy, none of which are dairy-based. The preparation methods do not involve any dairy products either. Therefore, the recipe is suitable for someone following a dairy-free diet.",HIGH,True
Got any easy kosher chicken recipes? Want something quick for dinner tonight.,kosher,"## Teriyaki Chicken Donburi (Quick Kosher Dinner)

Savor a quick and easy teriyaki chicken donburi bowl that's bursting with sweet and savory flavors, perfect for a wholesome, kosher weeknight dinner in under 30 minutes!

### Ingredients

- 300g boneless, skinless chicken thighs or breasts, cut into bite-sized pieces (kosher-certified)
- 2 tbsp soy sauce (ensure kosher certification)
- 2 tbsp mirin (sweet rice wine, kosher-certified)
- 1 tbsp sake or water (kosher)
- 1 tbsp brown sugar
- 1 tbsp vegetable oil
- 1 garlic clove, minced
- 1 tsp fresh ginger, grated
- 1/2 cup water
- 1 tsp cornstarch mixed with 2 tbsp water (optional, to thicken sauce)
- 1 cup steamed white rice or brown rice
- 1 spring onion, sliced thinly
- Sesame seeds, for garnish (optional)
- Pickled ginger, for serving (optional)

### Instructions

1. **Prepare the Teriyaki Sauce:** In a small bowl, mix together soy sauce, mirin, sake (or water), brown sugar, garlic, and ginger until sugar dissolves.
2. **Cook the Chicken:** Heat vegetable oil in a large skillet over medium-high heat. Add the chicken pieces and sauté until they begin to brown and are nearly cooked through, about 6-7 minutes.
3. **Add Sauce to Chicken:** Pour the teriyaki sauce over the chicken in the skillet. Add 1/2 cup water and bring to a simmer.
4. **Simmer the Sauce:** Let the chicken cook in the sauce for another 5 minutes, turning occasionally, until the sauce thickens slightly and glazes the chicken. If you prefer thicker sauce, stir in the cornstarch slurry and cook for another 1-2 minutes until sauce thickens.
5. **Prepare the Rice:** While cooking chicken, steam rice according to package instructions.
6. **Serve:** Scoop rice into bowls, top with teriyaki chicken, garnish with sliced spring onion and a sprinkle of sesame seeds. Add pickled ginger on the side if you like.

### Serving Size

This recipe serves 2 people.

---

**Fun Tip:** For an added crunch and color contrast, toss some steamed or sautéed broccoli or snap peas alongside your chicken donburi. It adds a fresh, vibrant touch! Itadakimasu!",True,,48_4,48,PASS,"The recipe for Teriyaki Chicken Donburi adheres to kosher dietary restrictions as long as all ingredients are certified kosher. The recipe specifies the use of kosher-certified chicken and soy sauce, which is crucial. Mirin and sake are typically not kosher, but the recipe suggests using kosher-certified mirin and offers water as an alternative to sake, which is acceptable. The preparation method does not involve mixing meat and dairy, which is a key consideration in kosher cooking. Additionally, there are no non-kosher ingredients like shellfish or pork. The use of vegetable oil, garlic, ginger, and other ingredients is permissible under kosher laws, provided they are certified kosher. Therefore, the recipe can be considered kosher if all ingredients are verified as such.",HIGH,True
"Hey, can you suggest some easy diabetic-friendly lunch ideas that don’t spike blood sugar?",diabetic-friendly,"## Salmon Teriyaki bowl with Steamed Vegetables (Diabetic-Friendly)

Enjoy a flavorful, low-glycemic lunch featuring tender grilled salmon glazed with a light teriyaki sauce, served over a bed of cauliflower rice and accompanied by vibrant steamed vegetables. This balanced meal is packed with protein and fiber to help maintain steady blood sugar levels.

### Ingredients

#### For Salmon Teriyaki:
- 2 salmon fillets (about 150g each)
- 2 tbsp low-sodium soy sauce or tamari
- 1 tbsp mirin (or substitute with a splash of water and a dash of stevia)
- 1 tsp grated fresh ginger
- 1 garlic clove, minced
- 1 tsp sesame oil
- 1 tsp toasted sesame seeds (optional)

#### For Cauliflower Rice and Vegetables:
- 1 medium head cauliflower (about 400g), grated or processed into rice-sized pieces
- 1 tbsp olive oil or sesame oil
- 1 small broccoli head, cut into florets
- 1 small carrot, sliced thin
- 100g snap peas or green beans
- Salt and pepper, to taste
- 1 scallion, thinly sliced for garnish

### Instructions

1. **Marinate the Salmon:** In a small bowl, combine soy sauce, mirin, grated ginger, minced garlic, and sesame oil. Place salmon fillets in a shallow dish and pour marinade over them. Let marinate for 15 minutes.
2. **Prepare Cauliflower Rice:** Heat olive or sesame oil in a large skillet over medium heat. Add the cauliflower rice and stir-fry for about 5-7 minutes until tender but still slightly firm. Season with a pinch of salt and pepper. Set aside and keep warm.
3. **Steam the Vegetables:** Bring a pot of water to boil and place a steamer basket over it. Add broccoli, carrot, and snap peas. Cover and steam for about 5 minutes until crisp-tender. Remove from heat.
4. **Cook the Salmon:** Heat a non-stick skillet over medium heat. Remove salmon from marinade (reserve marinade) and place skin-side down (if skin on) in the pan. Cook for 4-5 minutes, then flip and cook another 3-4 minutes until cooked through.
5. **Glaze the Salmon:** Pour reserved marinade into a small saucepan and bring to a gentle boil, simmer for 2-3 minutes to thicken slightly. Brush the glaze over the cooked salmon fillets.
6. **Assemble the Bowl:** Divide cauliflower rice evenly between two bowls, arrange steamed vegetables on one side, and place salmon fillet on the other side. Garnish with toasted sesame seeds and scallion slices.

### Serving Size

This recipe serves 2 people.

---

**Fun Tip:** For extra fiber and antioxidants, add some pickled ginger or a sprinkle of shichimi togarashi (Japanese seven-spice) on top of the salmon to amp up flavor without adding carbs! Itadakimasu!",True,,21_15,21,PASS,"The recipe for the Salmon Teriyaki bowl with Steamed Vegetables is designed to be diabetic-friendly. It uses low-glycemic ingredients such as salmon, cauliflower rice, and a variety of non-starchy vegetables (broccoli, carrots, snap peas). The use of low-sodium soy sauce or tamari helps reduce sodium intake, which is beneficial for overall health. The recipe substitutes mirin with a splash of water and a dash of stevia, avoiding added sugars that could spike blood sugar levels. The inclusion of protein from salmon and fiber from vegetables and cauliflower rice helps maintain steady blood sugar levels. The recipe avoids high-glycemic ingredients and uses healthy fats like olive oil and sesame oil, which are suitable for a diabetic-friendly diet.",HIGH,True
"Hey, can you suggest some easy low-carb meals I can make for dinner?",low-carb,"## Spinach and Mushroom Okonomiyaki: Low-Carb Japanese Savory Pancake

This low-carb version of the classic Japanese okonomiyaki uses nutrient-packed spinach and mushrooms for a delicious, filling dinner that won’t spike your carbs but still satisfies your cravings.

### Ingredients

- 150g fresh spinach, chopped
- 100g shiitake mushrooms, thinly sliced
- 2 large eggs
- 50g grated nagaimo (Japanese yam) or substitute with grated zucchini for low-carb
- 30g almond flour
- 2 tbsp chopped green onions
- 1 tsp dashi powder or 1/2 tsp fish sauce (optional for umami)
- 1 tbsp olive oil or avocado oil
- Okonomiyaki sauce (low-sugar version) or homemade: 1 tbsp sugar-free ketchup mixed with 1 tsp Worcestershire sauce
- Japanese mayonnaise, for topping (optional)
- Bonito flakes and pickled ginger for garnish (optional)

### Instructions

1. **Prepare the batter:** In a large bowl, whisk together eggs, grated nagaimo (or zucchini), almond flour, and dashi powder or fish sauce until smooth.
2. **Add veggies:** Fold in the chopped spinach, sliced mushrooms, and green onions into the batter, mixing well to combine.
3. **Heat the pan:** Warm the oil in a non-stick skillet over medium heat.
4. **Cook the okonomiyaki:** Pour the batter into the skillet and spread it evenly to form a round pancake about 1.5 cm thick. Cover with a lid and cook for 4–5 minutes until the bottom is golden and the pancake is mostly set.
5. **Flip carefully:** Use a spatula to carefully flip the pancake, then cook the other side for another 3–4 minutes until fully cooked through and nicely browned.
6. **Serve:** Transfer to a plate and drizzle with low-sugar okonomiyaki sauce and a little Japanese mayonnaise if desired. Garnish with bonito flakes and pickled ginger for an extra authentic touch.

### Serving Size

Serves 2 people.

---

**Fun Tip:** For extra texture, add chopped shrimp or bacon into the batter before cooking! Okonomiyaki is wonderfully customizable to your taste. Itadakimasu!",True,,38_6,38,PASS,"The recipe for Spinach and Mushroom Okonomiyaki is designed to be low-carb by substituting traditional high-carb ingredients with low-carb alternatives. The use of almond flour instead of wheat flour significantly reduces the carbohydrate content. The recipe also suggests using grated zucchini instead of nagaimo to further lower the carb count. The inclusion of vegetables like spinach and mushrooms, which are low in carbohydrates, aligns with the low-carb dietary restriction. The optional use of low-sugar okonomiyaki sauce and sugar-free ketchup ensures that added sugars are minimized. The recipe does not include any high-carb ingredients that would violate the low-carb restriction. Therefore, the recipe adheres to the low-carb dietary restriction.",HIGH,True
Trying to stick to Whole30 — got any easy weeknight dinner recipes that fit?,whole30,"## Whole30 Chicken Teriyaki Stir-Fry (Whole30-Compliant & Grain-Free)

Savor a wholesome, colorful chicken stir-fry infused with a tangy, naturally-sweetened Whole30 teriyaki sauce that’s ready in under 30 minutes—perfect for quick, healthy weeknight dinners!

### Ingredients

#### For Chicken Stir-Fry:
- 300g boneless, skinless chicken thighs, thinly sliced
- 1 tbsp avocado oil (or other Whole30-approved oil)
- 1 small red bell pepper, thinly sliced
- 1 small zucchini, thinly sliced
- 100g broccoli florets
- 1 small carrot, julienned
- 1 garlic clove, minced
- 1 tsp fresh ginger, grated
- 2 spring onions, chopped (green and white parts)

#### For Whole30 Teriyaki Sauce:
- 3 tbsp coconut aminos
- 1 tbsp apple cider vinegar
- 1 tbsp date paste or 1 date, finely chopped (for natural sweetness)
- 1 tsp grated ginger
- 1 garlic clove, minced
- 1/2 tsp fish sauce (optional for depth)
- 1 tsp arrowroot powder mixed with 1 tbsp water (for thickening)

### Instructions

1. **Prepare the Teriyaki Sauce:** In a small bowl, whisk together coconut aminos, apple cider vinegar, date paste, grated ginger, minced garlic, fish sauce (if using), and the arrowroot slurry. Set aside.
2. **Cook the Chicken:** Heat avocado oil in a large skillet or wok over medium-high heat. Add the sliced chicken thighs and stir-fry until they start to brown and are nearly cooked through (about 5-6 minutes).
3. **Add Aromatics:** Toss in the minced garlic and grated ginger; stir-fry for about 30 seconds until fragrant.
4. **Cook Vegetables:** Add the bell pepper, zucchini, broccoli, and carrot to the skillet. Stir-fry everything together for about 5 minutes or until the vegetables are tender-crisp.
5. **Add Sauce:** Pour the Whole30 teriyaki sauce over the chicken and vegetables. Stir constantly as the sauce thickens (about 1-2 minutes).
6. **Finish and Serve:** Mix in the chopped spring onions, then remove from heat. Serve immediately for a fresh and flavorful meal.

### Serving Size

This recipe serves 2 people.

---

**Fun Tip:** For an extra boost of nutrition and texture, sprinkle some toasted sesame seeds (if your Whole30 allows) on top before serving, or serve alongside cauliflower rice for a satisfying grain-free meal. Itadakimasu!",True,,32_2,32,PASS,"The recipe for Whole30 Chicken Teriyaki Stir-Fry adheres to the Whole30 dietary restriction. It uses compliant ingredients such as chicken thighs, a variety of vegetables, and Whole30-approved oils like avocado oil. The teriyaki sauce is made with coconut aminos, apple cider vinegar, and date paste for natural sweetness, all of which are compliant with Whole30 guidelines. The use of arrowroot powder for thickening is also acceptable. The recipe avoids grains, dairy, legumes, refined sugar, and processed foods, which are restricted on Whole30. The optional fish sauce is also compliant as long as it does not contain any non-compliant additives. The cooking methods, such as stir-frying, are appropriate and do not violate any Whole30 rules.",HIGH,True
Looking for some tasty kosher dinner ideas that aren’t too complicated—got any favorites?,kosher,"## Teriyaki Salmon Donburi Bowl (Kosher & Easy)

Savor a simple yet delicious Japanese-style glazed salmon served over fluffy steamed rice with vibrant veggies—perfect for a quick kosher dinner that's full of flavor!

### Ingredients

- 2 kosher salmon fillets (about 150g each)
- 1/4 cup soy sauce (ensure kosher certification)
- 2 tbsp mirin (sweet rice wine)
- 2 tbsp honey or maple syrup
- 1 tbsp sake (optional, or substitute with water)
- 1 garlic clove, minced
- 1 tsp fresh ginger, grated
- 2 cups cooked white or brown rice
- 1 small cucumber, thinly sliced
- 1 small carrot, julienned
- 2 stalks green onions, thinly sliced
- Toasted sesame seeds, for garnish
- 1 tbsp vegetable oil or sesame oil

### Instructions

1. **Make the Teriyaki Sauce:** In a small bowl, combine soy sauce, mirin, honey, sake (or water), garlic, and ginger. Stir until well blended.
2. **Marinate the Salmon:** Place the salmon fillets in a shallow dish and pour half of the teriyaki sauce over them. Let marinate for 15 minutes at room temperature.
3. **Cook the Salmon:** Heat oil in a non-stick skillet over medium heat. Remove salmon from marinade (reserve marinade) and place skin-side down if skin is on. Cook for 4-5 minutes, then flip and cook another 3-4 minutes until the fish is cooked through and caramelized.
4. **Simmer the Sauce:** Pour the reserved marinade into the pan and simmer gently for 2 minutes until slightly thickened, spooning over the salmon.
5. **Prepare the Bowls:** Divide cooked rice between two bowls. Arrange cucumber, carrot, and green onions attractively on top.
6. **Assemble:** Place the teriyaki salmon fillets on the rice and drizzle with the thickened sauce from the pan.
7. **Garnish:** Sprinkle toasted sesame seeds over the top to finish.

### Serving Size

This recipe serves 2 people.

---

**Fun Tip:** For added texture, try adding a sprinkle of crushed toasted nori (seaweed) or a side of pickled ginger to brighten up your bowl. Itadakimasu!",True,,46_10,46,PASS,"The recipe for Teriyaki Salmon Donburi Bowl is designed to be kosher, and it includes specific instructions to ensure that the ingredients used are kosher-certified. The key ingredients such as salmon, soy sauce, and mirin are noted to require kosher certification, which is crucial for maintaining kosher dietary laws. The recipe does not include any non-kosher items such as pork or shellfish, and it avoids mixing meat and dairy, which is another important aspect of kosher cooking. The optional use of sake is addressed with a substitution option (water) for those who may prefer to avoid alcohol, which can be a consideration in some kosher practices. Overall, the recipe adheres to kosher dietary restrictions by specifying the need for kosher-certified ingredients and avoiding any prohibited combinations or items.",HIGH,True
"Hey, can you suggest some easy low-carb dinner ideas? Trying to keep the carbs down but still want something tasty.",low-carb,"## Miso-Glazed Eggplant with Sesame Spinach

Savor a low-carb Japanese-inspired dinner featuring tender miso-glazed eggplant paired with a vibrant sesame-infused spinach side, delivering umami-packed flavor with minimal carbs.

### Ingredients

#### For Miso-Glazed Eggplant:
- 2 medium-sized eggplants (about 400g total), halved lengthwise
- 2 tbsp white miso paste
- 1 tbsp mirin (sweet rice wine)
- 1 tbsp sake (or water)
- 1 tsp soy sauce or tamari (low-sodium)
- 1 tsp erythritol or your preferred low-carb sweetener
- 1 tbsp vegetable oil (for brushing)

#### For Sesame Spinach:
- 200g fresh spinach, washed and trimmed
- 1 tbsp toasted sesame oil
- 1 tbsp soy sauce or tamari (low-sodium)
- 1 tsp toasted sesame seeds
- 1 clove garlic, minced (optional)

### Instructions

1. **Preheat Oven:** Preheat your oven to 200°C (390°F).
2. **Prepare the Glaze:** In a small bowl, whisk together miso paste, mirin, sake, soy sauce, and sweetener until smooth.
3. **Prepare Eggplant:** Score the flesh of each eggplant half in a criss-cross pattern without cutting through the skin. Brush the cut sides with vegetable oil.
4. **Bake Eggplant:** Place eggplants cut side up on a baking sheet lined with parchment paper. Brush the miso glaze generously over the cut surfaces.
5. **Roast:** Bake for 20-25 minutes until eggplant is soft and caramelized on top.
6. **Prepare Spinach:** While eggplant bakes, bring a pot of water to a boil. Blanch spinach for about 30 seconds until wilted, then drain and squeeze out excess water. Chop roughly.
7. **Season Spinach:** In a bowl, mix spinach with sesame oil, soy sauce, minced garlic (if using), and sprinkle with toasted sesame seeds.
8. **Serve:** Plate the miso-glazed eggplant halves alongside the sesame spinach for a wholesome low-carb meal.

### Serving Size

This recipe serves 2 people.

---

**Fun Tip:** For added texture, sprinkle some toasted nori (seaweed) strips over the eggplant just before serving. It adds a delightful oceanic crunch! Itadakimasu!",True,,37_13,37,PASS,"The recipe for Miso-Glazed Eggplant with Sesame Spinach is evaluated for adherence to a low-carb dietary restriction. The main ingredients include eggplant, miso paste, mirin, sake, soy sauce, erythritol, vegetable oil, spinach, sesame oil, sesame seeds, and garlic. Eggplant and spinach are low in carbohydrates, making them suitable for a low-carb diet. The use of erythritol as a sweetener is appropriate as it is a low-carb alternative to sugar. The recipe uses mirin and sake, which are typically higher in carbohydrates due to their sugar content. However, the amounts used (1 tbsp each) are relatively small, and the overall carbohydrate content of the dish remains low. The recipe does not include any high-carb ingredients like grains or starchy vegetables. Therefore, the recipe adheres to the low-carb dietary restriction.",HIGH,True
"trying to stick to keto, any easy quick dinner ideas that won’t mess with my macros?",keto,"## Keto-Friendly Chicken Teriyaki Lettuce Wraps

A quick, flavorful, and keto-approved twist on classic teriyaki chicken, wrapped in crisp lettuce leaves for a low-carb, satisfying dinner that won’t mess with your macros!

### Ingredients

- 250g boneless, skinless chicken breast, thinly sliced
- 1 tbsp coconut oil or avocado oil
- 1/4 cup soy sauce or tamari (for gluten-free)
- 1 tbsp powdered erythritol or your preferred keto-friendly sweetener
- 1 tsp sesame oil
- 1 garlic clove, minced
- 1 tsp fresh ginger, grated
- 1 tbsp rice vinegar (optional)
- 1/2 tsp xanthan gum (optional, for thickening)
- 4 large butter or iceberg lettuce leaves
- 2 tbsp chopped green onions
- 1 tsp toasted sesame seeds

### Instructions

1. **Make the Teriyaki Sauce:** In a bowl, combine soy sauce, erythritol, sesame oil, garlic, ginger, and rice vinegar. Mix well to dissolve the sweetener.
2. **Cook the Chicken:** Heat coconut oil in a skillet over medium-high heat. Add the sliced chicken and cook for 5-6 minutes until browned and cooked through.
3. **Add Sauce:** Pour the teriyaki sauce over the chicken. If you want the sauce thicker, sprinkle xanthan gum evenly over the sauce while stirring continuously. Cook for 2-3 minutes until the sauce thickens and coats the chicken nicely.
4. **Assemble Wraps:** Remove from heat. Spoon the chicken mixture into the center of each lettuce leaf.
5. **Garnish:** Top with chopped green onions and toasted sesame seeds.
6. **Serve:** Wrap the lettuce leaves around the filling and enjoy immediately.

### Serving Size

This recipe serves 2 people.

---

**Fun Tip:** For extra crunch, add some thinly sliced cucumber or shredded daikon radish inside your wraps! It keeps the wraps refreshing and adds volume without carbs. Itadakimasu!",True,,7_15,7,PASS,"The recipe for Keto-Friendly Chicken Teriyaki Lettuce Wraps adheres to the keto dietary restriction. The ingredients used are low in carbohydrates, which is essential for maintaining ketosis. The chicken breast provides a good source of protein, while the use of coconut oil or avocado oil adds healthy fats. The recipe uses soy sauce or tamari, which are low in carbs, and erythritol, a keto-friendly sweetener, instead of sugar. The optional use of xanthan gum for thickening is also keto-compliant. Lettuce leaves are used as wraps, which are low in carbs, and the garnishes like green onions and sesame seeds are used in small amounts, contributing minimally to the carb count. The recipe avoids high-carb ingredients and focuses on maintaining a low-carb profile, making it suitable for a keto diet.",HIGH,True
"Looking for some easy vegan lunch ideas that aren’t just salad, any good recipes?",vegan,"## Vegan Japanese Curry with Sweet Potatoes and Chickpeas

Discover the comforting warmth of this rich and mildly spiced vegan Japanese curry featuring tender sweet potatoes and hearty chickpeas—perfect for a satisfying lunch that’s anything but a salad!

### Ingredients

- 1 tbsp vegetable oil
- 1 small onion, finely chopped
- 2 cloves garlic, minced
- 1 tsp grated fresh ginger
- 2 medium sweet potatoes, peeled and cut into 2 cm cubes
- 1 medium carrot, sliced
- 1 cup cooked chickpeas (or from a drained can)
- 3 cups vegetable broth
- 3 tbsp Japanese curry roux (make sure it's vegan, or use a homemade mix of curry powder, flour, and seasoning)
- 1 tbsp soy sauce or tamari (for gluten-free)
- 1 tsp maple syrup or agave nectar
- 1/2 cup frozen peas
- Cooked Japanese short-grain rice for serving
- Chopped green onions or pickled ginger for garnish (optional)

### Instructions

1. **Sauté Aromatics:** Heat the vegetable oil in a large pot over medium heat. Add the onion and cook for 5 minutes until softened and translucent. Stir in the garlic and ginger and sauté for another minute until fragrant.
2. **Cook Vegetables:** Add the sweet potatoes and carrot to the pot, stir well, and cook for 3 minutes to start softening them.
3. **Add Broth and Simmer:** Pour in the vegetable broth and bring the mixture to a gentle boil. Reduce heat to low, cover, and simmer for 15-20 minutes until the sweet potatoes and carrots are tender.
4. **Add Curry Roux:** Break the curry roux into pieces and stir into the pot until fully dissolved. If using curry powder instead, whisk it with a small amount of flour and water beforehand, then stir in to thicken the curry.
5. **Mix in Chickpeas & Season:** Add the cooked chickpeas, soy sauce or tamari, and maple syrup to the curry. Simmer uncovered for 5 more minutes to let the flavors meld and sauce thicken slightly.
6. **Add Peas:** Stir in the frozen peas and cook for another 2 minutes until heated through.
7. **Serve:** Spoon the curry over bowls of warm cooked rice. Garnish with chopped green onions or pickled ginger if desired.

### Serving Size

This recipe serves 2 people.

---

**Fun Tip:** For extra texture, sprinkle toasted sesame seeds on top or add a side of steamed Japanese rice crackers (senbei) for a delightful crunch. Itadakimasu!",True,,3_10,3,PASS,"The recipe for Vegan Japanese Curry with Sweet Potatoes and Chickpeas adheres to the vegan dietary restriction. All ingredients listed are plant-based, including vegetable oil, onion, garlic, ginger, sweet potatoes, carrot, chickpeas, vegetable broth, soy sauce or tamari, maple syrup or agave nectar, and frozen peas. The recipe specifies using a vegan curry roux or a homemade mix, ensuring no animal products are included. The cooking methods do not involve any non-vegan processes. Optional garnishes like green onions or pickled ginger are also vegan. The recipe avoids any animal-derived ingredients such as meat, dairy, eggs, or honey.",HIGH,True
"Looking for some easy sugar-free snacks to keep me going during work, any ideas?",sugar-free,"## Edamame with Yuzu Salt

A simple, refreshing, and naturally sugar-free snack that's packed with protein and has a zesty citrus twist from yuzu!

### Ingredients
- 200g frozen edamame pods (in shell)
- 1 tsp yuzu kosho (a Japanese citrus chili paste) or 1/2 tsp yuzu zest mixed with a pinch of chili powder
- 1/2 tsp sea salt or coarse salt
- Water for boiling

### Instructions
1. **Cook Edamame:** Bring a pot of water to a boil. Add the frozen edamame pods and cook for 4-5 minutes until tender but still slightly firm.
2. **Drain and Cool:** Drain the edamame and rinse briefly under cold water to stop cooking. Shake off excess water.
3. **Season:** Toss the cooked edamame pods with yuzu kosho or yuzu zest and chili powder mix, then sprinkle with sea salt. Mix well to ensure the pods are evenly coated.
4. **Serve:** Serve immediately as a finger food by squeezing the beans out of the pods directly into your mouth.

### Serving Size

This recipe serves 2 people as a snack.

---

**Fun Tip:** If you can’t find yuzu kosho or fresh yuzu zest, a combination of lemon zest and a small dash of chili powder works beautifully as a substitute! Keep a bowl of these at your desk for a tasty, energizing pick-me-up during work. Itadakimasu!",True,,40_14,40,PASS,"The recipe for Edamame with Yuzu Salt adheres to the sugar-free dietary restriction. The ingredients listed, including edamame, yuzu kosho (or yuzu zest with chili powder), and sea salt, do not contain any added sugars or high-sugar ingredients. The preparation method involves boiling and seasoning, which does not introduce any sugar. Yuzu kosho is a citrus chili paste that typically does not contain added sugars, and the alternative of using yuzu zest with chili powder also avoids sugar. Therefore, the recipe is suitable for a sugar-free diet.",HIGH,True
"Hey, can you suggest some tasty low-sodium dinner ideas? Trying to keep my salt intake down.",low-sodium,"## Miso-Glazed Eggplant with Steamed Rice and Sautéed Spinach (Low-Sodium)

Dive into a flavorful Japanese-inspired dinner featuring tender miso-glazed eggplant balanced with simple steamed rice and vibrant, garlicky sautéed spinach—all without relying on added salt!

### Ingredients

#### For Miso-Glazed Eggplant:
- 2 medium Japanese eggplants (about 400g), sliced lengthwise into 1/2-inch thick pieces
- 2 tbsp white miso paste (use low-sodium if available)
- 1 tbsp mirin (sweet rice wine)
- 1 tbsp sake
- 1 tsp maple syrup or honey
- 1 tsp freshly grated ginger
- 1 tsp toasted sesame oil

#### For Steamed Rice:
- 1 cup Japanese short-grain rice
- 1 1/4 cups water

#### For Sautéed Spinach:
- 200g fresh spinach leaves, washed and trimmed
- 1 tsp sesame oil
- 1 garlic clove, thinly sliced
- 1 tsp low-sodium soy sauce substitute (like coconut aminos) or use a splash of water with a dash of lemon juice
- Freshly ground black pepper, to taste
- Toasted sesame seeds, for garnish (optional)

### Instructions

1. **Prepare the Rice:** Rinse the rice under cold water until water runs clear. Combine rinsed rice and water in a pot with a tight-fitting lid. Bring to a boil over medium heat, then reduce to low heat and simmer for 15 minutes. Remove from heat and let sit covered for 10 minutes.

2. **Make Miso Glaze:** In a small bowl, whisk together white miso paste, mirin, sake, maple syrup, grated ginger, and sesame oil until smooth.

3. **Prepare Eggplant:** Preheat your oven’s broiler. Arrange eggplant slices on a baking tray lined with parchment paper. Brush the tops generously with the miso glaze.

4. **Broil Eggplant:** Place the tray about 6 inches from the broiler and broil for approximately 6-8 minutes, until eggplants are tender and the glaze caramelizes slightly. Watch carefully to prevent burning.

5. **Sauté Spinach:** While eggplant broils, heat sesame oil in a large skillet over medium heat. Add sliced garlic and sauté until fragrant but not browned (about 1 minute).

6. **Cook Spinach:** Add spinach to the skillet and stir frequently until it wilts down, about 2-3 minutes. Splash with low-sodium soy substitute or water with lemon juice, season with pepper, and toss briefly.

7. **Serve:** Fluff the steamed rice and divide between two plates. Top with the miso-glazed eggplant, arrange sautéed spinach on the side, and sprinkle with toasted sesame seeds if using.

### Serving Size

This recipe serves 2 people.

---

**Fun Tip:** For a delicious umami lift without salt, try adding a sprinkle of finely chopped green onions or a small drizzle of yuzu juice over the eggplant just before serving. It brightens the dish wonderfully! Itadakimasu!",True,,35_15,35,PASS,"The recipe for Miso-Glazed Eggplant with Steamed Rice and Sautéed Spinach is designed to be low-sodium. The key ingredient that could potentially contribute to sodium content is the miso paste, which is typically high in sodium. However, the recipe specifies using low-sodium miso paste if available. Additionally, the recipe uses a low-sodium soy sauce substitute (like coconut aminos) or a splash of water with lemon juice for the sautéed spinach, which helps keep the sodium content low. The rest of the ingredients, such as eggplant, rice, spinach, sesame oil, garlic, and ginger, are naturally low in sodium. The recipe avoids adding any extra salt and suggests alternatives to enhance flavor without increasing sodium. Therefore, the recipe adheres to the low-sodium dietary restriction.",HIGH,True
"Hey, I’m doing Whole30 and could use some easy dinner ideas that won’t mess up the plan. Got any good recipes?",whole30,"## Whole30-Friendly Japanese Chicken and Vegetable Stir-Fry

A vibrant and satisfying Whole30-compliant Japanese-inspired chicken and vegetable stir-fry that's packed with fresh flavors and perfect for a quick, healthy dinner.

### Ingredients

- 300g boneless, skinless chicken breasts or thighs, thinly sliced
- 1 tbsp coconut aminos (Whole30-compliant soy sauce substitute)
- 1 tbsp sesame oil (or avocado oil)
- 2 garlic cloves, minced
- 1 tsp fresh ginger, grated
- 1 small carrot, julienned
- 1 small zucchini, thinly sliced
- 100g shiitake mushrooms, sliced
- 1/2 cup snap peas
- 2 spring onions, chopped (green parts only for garnish)
- 1/2 tsp red chili flakes (optional)
- Salt and freshly ground black pepper, to taste

### Instructions

1. **Marinate the Chicken:** In a bowl, toss the sliced chicken with half the coconut aminos, half the minced garlic, and half the grated ginger. Let it marinate for 10 minutes.
2. **Heat the Pan:** Warm the sesame or avocado oil in a large skillet or wok over medium-high heat.
3. **Cook the Chicken:** Add the marinated chicken to the pan and cook for 5-6 minutes, stirring frequently, until it's cooked through and starting to brown. Remove the chicken from the pan and set aside.
4. **Sauté Aromatics:** In the same pan, add the remaining garlic and ginger, sautéing for about 30 seconds until fragrant.
5. **Cook Vegetables:** Add the carrot, zucchini, shiitake mushrooms, and snap peas to the pan. Stir-fry for 5-7 minutes until the vegetables are tender yet crisp.
6. **Combine Chicken and Veggies:** Return the chicken to the pan, add the remaining coconut aminos and red chili flakes if using, and stir everything together. Cook for another 2 minutes to meld flavors.
7. **Season:** Taste and add salt and pepper as needed.
8. **Serve:** Divide the stir-fry onto plates and garnish with chopped green parts of spring onions.

### Serving Size

This recipe serves 2 people.

---

**Fun Tip:** For extra texture and freshness, sprinkle toasted sesame seeds or crushed nori sheets on top—both Whole30-friendly! Itadakimasu!",True,,33_3,33,PASS,"The recipe for Whole30-Friendly Japanese Chicken and Vegetable Stir-Fry adheres to the Whole30 dietary restrictions. It uses coconut aminos as a substitute for soy sauce, which is compliant with Whole30 guidelines. The recipe avoids grains, legumes, dairy, refined sugar, and processed foods, all of which are prohibited on the Whole30 program. The use of fresh vegetables, chicken, and compliant oils like sesame or avocado oil aligns with Whole30 principles. Additionally, the recipe does not include any non-compliant ingredients or cooking methods that would violate the Whole30 plan.",HIGH,True
"Hey, can you suggest some tasty low-sodium dinner ideas? Trying to keep my salt intake down.",low-sodium,"## Miso-Glazed Grilled Salmon with Steamed Vegetables (Low-Sodium)

Enjoy a flavorful Japanese-inspired dinner featuring tender grilled salmon glazed with a subtly sweet, low-sodium miso sauce, paired with fresh steamed vegetables that bring vibrant color and nutrients to your plate without added salt.

### Ingredients

#### For the Miso-Glazed Salmon:
- 2 salmon fillets (about 180g each)
- 2 tbsp white miso paste (low-sodium if available)
- 1 tbsp mirin (sweet rice wine)
- 1 tbsp sake (or water)
- 1 tsp honey or maple syrup
- 1 tsp freshly grated ginger
- 1 tsp rice vinegar

#### For the Steamed Vegetables:
- 100g broccoli florets
- 1 medium carrot, sliced diagonally
- 100g snap peas, trimmed
- 1 small zucchini, sliced into half-moons
- 1 tsp toasted sesame seeds (optional)
- Freshly ground black pepper, to taste

### Instructions

1. **Prepare the Miso Glaze:** In a small bowl, whisk together the white miso paste, mirin, sake, honey, grated ginger, and rice vinegar until smooth and well combined.
2. **Marinate the Salmon:** Place the salmon fillets in a shallow dish and brush them generously with the miso glaze. Let them marinate for 15-20 minutes in the refrigerator to absorb the flavors.
3. **Preheat the Grill or Oven:** Set your grill to medium heat or preheat your oven to 200°C (400°F).
4. **Cook the Salmon:** Grill the salmon for about 4-6 minutes per side, or until the fish flakes easily with a fork and is caramelized on the surface. Alternatively, bake the salmon on a lined baking sheet for 12-15 minutes until cooked through.
5. **Steam the Vegetables:** While the salmon cooks, bring a pot of water with a steamer basket to a boil. Add the broccoli, carrot, snap peas, and zucchini. Steam for about 5-7 minutes or until tender but still crisp.
6. **Season the Vegetables:** Transfer the vegetables to a serving dish, sprinkle with freshly ground black pepper and toasted sesame seeds for extra flavor and crunch.
7. **Serve:** Plate the grilled miso-glazed salmon alongside the steamed vegetables and enjoy a light, low-sodium meal.

### Serving Size

This recipe serves 2 people.

---

**Fun Tip:** To enhance umami without adding sodium, try adding a sprinkle of finely chopped shiso leaves or a few drops of yuzu juice over the salmon just before serving. It adds a refreshing zing that brightens the dish! Itadakimasu!",True,,35_10,35,FAIL,"The recipe is designed to be low-sodium, but there are some concerns regarding the ingredients used. Miso paste, even in its low-sodium form, can still contain a significant amount of sodium. Additionally, mirin and sake, while used in small quantities, can also contribute to the sodium content. The recipe does not specify the sodium content of these ingredients, which makes it difficult to ensure that the overall sodium level is indeed low. The use of honey or maple syrup, ginger, and rice vinegar does not contribute to sodium levels, and the vegetables are prepared without added salt, which aligns with low-sodium guidelines. However, due to the potential sodium content in the miso paste and other condiments, the recipe may not fully adhere to a strict low-sodium diet.",MEDIUM,True
Got any easy diabetic-friendly dinner recipes? Something low in sugar but tasty would be awesome.,diabetic-friendly,"## Miso-Glazed Grilled Salmon with Steamed Vegetables (Diabetic-Friendly)

Savor the rich umami flavor of miso-glazed salmon paired with a medley of lightly steamed vegetables, making for a satisfying, low-sugar, and diabetes-conscious dinner that's both nutritious and flavorful.

### Ingredients

#### For the Miso-Glazed Salmon:
- 2 salmon fillets (about 150g each)
- 2 tbsp white miso paste
- 1 tbsp low-sodium soy sauce or tamari
- 1 tbsp rice vinegar
- 1 tsp grated fresh ginger
- 1 tsp sesame oil
- 1 tsp erythritol or preferred low-carb sweetener (optional, for balance)

#### For Steamed Vegetables:
- 1 small head of broccoli, cut into florets
- 1 medium carrot, peeled and sliced
- 100g snow peas, trimmed
- 1 tbsp sesame seeds (for garnish)
- 1 tsp toasted sesame oil (optional)

### Instructions

1. **Prepare the Miso Glaze:** In a small bowl, whisk together the miso paste, soy sauce, rice vinegar, grated ginger, sesame oil, and sweetener until smooth.
2. **Marinate the Salmon:** Place the salmon fillets in a shallow dish and spoon the miso glaze over them, ensuring an even coating. Let it marinate at room temperature for 15-20 minutes.
3. **Preheat the Grill or Oven:** If using a grill, heat to medium-high. Alternatively, preheat the oven to 200°C (400°F) and line a baking tray with foil.
4. **Cook the Salmon:** Grill the salmon skin-side down for 4-5 minutes, then flip and cook for another 3-4 minutes until the fish flakes easily with a fork. If baking, place the salmon on the tray and bake for 10-12 minutes until cooked through.
5. **Steam the Vegetables:** While the salmon cooks, steam the broccoli, carrot, and snow peas for 4-5 minutes until tender-crisp.
6. **Finish Vegetables:** Toss the steamed vegetables lightly with toasted sesame oil for extra flavor if desired.
7. **Serve:** Plate the salmon fillets with the steamed vegetables on the side. Sprinkle sesame seeds over the vegetables for garnish.

### Serving Size

This recipe serves 2 people.

---

**Fun Tip:** For an extra burst of freshness, add a squeeze of lemon juice over the salmon just before serving—it brightens the flavors beautifully! Itadakimasu!",True,,20_13,20,PASS,"The recipe for Miso-Glazed Grilled Salmon with Steamed Vegetables is suitable for a diabetic-friendly diet. The main components of the dish, salmon and vegetables, are naturally low in carbohydrates and have a low glycemic index, which is important for managing blood sugar levels. The use of white miso paste, low-sodium soy sauce or tamari, rice vinegar, fresh ginger, and sesame oil in the glaze does not introduce significant carbohydrates or sugars. The optional use of erythritol or a preferred low-carb sweetener is appropriate for a diabetic-friendly diet as erythritol is a sugar alcohol that does not raise blood sugar levels. The recipe avoids high-sugar ingredients and focuses on whole, nutrient-dense foods. Additionally, the use of low-sodium soy sauce or tamari helps in managing sodium intake, which is often a consideration for individuals with diabetes. Overall, the recipe adheres to the diabetic-friendly dietary restriction by focusing on low-sugar, low-glycemic ingredients and preparation methods.",HIGH,True
Got any easy dairy-free dinner recipes? I’m trying to avoid milk and cheese.,dairy-free,"## Miso Glazed Salmon with Steamed Vegetables (Dairy-Free)

Experience a luscious, savory-sweet miso-glazed salmon that's perfectly tender and pairs beautifully with light steamed vegetables for a wholesome, dairy-free dinner that's bursting with umami flavor.

### Ingredients

- 2 salmon fillets (about 150g each), skin on
- 2 tbsp white miso paste
- 1 tbsp mirin (sweet rice wine)
- 1 tbsp sake (or substitute with water)
- 1 tbsp maple syrup or honey
- 1 tsp soy sauce or tamari (for gluten-free)
- 1 cup broccoli florets
- 1 cup carrot slices
- 1 cup snap peas
- 1 tsp toasted sesame oil
- 1 tbsp sesame seeds, for garnish
- 1 spring onion, thinly sliced for garnish
- Salt, to taste
- Freshly ground black pepper, to taste

### Instructions

1. **Prepare the Miso Glaze:** In a small bowl, mix together the white miso paste, mirin, sake, maple syrup, and soy sauce until smooth and well combined.
2. **Marinate the Salmon:** Pat the salmon fillets dry with paper towels and lightly season both sides with salt and pepper. Brush the miso glaze generously over the top of each fillet, covering them completely. Let them sit for 10-15 minutes to absorb the flavors.
3. **Cook the Salmon:** Preheat your oven to 200°C (400°F). Line a baking tray with parchment paper or foil. Place the salmon fillets skin-side down on the tray and bake for 10-12 minutes, or until the salmon is cooked through and the glaze is caramelized and slightly bubbly on top.
4. **Steam the Vegetables:** While the salmon bakes, bring a pot of water to a boil with a steaming basket over it. Add the broccoli, carrots, and snap peas to the basket and steam for about 5-7 minutes, or until the vegetables are tender but still crisp.
5. **Finish the Vegetables:** Transfer the steamed vegetables to a serving bowl, drizzle with toasted sesame oil, and toss gently to coat.
6. **Serve:** Plate the miso-glazed salmon with a generous serving of steamed vegetables beside it. Garnish the salmon with sesame seeds and sliced spring onion.

### Serving Size

This recipe serves 2 people.

---

**Fun Tip:** For extra texture and flavor, add a sprinkle of toasted nori flakes or crushed roasted peanuts over the veggies! It adds a delightful crunch and deep sea flavor. Itadakimasu!",True,,10_13,10,PASS,"The recipe for Miso Glazed Salmon with Steamed Vegetables adheres to the dairy-free dietary restriction. It does not include any dairy products such as milk, cheese, butter, or yogurt. The ingredients used, such as salmon, miso paste, mirin, sake, maple syrup, soy sauce, and vegetables, are all dairy-free. The preparation methods, including marinating, baking, and steaming, do not introduce any dairy elements. The recipe also suggests using tamari for a gluten-free option, which is considerate for those with additional dietary needs. The fun tip at the end suggests adding toasted nori flakes or crushed roasted peanuts, which are also dairy-free options.",HIGH,True
"Hey, can you suggest some easy diabetic-friendly lunch ideas that don’t spike blood sugar?",diabetic-friendly,"## Grilled Miso Salmon with Steamed Vegetables

Savor a flavorful, diabetic-friendly lunch that combines tender, miso-glazed salmon with vibrant steamed seasonal vegetables for a balanced, blood sugar-conscious meal.

### Ingredients

- 2 salmon fillets (about 150g each)
- 2 tbsp white miso paste
- 1 tbsp sake (optional, or substitute with water)
- 1 tbsp mirin
- 1 tsp grated fresh ginger
- 1 tsp sesame oil
- 1 small broccoli head, cut into florets
- 1 medium carrot, sliced into thin rounds
- 100g green beans, trimmed
- 1 tbsp low-sodium soy sauce or tamari (gluten-free option)
- 1 tbsp toasted sesame seeds (optional)
- Fresh lemon wedges, for garnish

### Instructions

1. **Prepare Miso Marinade:** In a small bowl, whisk together miso paste, sake, mirin, grated ginger, and sesame oil until smooth.
2. **Marinate Salmon:** Place salmon fillets in a shallow dish and coat evenly with the miso mixture. Cover and refrigerate for at least 15 minutes to absorb flavors.
3. **Steam Vegetables:** While the salmon marinates, fill a pot with 2 inches of water and bring to a boil. Place broccoli, carrots, and green beans in a steamer basket over the boiling water. Cover and steam for 5-7 minutes until tender but crisp.
4. **Cook Salmon:** Heat a non-stick skillet or grill pan over medium heat. Remove salmon from marinade (reserve marinade) and cook skin-side down for 4-5 minutes. Flip and cook for another 3-4 minutes until salmon is cooked through.
5. **Glaze Salmon:** Pour reserved marinade into the pan during the last minute of cooking, spooning it over the salmon to create a flavorful glaze.
6. **Serve:** Plate the salmon with steamed vegetables on the side. Drizzle vegetables lightly with soy sauce or tamari and sprinkle salmon with sesame seeds. Garnish with lemon wedges for a zesty finish.

### Serving Size

This recipe serves 2 people.

---

**Fun Tip:** Pair this meal with a small bowl of konjac noodles or shirataki noodles to keep carbs low while enjoying added texture and fullness. Itadakimasu!",True,,21_3,21,PASS,"The recipe for Grilled Miso Salmon with Steamed Vegetables is suitable for a diabetic-friendly diet. The main components, salmon and steamed vegetables, are low in carbohydrates and have a low glycemic index, which helps in managing blood sugar levels. The use of miso paste, ginger, and sesame oil adds flavor without adding significant carbohydrates. The recipe suggests using low-sodium soy sauce or tamari, which is a good choice for reducing sodium intake. The optional use of sake can be substituted with water to avoid any potential sugar content from alcohol. Mirin, which is a sweet rice wine, is used in a small amount (1 tbsp) and could potentially add some sugar, but given the overall low-carb nature of the dish, it is unlikely to significantly impact blood sugar levels. The recipe also suggests pairing with konjac or shirataki noodles, which are very low in carbohydrates, making them a suitable addition for a diabetic-friendly meal. Overall, the recipe is well-balanced and adheres to the dietary restriction.",HIGH,True
Trying to stick to pescatarian meals this week—got any easy dinner ideas with fish or seafood?,pescatarian,"## Miso-Glazed Black Cod with Steamed Rice and Sautéed Spinach

Dive into the rich, buttery flavors of black cod enhanced with a savory-sweet miso glaze, paired perfectly with fluffy steamed rice and garlic sautéed spinach—a simple yet elegant pescatarian dinner.

### Ingredients

- 2 black cod fillets (about 150g each)
- 3 tbsp white miso paste
- 2 tbsp mirin (sweet rice wine)
- 1 tbsp sake (optional, or replace with water)
- 1 tbsp sugar
- 1 tbsp vegetable oil

#### For Steamed Rice:
- 1 cup Japanese short-grain rice
- 1 1/4 cups water

#### For Sautéed Spinach:
- 200g fresh spinach, washed and trimmed
- 1 tbsp sesame oil
- 2 garlic cloves, thinly sliced
- 1 tsp soy sauce
- Toasted sesame seeds, for garnish

### Instructions

1. **Marinate the Cod:** In a small bowl, whisk together miso paste, mirin, sake, and sugar until smooth. Pat the cod fillets dry and coat them evenly with the miso marinade. Place in a dish, cover, and let marinate in the fridge for at least 30 minutes or up to 2 hours for deeper flavor.
2. **Cook the Rice:** Rinse the rice under cold water until water runs clear. Drain well, then add rice and water to a rice cooker or pot. Cook according to your rice cooker instructions or bring to a boil, reduce heat to low, cover and cook for 15 minutes; let stand covered for 10 minutes before fluffing with a fork.
3. **Bake the Cod:** Preheat your oven to 200°C (400°F). Line a baking tray with foil and lightly oil it. Place the marinated cod on the tray, skin side down, and bake for 10-12 minutes until the fish flakes easily and the miso glaze is caramelized.
4. **Prepare Spinach:** While the cod bakes, heat sesame oil in a large skillet over medium heat. Add garlic slices and sauté until fragrant and slightly golden, about 1-2 minutes.
5. **Cook Spinach:** Add spinach to the skillet and stir quickly until just wilted, about 2-3 minutes. Season with soy sauce and toss to combine.
6. **Serve:** Plate the miso-glazed cod with a serving of steamed rice and sautéed spinach on the side. Sprinkle toasted sesame seeds over the spinach for an added nutty crunch.

### Serving Size

Serves 2 people.

---

**Fun Tip:** For an extra burst of umami, sprinkle a little shichimi togarashi (Japanese seven-spice) over the cod just before serving. It adds a delightful kick! Itadakimasu!",True,,30_14,30,PASS,"The recipe for Miso-Glazed Black Cod with Steamed Rice and Sautéed Spinach adheres to the pescatarian dietary restriction. The main protein source is black cod, which is a type of fish, and there are no other meat products included. The use of fish and seafood is allowed in a pescatarian diet. The other ingredients, such as miso paste, mirin, sake, sugar, vegetable oil, rice, spinach, sesame oil, garlic, soy sauce, and sesame seeds, do not violate the pescatarian guidelines. The optional use of sake can be replaced with water, which is a suitable substitution for those who may avoid alcohol. Overall, the recipe is consistent with the pescatarian diet.",HIGH,True
"Hey, can you suggest some easy low-carb dinner ideas? Trying to keep the carbs down but still want something tasty.",low-carb,"## Japanese Zucchini Noodles with Miso-Glazed Salmon

A light and flavorful low-carb dinner featuring tender miso-glazed salmon served atop refreshing zucchini noodles, packed with umami and freshness for a satisfying meal.

### Ingredients

#### For Miso-Glazed Salmon:
- 2 salmon fillets (about 150g each)
- 2 tbsp white miso paste
- 1 tbsp mirin
- 1 tbsp sake (optional, or substitute with water)
- 1 tsp soy sauce or tamari (for gluten-free)
- 1 tsp sesame oil
- 1 tsp grated fresh ginger

#### For Zucchini Noodles:
- 2 medium zucchinis, spiralized into noodles
- 1 tbsp sesame oil
- 1 garlic clove, minced
- 2 spring onions, thinly sliced
- 1 tbsp toasted sesame seeds
- Salt and freshly ground black pepper, to taste

### Instructions

1. **Prepare the Miso Glaze:** In a small bowl, mix together miso paste, mirin, sake, soy sauce, sesame oil, and grated ginger until smooth.
2. **Marinate Salmon:** Brush the salmon fillets on all sides with the miso glaze. Let them marinate for 15 minutes at room temperature.
3. **Cook Salmon:** Preheat a non-stick skillet over medium heat. Place the salmon skin-side down and cook for 4-5 minutes until crispy. Flip carefully and cook for an additional 3-4 minutes until the salmon is cooked through but still moist inside. Remove from heat and set aside.
4. **Prepare Zucchini Noodles:** In a large skillet, heat sesame oil over medium heat. Add minced garlic and sauté until fragrant, about 30 seconds.
5. **Cook Zoodles:** Add zucchini noodles to the pan and stir-fry for 2-3 minutes until just tender but still crisp. Avoid overcooking to prevent sogginess.
6. **Season Zoodles:** Season with salt and black pepper. Stir in spring onions and toasted sesame seeds.
7. **Plate:** Divide zucchini noodles between two plates and top each with a piece of miso-glazed salmon.

### Serving Size

This recipe serves 2 people.

---

**Fun Tip:** For extra flavor depth, drizzle a little chili oil over the salmon before serving if you like a hint of heat! Itadakimasu!",True,,37_6,37,PASS,"The recipe for Japanese Zucchini Noodles with Miso-Glazed Salmon is evaluated for adherence to a low-carb dietary restriction. The main components of the dish are salmon and zucchini noodles, both of which are low in carbohydrates. The miso glaze includes white miso paste, mirin, sake, soy sauce, sesame oil, and ginger. While mirin and sake contain some carbohydrates, the amounts used are minimal and spread across two servings, keeping the overall carbohydrate content low. Zucchini noodles are a low-carb alternative to traditional pasta. The recipe avoids high-carb ingredients and focuses on low-carb vegetables and protein, making it suitable for a low-carb diet.",HIGH,True
Looking for some easy gluten free dinner ideas that my whole family will actually enjoy!,gluten-free,"## Miso-Glazed Salmon with Steamed Rice and Sauteed Spinach (Gluten-Free)

Dive into a perfectly balanced, family-friendly Japanese dinner featuring tender salmon glazed with savory-sweet miso sauce, served with fluffy steamed rice and nutrient-packed sautéed spinach — all gluten-free and irresistibly delicious!

### Ingredients

#### For Miso-Glazed Salmon:
- 2 salmon fillets (about 150g each), skin-on
- 3 tbsp white miso paste (make sure it's gluten-free)
- 1 tbsp mirin (Japanese sweet rice wine)
- 1 tbsp sake (or substitute with water)
- 1 tbsp honey or maple syrup
- 1 tsp sesame oil

#### For Steamed Rice:
- 1 cup Japanese short-grain rice
- 1 1/4 cups water

#### For Sauteed Spinach:
- 200g fresh spinach, washed and trimmed
- 1 tbsp sesame oil
- 2 garlic cloves, thinly sliced
- 1 tbsp gluten-free tamari sauce
- Toasted sesame seeds for garnish (optional)

### Instructions

1. **Prepare the Rice:** Rinse the rice under cold water until the water runs clear to remove excess starch. Combine rinsed rice and water in a pot with a tight-fitting lid. Bring to a boil, then reduce heat to low, cover, and simmer for 15 minutes. Remove from heat and let it steam for another 10 minutes without lifting the lid.
2. **Make Miso Glaze:** In a small bowl, whisk together the white miso paste, mirin, sake, honey, and sesame oil until smooth.
3. **Marinate Salmon:** Place the salmon fillets in a shallow dish and brush the miso glaze generously over the top of each piece. Let it marinate for about 15-20 minutes at room temperature.
4. **Cook Salmon:** Preheat the oven to 200°C (390°F). Line a baking tray with parchment paper or lightly oil it. Place the salmon fillets skin-side down and roast for 10-12 minutes until the salmon is cooked through and the glaze is caramelized and slightly golden.
5. **Sauté Spinach:** While the salmon roasts, heat sesame oil in a large skillet over medium heat. Add the sliced garlic and sauté for 1-2 minutes until fragrant but not browned. Add the spinach and toss quickly until wilted (about 2-3 minutes). Drizzle with tamari sauce, stir well, and remove from heat.
6. **Serve:** Plate the miso-glazed salmon alongside the steamed rice and sautéed spinach. Sprinkle toasted sesame seeds on the spinach for an extra nutty flavor if you like.

### Serving Size

Serves 2 people.

---

**Fun Tip:** For extra vibrant colors and nutrition, garnish your meal with finely sliced green onions or a sprinkle of shichimi togarashi (Japanese seven-spice) if your family enjoys a bit of heat. Itadakimasu!",True,,6_2,6,PASS,"The recipe for Miso-Glazed Salmon with Steamed Rice and Sauteed Spinach adheres to the gluten-free dietary restriction. The key ingredients that could potentially contain gluten, such as miso paste and tamari sauce, are specified to be gluten-free. Miso paste can sometimes contain barley, which has gluten, but the recipe explicitly states to use a gluten-free version. Similarly, tamari sauce is often gluten-free, unlike regular soy sauce, which contains wheat. The rest of the ingredients, including salmon, rice, spinach, sesame oil, garlic, and honey or maple syrup, are naturally gluten-free. The preparation methods do not introduce any gluten-containing elements. Therefore, the recipe is suitable for a gluten-free diet.",HIGH,True
Trying to stick to pescatarian meals this week—got any easy dinner ideas with fish or seafood?,pescatarian,"## Teriyaki Glazed Salmon with Soba Noodle Salad

Enjoy a vibrant pescatarian Japanese dinner featuring tender salmon glazed in a sweet and savory teriyaki sauce, paired with a refreshing soba noodle salad bursting with fresh vegetables and a tangy sesame dressing.

### Ingredients

#### For Teriyaki Salmon:
- 2 salmon fillets (about 150g each)
- 3 tbsp soy sauce (or tamari for gluten-free)
- 2 tbsp mirin
- 1 tbsp sake (optional, or substitute with water)
- 1 tbsp brown sugar
- 1 garlic clove, minced
- 1 tsp fresh ginger, grated
- 1 tbsp vegetable oil
- Sesame seeds, for garnish
- Chopped green onions, for garnish

#### For Soba Noodle Salad:
- 100g soba noodles
- 1 small cucumber, julienned
- 1 small carrot, julienned
- 2 spring onions, thinly sliced
- 1 tbsp toasted sesame seeds
- 1 tbsp rice vinegar
- 1 tbsp soy sauce (or tamari)
- 1 tbsp sesame oil
- 1 tsp honey or maple syrup

### Instructions

1. **Make Teriyaki Sauce:** In a small bowl, mix soy sauce, mirin, sake, brown sugar, garlic, and ginger until the sugar dissolves. Set aside.
2. **Cook Salmon:** Heat vegetable oil in a non-stick skillet over medium heat. Place salmon fillets skin-side down and cook for 4-5 minutes until the skin is crisp.
3. **Glaze the Salmon:** Flip salmon over, pour the teriyaki sauce over the fillets, and continue cooking for another 3-4 minutes, spooning the sauce on top frequently, until the salmon is cooked through and glaze is sticky.
4. **Prepare Soba Noodles:** Cook soba noodles according to package instructions. Drain and rinse under cold water to stop cooking and remove excess starch. Set aside.
5. **Make Salad Dressing:** In a small bowl, whisk together rice vinegar, soy sauce, sesame oil, and honey/maple syrup.
6. **Assemble Salad:** In a mixing bowl, toss cooled soba noodles, cucumber, carrot, and spring onions with the dressing until evenly coated. Sprinkle toasted sesame seeds on top.
7. **Serve:** Plate the teriyaki glazed salmon alongside a generous portion of soba noodle salad. Garnish salmon with sesame seeds and chopped green onions.

### Serving Size

This recipe serves 2 people.

---

**Fun Tip:** For an extra burst of umami flavor, add a small spoonful of toasted nori flakes on top of the salmon just before serving—it adds a lovely seaweed aroma! Itadakimasu!",True,,30_9,30,PASS,"The recipe for Teriyaki Glazed Salmon with Soba Noodle Salad adheres to the pescatarian dietary restriction. The main protein source is salmon, which is a type of fish and acceptable in a pescatarian diet. The recipe does not include any meat other than fish or seafood. All other ingredients, such as soy sauce, mirin, sake, brown sugar, garlic, ginger, vegetable oil, soba noodles, cucumber, carrot, spring onions, sesame seeds, rice vinegar, sesame oil, and honey or maple syrup, are plant-based or fish-based and do not violate the pescatarian guidelines. The cooking methods used, such as glazing and assembling a salad, are also appropriate for a pescatarian diet.",HIGH,True
Looking for a simple vegetarian dinner recipe that’s filling and not too complicated—got any ideas?,vegetarian,"## Miso-Glazed Eggplant with Steamed Rice

Savor tender, caramelized eggplant slices glazed with a rich miso sauce—this simple and filling vegetarian dish is packed with umami and perfect for a comforting dinner that’s easy to prepare.

### Ingredients

- 2 medium Japanese eggplants (or regular eggplants), sliced lengthwise into 1 cm thick pieces
- 2 tbsp white miso paste
- 1 tbsp mirin (sweet rice wine)
- 1 tbsp sake (optional, or substitute with water)
- 1 tbsp sugar
- 1 tbsp soy sauce (or tamari for gluten-free)
- 2 tbsp vegetable oil
- 1 cup Japanese short-grain rice (for steaming)
- 1 1/4 cups water (for cooking rice)
- 2 spring onions, sliced thinly (for garnish)
- Toasted sesame seeds, for garnish

### Instructions

1. **Cook the Rice:** Rinse the rice under cold water until water runs clear, then drain. Combine rice and water in a pot, bring to a boil, then reduce heat to low, cover, and simmer for 15 minutes. Remove from heat and let it steam, covered, for another 10 minutes.
2. **Prepare Miso Glaze:** In a small bowl, whisk together white miso paste, mirin, sake (or water), sugar, and soy sauce until smooth. Set aside.
3. **Cook Eggplant:** Heat vegetable oil in a non-stick skillet over medium heat. Add eggplant slices and cook for about 4-5 minutes on each side until softened and golden brown.
4. **Glaze the Eggplant:** Reduce heat to low. Brush the miso glaze generously over one side of the eggplant slices and cook for 2-3 minutes to let the glaze slightly caramelize. Flip and repeat on the other side.
5. **Serve:** Plate the glazed eggplant slices over steamed rice. Garnish with sliced spring onions and a sprinkle of toasted sesame seeds.

### Serving Size

This recipe serves 2 people.

---

**Fun Tip:** For extra texture, add a side of simple cucumber sunomono (vinegar salad) to balance the rich miso flavor. Itadakimasu!",True,,15_2,15,PASS,"The recipe for Miso-Glazed Eggplant with Steamed Rice adheres to the vegetarian dietary restriction. It includes no meat or fish, and the use of dairy and eggs is not present, which is acceptable for a vegetarian diet. The ingredients such as eggplant, miso paste, mirin, sake (or water), sugar, soy sauce, vegetable oil, rice, spring onions, and sesame seeds are all vegetarian-friendly. The preparation methods, including steaming rice and glazing eggplant, do not introduce any non-vegetarian elements. The optional use of sake is not a concern for vegetarianism, as it is an alcoholic beverage and not derived from animal products.",HIGH,True
"Hey, can you suggest some tasty low-sodium dinner ideas? Trying to keep my salt intake down.",low-sodium,"## Low-Sodium Miso-Glazed Black Cod with Steamed Vegetables

Discover the delicate sweetness of miso-glazed black cod, naturally low in sodium when using reduced-sodium miso, paired with fresh steamed vegetables for a nutritious, flavorful, and heart-healthy dinner.

### Ingredients

#### For the Black Cod:
- 2 black cod fillets (about 150g each)
- 2 tbsp reduced-sodium white miso paste
- 1 tbsp sake
- 1 tbsp mirin (or substitute with a little honey and water)
- 1 tsp freshly grated ginger

#### For Steamed Vegetables:
- 1 cup broccoli florets
- 1/2 cup snap peas, trimmed
- 1 medium carrot, sliced into thin rounds
- 1 tbsp water
- A few sprigs of fresh parsley or shiso leaves for garnish (optional)

### Instructions

1. **Prepare the Miso Marinade:** In a small bowl, mix together the reduced-sodium white miso paste, sake, mirin, and grated ginger until smooth.
2. **Marinate the Cod:** Pat the cod fillets dry and coat them evenly with the miso marinade. Cover and refrigerate for at least 1 hour, preferably 2-3 hours for deeper flavor.
3. **Preheat Oven:** Heat your oven to 200°C (400°F). Line a baking sheet with parchment paper or lightly oil the tray to prevent sticking.
4. **Bake the Cod:** Place the marinated cod fillets on the tray, skin-side down. Bake for 10-12 minutes until the fish is opaque and flakes easily with a fork.
5. **Steam the Vegetables:** While the fish is baking, place broccoli, snap peas, and carrot slices in a steamer basket over boiling water. Cover and steam for about 5-6 minutes or until vegetables are tender but still crisp.
6. **Serve:** Arrange the steamed vegetables on plates along with the baked cod. Garnish with fresh parsley or shiso leaves if using.

### Serving Size

This recipe serves 2 people.

---

**Fun Tip:** To boost flavor without salt, add a squeeze of fresh lemon or yuzu juice just before serving—it adds a bright citrusy note that complements the miso perfectly. Itadakimasu!",True,,35_13,35,FAIL,"The recipe for Low-Sodium Miso-Glazed Black Cod with Steamed Vegetables is designed to be low in sodium by using reduced-sodium miso paste. However, the inclusion of sake and mirin, both of which can contain significant amounts of sodium, may not be suitable for a strict low-sodium diet. While the recipe attempts to reduce sodium by using reduced-sodium miso, the overall sodium content from the combination of miso, sake, and mirin could still be higher than desired for someone strictly monitoring their sodium intake. Additionally, the recipe does not provide specific sodium content information, which is crucial for evaluating its suitability for a low-sodium diet.",MEDIUM,True
"Hey, can you suggest some tasty low-sodium dinner ideas? Trying to keep my salt intake down.",low-sodium,"## Miso-Glazed Eggplant with Steamed Rice and Sautéed Greens (Low-Sodium)

Discover the rich umami flavors of miso-glazed eggplant, paired with fluffy steamed rice and lightly sautéed greens, all carefully crafted to keep sodium levels low while satisfying your taste buds.

### Ingredients

#### For Miso-Glazed Eggplant:
- 2 medium Japanese eggplants, halved lengthwise
- 2 tbsp low-sodium white miso paste
- 1 tbsp mirin (sweet rice wine)
- 1 tsp honey or maple syrup
- 1 tsp rice vinegar
- 1 tsp sesame oil
- 1 garlic clove, minced
- 1 tsp grated fresh ginger

#### For Steamed Rice:
- 1 cup Japanese short-grain rice
- 1 1/4 cups water

#### For Sautéed Greens:
- 200g baby spinach or bok choy, washed and trimmed
- 1 tsp sesame oil
- 1 garlic clove, thinly sliced
- Freshly ground black pepper, to taste
- Toasted sesame seeds, for garnish

### Instructions

1. **Prepare Rice:** Rinse the rice under cold water until the water runs clear. Drain. Combine the rice and water in a rice cooker or pot. Cook according to your rice cooker instructions or bring to a boil, then reduce to a simmer and cover for 15 minutes. Remove from heat and let steam for another 10 minutes.
2. **Make Miso Glaze:** In a small bowl, whisk together miso paste, mirin, honey, rice vinegar, sesame oil, garlic, and ginger until smooth. Set aside.
3. **Prepare Eggplant:** Score the cut sides of the eggplants in a crisscross pattern, being careful not to cut through the skin.
4. **Glaze Eggplant:** Preheat your oven to 200°C (390°F). Line a baking sheet with parchment paper and place eggplants cut side up. Brush the miso glaze generously over the scored surfaces.
5. **Roast Eggplant:** Roast for 20-25 minutes until the eggplant is tender and the glaze is caramelized.
6. **Sauté Greens:** While the eggplant roasts, heat sesame oil in a skillet over medium heat. Add sliced garlic and cook until fragrant but not browned, about 30 seconds. Add greens and sauté for 2-3 minutes until wilted but still vibrant. Season lightly with black pepper.
7. **Serve:** Plate the roasted miso-glazed eggplant alongside steamed rice and sautéed greens. Sprinkle the greens with toasted sesame seeds for extra flavor.

### Serving Size

This recipe serves 2 people.

---

**Fun Tip:** If you want a little more texture, sprinkle crushed toasted nori sheets over your eggplant just before serving. It adds a wonderful oceanic flavor without extra sodium! Itadakimasu!",True,,35_11,35,PASS,"The recipe is designed to be low-sodium, as indicated by the use of low-sodium white miso paste, which is a key ingredient in the glaze. Miso paste is typically high in sodium, but the recipe specifies a low-sodium version, which is crucial for adhering to a low-sodium diet. The other ingredients, such as mirin, honey or maple syrup, rice vinegar, sesame oil, garlic, and ginger, do not inherently contain high levels of sodium. The preparation methods, including roasting and sautéing, do not add any additional sodium. The use of freshly ground black pepper and toasted sesame seeds for seasoning and garnish also avoids adding sodium. Overall, the recipe carefully considers sodium content and provides a flavorful dish without relying on salt.",HIGH,True
