query,dietary_restriction,response,success,error,trace_id,query_id
Looking for a simple vegetarian dinner recipe that’s filling and not too complicated—got any ideas?,vegetarian,"## Hearty Japanese Miso Soup with Tofu and Vegetables

Warm up your evening with a comforting and filling Japanese miso soup, packed with nutritious vegetables and silky tofu, perfect for a simple vegetarian dinner that's both satisfying and easy to make.

### Ingredients

- 4 cups dashi stock (use kombu and shiitake mushroom broth for vegetarian/vegan option)
- 3 tbsp white miso paste
- 200g firm tofu, cut into 1-inch cubes
- 1 small carrot, sliced thinly
- 1 cup fresh spinach leaves
- 4 shiitake mushrooms, sliced
- 2 spring onions, thinly sliced
- 1 sheet of wakame seaweed (about 1 tbsp dried), rehydrated and chopped
- 1 tsp sesame oil (optional, for a touch of richness)

### Instructions

1. **Prepare the Broth:** In a medium pot, bring the dashi stock to a gentle simmer over medium heat.
2. **Add Vegetables:** Add sliced carrots and shiitake mushrooms to the pot. Cook for 5-7 minutes until the vegetables are tender.
3. **Add Tofu and Wakame:** Gently add the tofu cubes and rehydrated wakame to the simmering soup and cook for another 2-3 minutes.
4. **Mix Miso Paste:** Place miso paste in a small bowl and ladle about 1/2 cup of the hot broth over it. Whisk until the miso is fully dissolved.
5. **Combine Miso with Soup:** Lower the heat and stir the dissolved miso paste into the pot. Avoid boiling after adding miso to preserve its delicate flavors.
6. **Add Greens:** Toss in fresh spinach leaves and sliced spring onions, cooking just until the spinach wilts (about 1 minute).
7. **Finish:** Drizzle sesame oil on top if using, and give everything a gentle stir.
8. **Serve:** Ladle the soup into bowls and enjoy it hot for a light yet filling dinner.

### Serving Size

This recipe serves 2 people.

---

**Fun Tip:** For an extra filling meal, serve your miso soup with a side of steamed rice or a small bowl of soba noodles. It pairs wonderfully and makes your dinner heartier. Itadakimasu!",True,,15_2,15
"trying to stick to keto, any easy quick dinner ideas that won’t mess with my macros?",keto,"## Keto-Friendly Miso-Creamy Salmon with Spinach Sauté

A quick and delicious low-carb Japanese-inspired dinner featuring rich salmon glazed in a creamy miso sauce, paired with garlicky sautéed spinach—perfect for sticking to your keto macros without sacrificing flavor.

### Ingredients

#### For the Salmon:
- 2 salmon fillets (about 150g each)
- 2 tbsp white miso paste
- 2 tbsp heavy cream
- 1 tbsp unsalted butter
- 1 tsp soy sauce or tamari (for keto-friendly low sodium)
- 1 tsp lemon juice
- Salt and pepper, to taste

#### For the Spinach Sauté:
- 200g fresh spinach leaves
- 1 tbsp sesame oil or avocado oil
- 2 garlic cloves, minced
- Pinch of chili flakes (optional)
- Salt, to taste

### Instructions

1. **Prepare the Miso Cream Sauce:** In a small bowl, whisk together miso paste, heavy cream, soy sauce, and lemon juice until smooth. Set aside.
2. **Cook the Salmon:** Pat the salmon fillets dry, season lightly with salt and pepper. Heat the butter in a non-stick skillet over medium heat.
3. **Sear Salmon:** Place the fillets skin-side down (if skin-on) and cook for about 4-5 minutes until crispy and golden. Flip carefully.
4. **Add Sauce:** Pour the miso cream sauce over the salmon in the skillet. Reduce heat to low and spoon the sauce onto the fish as it cooks for another 3-4 minutes until the salmon is cooked through and the sauce thickens slightly.
5. **Sauté Spinach:** While salmon cooks, heat oil in another pan over medium heat. Add minced garlic and chili flakes; sauté for 30 seconds until fragrant.
6. **Add Spinach:** Toss in spinach and stir frequently until wilted but still bright green, about 2-3 minutes. Season lightly with salt.
7. **Serve:** Plate the salmon with a generous drizzle of the creamy miso sauce and the garlicky sautéed spinach on the side.

### Serving Size

This recipe serves 2 people.

---

**Fun Tip:** For extra texture, sprinkle toasted sesame seeds on top of the salmon and spinach just before serving! It will add a lovely nutty crunch without kicking you out of ketosis. Itadakimasu!",True,,7_1,7
Got any quick paleo-friendly dinner ideas? Trying to keep it clean but tasty tonight.,paleo,"## Paleo-Friendly Japanese Ginger Pork Stir-Fry

Savor a quick and flavorful paleo-friendly Japanese ginger pork stir-fry that is clean, vibrant, and perfect for a wholesome dinner packed with fresh veggies and tender pork!

### Ingredients

- 300g pork loin or shoulder, thinly sliced
- 1 tbsp coconut aminos (paleo soy sauce alternative)
- 1 tbsp fresh ginger, finely grated
- 2 garlic cloves, minced
- 1 medium carrot, julienned
- 1 cup broccoli florets
- 1/2 red bell pepper, thinly sliced
- 2 tbsp coconut oil or avocado oil
- 1 small onion, thinly sliced
- Sea salt and freshly ground black pepper, to taste
- 1 tsp sesame seeds (optional, for garnish)
- 2 spring onions, chopped (for garnish)

### Instructions

1. **Marinate the Pork:** In a bowl, combine the thinly sliced pork with coconut aminos, grated ginger, and minced garlic. Mix well and set aside for 10 minutes to infuse the flavors.
2. **Heat the Oil:** In a large skillet or wok, heat 1 tablespoon of coconut oil over medium-high heat until hot.
3. **Cook the Pork:** Add the marinated pork to the skillet and stir-fry for 3-4 minutes until the pork is browned and cooked through. Remove from the skillet and set aside.
4. **Stir-Fry Vegetables:** Add the remaining tablespoon of coconut oil to the skillet. Toss in the onion, carrot, broccoli, and red bell pepper. Stir-fry for 5-6 minutes until the vegetables are crisp-tender.
5. **Combine Pork and Veggies:** Return the cooked pork to the skillet and toss everything together for another 1-2 minutes. Season with salt and black pepper to taste.
6. **Garnish and Serve:** Transfer to plates, sprinkle with sesame seeds and chopped spring onions.

### Serving Size

This recipe serves 2 people.

---

**Fun Tip:** For an extra zing, squeeze a little fresh lemon or lime juice over the stir-fry just before serving to brighten the flavors even more. Itadakimasu!",True,,16_2,16
"Hey, do you have any easy vegan recipes for a weeknight dinner? Something quick and tasty would be great!",vegan,"## Quick and Tasty Vegan Japanese Cabbage Stir-Fry

This vibrant and flavorful vegan cabbage stir-fry brings the perfect combination of crunch, umami, and speed to your weeknight dinner, made with simple ingredients you can toss together in just 20 minutes!

### Ingredients

- 300g green cabbage, thinly sliced
- 1 medium carrot, julienned
- 100g shiitake mushrooms, sliced
- 1 small onion, thinly sliced
- 2 cloves garlic, minced
- 1 tbsp ginger, grated
- 2 tbsp sesame oil
- 2 tbsp soy sauce or tamari (for gluten-free)
- 1 tbsp mirin
- 1 tsp rice vinegar
- 1 tsp maple syrup or agave nectar
- 1 tsp toasted sesame seeds, for garnish
- 1 spring onion, chopped, for garnish
- Cooked white or brown rice, to serve (optional)

### Instructions

1. **Prepare the sauce:** In a small bowl, mix together soy sauce, mirin, rice vinegar, and maple syrup to create a simple, tangy stir-fry sauce. Set aside.
2. **Heat oil:** In a large skillet or wok, heat sesame oil over medium-high heat.
3. **Sauté aromatics:** Add minced garlic and grated ginger to the hot oil and stir-fry for about 30 seconds until fragrant, being careful not to burn.
4. **Cook vegetables:** Add sliced onion, carrot, and shiitake mushrooms to the pan. Stir-fry for 3-4 minutes until they start to soften.
5. **Add cabbage:** Toss in the sliced cabbage and continue stir-frying for another 4-5 minutes until it becomes tender but still crisp.
6. **Add sauce:** Pour the prepared sauce over the vegetables and toss well to evenly coat everything. Cook for another 2 minutes to let the flavors meld.
7. **Garnish and serve:** Remove from heat, sprinkle with toasted sesame seeds and chopped spring onion. Serve immediately, optionally over a bowl of steaming rice.

### Serving Size

Serves 2 people.

---

**Fun Tip:** For an extra protein boost, try adding some cubed firm tofu or edamame beans to this stir-fry! Itadakimasu!",True,,1_1,1
Trying to eat more vegetarian meals—got any easy dinner recipes that aren’t just salad?,vegetarian,"## Miso Eggplant Dengaku: Savory Sweet Grilled Eggplant with Miso Glaze

This classic Japanese dish features tender grilled eggplant topped with a rich, savory-sweet miso glaze—a warm, comforting vegetarian dinner that's anything but salad!

### Ingredients

- 2 medium-sized Japanese eggplants (or regular eggplants), halved lengthwise
- 3 tbsp white miso paste
- 1 tbsp mirin (sweet rice wine)
- 1 tbsp sake (optional, or substitute with water)
- 1 tbsp sugar
- 1 tbsp sesame oil
- 1 tsp toasted sesame seeds
- 1 green onion, thinly sliced (for garnish)

### Instructions

1. **Prepare the Eggplants:** Preheat your oven to 400°F (200°C). Score the cut side of each eggplant half in a crisscross pattern, being careful not to cut through the skin.
2. **Season and Oil:** Brush the eggplant halves generously with sesame oil on the cut side and place them cut-side up on a baking tray lined with parchment paper.
3. **Roast the Eggplants:** Roast the eggplants in the preheated oven for 20-25 minutes until the flesh is soft and starting to brown.
4. **Make the Miso Glaze:** While the eggplant roasts, combine the miso paste, mirin, sake, and sugar in a small bowl. Stir until you have a smooth, thick glaze.
5. **Apply the Glaze:** Remove the eggplants from the oven and spread the miso glaze evenly over the cut sides.
6. **Broil for Finish:** Set your oven to broil. Return the glazed eggplants to the oven and broil for 3-5 minutes until the glaze starts to bubble and caramelize—watch carefully to avoid burning.
7. **Garnish and Serve:** Remove from oven, sprinkle toasted sesame seeds and sliced green onions over the top. Serve immediately with steamed rice or your favorite Japanese side dishes.

### Serving Size

Serves 2 people.

---

**Fun Tip:** Try adding a sprinkle of shichimi togarashi (Japanese seven spice) on the eggplants for an extra kick of flavor! Itadakimasu!",True,,14_2,14
Trying to eat more vegetarian stuff—got any easy dinner recipes that don’t take forever?,vegetarian,"## Quick and Flavorful Yasai Itame (Japanese Stir-Fried Vegetables)

A vibrant, quick-to-make stir-fry packed with fresh vegetables and savory Japanese flavors, perfect for a light yet satisfying vegetarian dinner that won't keep you in the kitchen for hours.

### Ingredients

- 1 tbsp sesame oil
- 2 garlic cloves, minced
- 1 small onion, thinly sliced
- 1 medium carrot, julienned
- 1/2 small napa cabbage, chopped (about 150g)
- 100g shiitake mushrooms, sliced
- 100g green beans, trimmed and cut into 2-inch pieces
- 2 tbsp soy sauce
- 1 tbsp mirin
- 1 tsp sugar
- 1/2 tsp grated fresh ginger
- 1/2 tsp toasted sesame seeds (optional)
- Cooked steamed rice, for serving

### Instructions

1. **Prepare the Sauce:** In a small bowl, mix together soy sauce, mirin, sugar, and grated ginger. Set this aside.
2. **Heat the Pan:** Place a large non-stick skillet or wok over medium-high heat and add sesame oil.
3. **Sauté Aromatics:** Add the garlic and onion to the pan and stir-fry for about 2 minutes until fragrant and the onion begins to soften.
4. **Add Harder Vegetables:** Toss in the carrots and green beans. Stir-fry for approximately 3-4 minutes until they start to soften but remain crisp.
5. **Add Mushrooms and Cabbage:** Incorporate the shiitake mushrooms and napa cabbage. Continue stir-frying for another 3 minutes until all vegetables are tender but still vibrant.
6. **Add Sauce:** Pour the prepared sauce over the vegetables and toss to coat evenly. Cook for another minute until the sauce lightly glazes the veggies.
7. **Serve:** Remove from heat, sprinkle with toasted sesame seeds if using, and serve immediately over steamed rice.

### Serving Size

This recipe serves 2 people.

---

**Fun Tip:** For extra flavor, add a splash of Japanese chili oil (rayu) for a subtle spicy kick! Itadakimasu!",True,,13_1,13
"Hey, can you suggest some easy gluten-free dinner ideas? Trying to avoid gluten but still want something tasty.",gluten-free,"## Teriyaki Salmon with Steamed Vegetables (Gluten-Free)

Savor a delicious, gluten-free teriyaki salmon that's tender and glazed with a sweet-savory sauce, paired perfectly with simple steamed vegetables for a healthy, satisfying dinner.

### Ingredients

- 2 salmon fillets (about 150g each)
- 3 tbsp gluten-free tamari sauce
- 2 tbsp mirin (sweet rice wine)
- 1 tbsp sake (optional, or substitute with water)
- 1 tbsp brown sugar
- 1 tsp fresh ginger, grated
- 1 garlic clove, minced
- 1 tbsp sesame oil
- 1 medium carrot, cut into thin sticks
- 1 small broccoli head, cut into florets
- 100g snap peas, trimmed
- Sesame seeds, for garnish
- Chopped green onions, for garnish
- Lemon wedges, for serving (optional)

### Instructions

1. **Make Teriyaki Sauce:** In a small saucepan, combine tamari sauce, mirin, sake, brown sugar, ginger, and garlic. Heat over medium flame, stirring until sugar dissolves and sauce slightly thickens (about 8 minutes). Remove from heat.
2. **Marinate Salmon:** Place salmon fillets in a shallow dish and pour half of the teriyaki sauce over them. Let marinate for 15 minutes.
3. **Cook Vegetables:** While salmon marinates, steam the carrot sticks, broccoli florets, and snap peas until tender-crisp (about 5-6 minutes).
4. **Cook Salmon:** Heat sesame oil in a non-stick pan over medium heat. Remove salmon from marinade (discard used marinade), and cook skin-side down for 4-5 minutes until crisp. Flip and cook for another 3-4 minutes, basting with the reserved teriyaki sauce during the last 2 minutes.
5. **Serve:** Plate the salmon with steamed vegetables on the side. Drizzle extra teriyaki sauce over the salmon, then garnish with sesame seeds and chopped green onions. Add lemon wedges if you like a fresh zing.

### Serving Size

This recipe serves 2 people.

---

**Fun Tip:** For an extra touch, pair this dish with a bowl of steamed white rice or cauliflower rice if you want to keep it low-carb yet filling. Itadakimasu!",True,,4_1,4
Trying to stick to keto—got any easy low-carb dinner recipes?,keto,"## Keto-Friendly Miso-Glazed Salmon with Sautéed Spinach

Dive into this rich and satisfying low-carb Japanese-inspired dinner featuring tender salmon glazed with savory miso and a simple sautéed spinach side that's both nutritious and delicious.

### Ingredients

#### For Miso-Glazed Salmon:
- 2 salmon fillets (about 150g each)
- 2 tbsp white miso paste
- 1 tbsp soy sauce (use tamari for gluten-free)
- 1 tbsp rice vinegar
- 1 tsp erythritol or your preferred keto-friendly sweetener
- 1 tsp sesame oil
- 1 tsp grated ginger

#### For Sautéed Spinach:
- 200g fresh spinach leaves
- 1 tbsp sesame oil
- 2 garlic cloves, thinly sliced
- Salt, to taste
- Toasted sesame seeds, for garnish

### Instructions

1. **Make the Miso Glaze:** In a small bowl, whisk together the white miso paste, soy sauce, rice vinegar, sweetener, sesame oil, and grated ginger until smooth.
2. **Prepare the Salmon:** Pat salmon fillets dry with paper towels. Coat each fillet generously with the miso glaze on all sides.
3. **Cook the Salmon:** Heat a non-stick skillet over medium heat. Add a small drizzle of oil if needed. Place salmon skin-side down and cook for about 4-5 minutes until the skin is crisp. Flip and cook another 3-4 minutes until salmon is cooked through and glazed beautifully.
4. **Sauté the Spinach:** While salmon cooks, heat sesame oil in another pan over medium heat. Add sliced garlic and sauté until fragrant but not browned (about 1 minute).
5. **Add Spinach:** Add spinach leaves to the pan and toss quickly until wilted, about 2 minutes. Season with a pinch of salt.
6. **Serve:** Plate the salmon with a side of sautéed spinach. Garnish the spinach with toasted sesame seeds for an extra nutty flavor.

### Serving Size

This recipe serves 2 people.

---

**Fun Tip:** Miso glaze not only adds umami but also keeps the salmon moist—try making a bit extra to brush on steamed keto-friendly veggies like cauliflower or asparagus! Itadakimasu!",True,,9_2,9
Trying to eat more vegetarian meals—got any easy dinner recipes that aren’t just salad?,vegetarian,"## Miso Glazed Eggplant (Vegetarian & Vegan)

Experience the rich, savory flavors of tender roasted eggplant topped with a luscious miso glaze—a comforting and hearty Japanese-inspired dinner that's more than just a salad!

### Ingredients

- 2 medium Japanese eggplants (or 1 large globe eggplant), halved lengthwise
- 3 tbsp white miso paste
- 2 tbsp mirin (sweet rice wine)
- 1 tbsp sake (or substitute with water)
- 1 tbsp maple syrup or agave nectar
- 1 tsp grated fresh ginger
- 1 tbsp sesame oil
- 1 tbsp toasted sesame seeds
- 2 spring onions, thinly sliced
- Cooked steamed rice or noodles, for serving (optional)

### Instructions

1. **Prepare the Eggplant:** Preheat your oven to 400°F (200°C). Score the flesh of the eggplant halves in a crisscross pattern without cutting through the skin to help the glaze penetrate.
2. **Roast the Eggplant:** Brush the cut sides with half the sesame oil and place the eggplants cut-side up on a baking sheet lined with parchment paper. Roast for about 25-30 minutes or until the flesh is soft and golden.
3. **Make the Miso Glaze:** While the eggplant roasts, combine miso paste, mirin, sake, maple syrup, and grated ginger in a small bowl. Stir well until smooth.
4. **Glaze the Eggplants:** Remove the eggplants from the oven and brush the miso glaze generously over the cut surfaces. Return to the oven and broil for 3-5 minutes, watching closely so the glaze caramelizes but doesn't burn.
5. **Garnish and Serve:** Drizzle the remaining sesame oil over the finished eggplants. Sprinkle with toasted sesame seeds and sliced spring onions.
6. **Optional Serving Suggestion:** Serve the miso glazed eggplant with steamed rice or soba noodles for a complete, filling meal.

### Serving Size

This recipe serves 2 people.

---

**Fun Tip:** For extra texture, sprinkle some crushed roasted nori or chili flakes on top for a little pop of flavor! Itadakimasu!",True,,14_1,14
Trying to stay keto—got any easy dinner recipes that won’t blow my carbs for the day?,keto,"## Keto-Friendly Miso-Glazed Eggplant with Sesame Tofu

Savor a low-carb, keto-friendly Japanese-inspired dinner bursting with umami flavors from miso and tofu—that’s satisfying, healthy, and easy to make on any weeknight!

### Ingredients

- 1 medium Japanese eggplant (about 250g), sliced into 1/2-inch thick rounds
- 200g firm tofu, cut into 1-inch cubes
- 2 tbsp white miso paste
- 1 tbsp soy sauce (or tamari for gluten-free)
- 1 tbsp sake (optional, or substitute with water)
- 1 tbsp erythritol or your preferred keto-friendly sweetener
- 1 tbsp sesame oil
- 1 garlic clove, minced
- 1 tsp grated fresh ginger
- 1 tbsp rice vinegar
- 1 tbsp toasted sesame seeds
- 2 green onions, thinly sliced
- 1 tbsp avocado oil (for frying)

### Instructions

1. **Prepare Miso Glaze:** In a small bowl, whisk together the miso paste, soy sauce, sake (or water), erythritol, sesame oil, rice vinegar, minced garlic, and grated ginger until smooth. Set aside.
2. **Cook Eggplant:** Heat half the avocado oil in a large skillet over medium heat. Add the eggplant slices and cook for about 3-4 minutes per side until tender and golden brown. Remove from skillet and set aside.
3. **Cook Tofu:** In the same skillet, add the remaining avocado oil. Gently place tofu cubes in the pan and cook, turning occasionally, for about 8-10 minutes until all sides are golden and slightly crispy.
4. **Combine with Miso Glaze:** Lower heat to medium-low. Return the eggplant slices to the pan, then pour the miso glaze over the eggplant and tofu. Gently toss or spoon the glaze to coat evenly, cooking for another 2-3 minutes until everything is well-coated and heated through.
5. **Serve:** Transfer to a plate, sprinkle with toasted sesame seeds and sliced green onions for extra crunch and flavor.

### Serving Size

This recipe serves 2 people.

---

**Fun Tip:** For some extra texture, add a handful of steamed or sautéed spinach on the side—it’s keto-friendly and adds vibrant color to your plate! Itadakimasu!",True,,8_1,8
"Hey, can you suggest some easy gluten-free dinner ideas? Trying to avoid gluten but still want something tasty.",gluten-free,"## Miso-Glazed Salmon with Steamed Vegetables (Gluten-Free)

Enjoy a simple yet flavorful Japanese miso-glazed salmon, paired with tender steamed vegetables for a healthy and comforting gluten-free dinner that's both easy to prepare and delectably satisfying.

### Ingredients

- 2 salmon fillets (about 150g each), skin on
- 2 tbsp white miso paste (ensure gluten-free)
- 1 tbsp mirin (sweet rice wine)
- 1 tbsp sake (optional, or substitute with water)
- 1 tbsp honey or maple syrup
- 1 tsp sesame oil
- 1 small head broccoli, cut into florets
- 1 medium carrot, sliced into thin rounds
- 100g snap peas, trimmed
- 1 tbsp toasted sesame seeds (for garnish)
- 2 spring onions, thinly sliced (for garnish)
- Salt, to taste

### Instructions

1. **Prepare the Miso Glaze:** In a small bowl, mix together white miso paste, mirin, sake (or water), honey, and sesame oil until smooth.
2. **Marinate the Salmon:** Pat the salmon fillets dry and lightly season with salt. Spread the miso glaze generously over the top of each fillet. Let marinate for 10-15 minutes at room temperature.
3. **Preheat the Oven:** Set your oven to 200°C (400°F). Line a baking tray with parchment paper or lightly grease it.
4. **Bake the Salmon:** Place the salmon fillets on the prepared baking tray, skin side down. Bake for 10-12 minutes or until the salmon is cooked through and the glaze is caramelized. Keep an eye to avoid burning the miso glaze.
5. **Steam the Vegetables:** While the salmon bakes, set up a steamer basket over boiling water. Add broccoli florets, carrot slices, and snap peas. Cover and steam for 5-7 minutes until just tender but still vibrant.
6. **Plate and Garnish:** Serve the miso-glazed salmon fillets alongside the steamed vegetables. Sprinkle toasted sesame seeds and sliced spring onions over the salmon for added flavor and crunch.

### Serving Size

This recipe serves 2 people.

---

**Fun Tip:** For a quick extra touch, drizzle a little gluten-free soy sauce or tamari over the steamed vegetables just before serving to enhance their natural sweetness. Itadakimasu!",True,,4_2,4
"trying to stick to keto, any easy quick dinner ideas that won’t mess with my macros?",keto,"## Keto-Friendly Japanese Miso Soup with Tofu and Wakame

Savor a warm, comforting bowl of traditional Japanese miso soup that's keto-friendly, low in carbs, and packed with umami flavor — perfect for a quick, satisfying dinner that keeps your macros in check.

### Ingredients

- 4 cups dashi stock (can use instant dashi powder)
- 3 tbsp white miso paste (check for no added sugar)
- 100g silken tofu, cut into small cubes
- 1 tbsp dried wakame seaweed (rehydrated in water)
- 2 green onions, finely sliced
- 1 tbsp soy sauce or tamari (gluten-free and low-sugar)
- Optional: small handful of sliced shiitake mushrooms or spinach for added greens

### Instructions

1. **Prepare the Dashi Stock:** In a medium pot, bring the dashi stock to a gentle simmer over medium heat.
2. **Add Wakame:** Drain the rehydrated wakame and add it to the pot. Let it soften for about 2 minutes.
3. **Add Tofu and Optional Ingredients:** Gently add the tofu cubes and any optional vegetables like shiitake mushrooms or spinach. Simmer for 3-4 minutes until everything is warmed through.
4. **Dissolve Miso Paste:** Lower the heat to low (avoid boiling to preserve probiotics in miso). In a small bowl, mix the miso paste with a ladle of the hot broth until smooth. Slowly add this mixture back into the pot, stirring gently.
5. **Season:** Add soy sauce or tamari to taste. Remove from heat.
6. **Serve:** Ladle the soup into bowls and garnish with sliced green onions.

### Serving Size

This recipe serves 2 people.

---

**Fun Tip:** To add some crunch without breaking your keto macros, sprinkle a few toasted sesame seeds on top right before serving! It adds a lovely nutty flavor. Itadakimasu!",True,,7_2,7
"Hey, I'm vegan and need some easy weeknight dinner ideas that aren’t boring. Got anything?",vegan,"## Vegan Teriyaki Tofu Rice Bowl

Experience a delightful combination of crispy tofu glazed in a sweet and savory teriyaki sauce, served on a bed of fluffy rice with vibrant steamed vegetables—an easy, exciting vegan weeknight dinner that's full of flavor!

### Ingredients

- 200g firm tofu, pressed and cut into cubes  
- 2 tbsp soy sauce (or tamari for gluten-free)  
- 2 tbsp mirin  
- 1 tbsp maple syrup or agave nectar  
- 1 tsp grated fresh ginger  
- 1 garlic clove, minced  
- 1 tbsp vegetable oil (for frying)  
- 1 cup cooked jasmine or short-grain rice  
- 1 small carrot, julienned  
- 1 cup broccoli florets  
- 1/2 red bell pepper, thinly sliced  
- 1 tbsp toasted sesame seeds  
- 1 spring onion, thinly sliced  
- Optional: pickled ginger or nori strips for garnish  

### Instructions

1. **Prepare the Tofu:** Heat the vegetable oil in a skillet over medium heat. Add the tofu cubes and cook until all sides are golden and crispy, about 3-4 minutes per side. Remove from the skillet and set aside.
2. **Make Teriyaki Sauce:** In the same skillet, combine soy sauce, mirin, maple syrup, grated ginger, and minced garlic. Bring to a gentle simmer over low heat, letting it thicken slightly (approx. 3 minutes).
3. **Glaze the Tofu:** Return the tofu to the skillet, tossing gently to coat all pieces with the teriyaki sauce. Cook for another 2 minutes to let the tofu absorb the flavors.
4. **Steam Vegetables:** While glazing tofu, steam the broccoli florets and carrot julienne until tender-crisp, about 4-5 minutes. Alternatively, blanch or sauté lightly.
5. **Assemble the Bowl:** Place a serving of cooked rice into two bowls. Arrange tofu cubes and steamed vegetables on top.
6. **Garnish & Serve:** Sprinkle toasted sesame seeds and sliced spring onions over the bowls. Add pickled ginger or nori strips for an extra burst of flavor.

### Serving Size

This recipe serves 2 people.

---

**Fun Tip:** For an even more colorful and nutritious bowl, add some edamame beans or thinly sliced avocado on top. It’s both gorgeous and delicious! Itadakimasu!",True,,2_2,2
Looking for a simple vegetarian dinner recipe that’s filling and not too complicated—got any ideas?,vegetarian,"## Miso Eggplant Donburi – A Comforting Vegetarian Rice Bowl

Enjoy a hearty and flavorful Japanese-inspired vegetarian rice bowl featuring tender miso-glazed eggplant atop steamed rice, perfect for a simple yet satisfying dinner.

### Ingredients

- 1 large Japanese eggplant (or regular eggplant), cut into thick rounds or wedges
- 2 tbsp white miso paste
- 1 tbsp mirin (sweet rice wine)
- 1 tbsp soy sauce (use tamari for gluten-free)
- 1 tbsp sake or water
- 1 tsp sugar or honey (optional)
- 1 tbsp vegetable oil or sesame oil
- 1 cup cooked Japanese short-grain rice (for 2 servings)
- 2 spring onions, thinly sliced
- 1 tbsp toasted sesame seeds
- Pickled ginger or a few shiso leaves (optional, for garnish)

### Instructions

1. **Prepare the Miso Glaze:** In a small bowl, mix the miso paste, mirin, soy sauce, sake (or water), and sugar until well combined. Set aside.
2. **Cook the Eggplant:** Heat vegetable oil in a large skillet over medium heat. Add the eggplant pieces and sauté, turning occasionally, until they become soft and start to brown, about 6-8 minutes.
3. **Glaze the Eggplant:** Pour the miso mixture over the eggplant in the skillet. Stir gently to coat all pieces evenly. Continue frying for another 2-3 minutes until the glaze thickens slightly and clings to the eggplant.
4. **Prepare the Rice:** While cooking the eggplant, reheat or prepare your steamed rice if not done already.
5. **Assemble the Donburi:** Divide the warm rice into two bowls. Top with the miso-glazed eggplant.
6. **Garnish and Serve:** Sprinkle sliced spring onions and toasted sesame seeds over the top. Add pickled ginger or shiso leaves if using, for a fresh contrast.

### Serving Size

This recipe serves 2 people.

---

**Fun Tip:** For extra umami, add a soft poached or fried egg on top if you're okay with eggs; it creates an indulgent, creamy texture that pairs wonderfully with the miso eggplant. Itadakimasu!",True,,15_1,15
"Hey, do you have any easy vegan recipes for a weeknight dinner? Something quick and tasty would be great!",vegan,"## Quick and Flavorful Vegan Miso Udon Noodle Soup

A comforting, light, yet satisfying miso-infused udon noodle soup loaded with fresh veggies that comes together in just 20 minutes—perfect for a quick and delicious weeknight vegan dinner!

### Ingredients

- 200g dried udon noodles (check for vegan-friendly brand)
- 4 cups vegetable broth
- 3 tbsp white miso paste
- 1 tbsp soy sauce or tamari (for gluten-free)
- 1 tsp sesame oil
- 1 garlic clove, minced
- 1 tsp fresh ginger, grated
- 1 medium carrot, julienned
- 100g baby spinach or bok choy
- 100g shiitake mushrooms, sliced
- 2 spring onions, sliced
- 1 sheet nori (seaweed), cut into thin strips (optional)
- Toasted sesame seeds, for garnish
- Freshly ground black pepper, to taste

### Instructions

1. **Cook Udon Noodles:** Bring a large pot of water to boil. Add the udon noodles and cook according to package instructions (usually about 8 minutes). Drain and set aside.
2. **Prepare the Soup Base:** In a medium pot, heat sesame oil over medium heat. Add minced garlic and grated ginger, sautéing for about 1 minute until fragrant.
3. **Add Broth and Seasonings:** Pour in the vegetable broth, soy sauce, and bring to a gentle simmer.
4. **Incorporate Vegetables:** Add sliced shiitake mushrooms and carrot julienne to the broth. Simmer for 5 minutes until the vegetables are just tender.
5. **Add Miso Paste:** In a small bowl, ladle about 1/2 cup of the hot broth and whisk in the miso paste until smooth. Pour the miso mixture back into the pot (do not boil after adding miso to preserve probiotics).
6. **Add Greens and Noodles:** Stir in the baby spinach or bok choy and cooked udon noodles. Allow greens to wilt gently (about 2 minutes).
7. **Serve:** Divide the soup into two bowls. Garnish with sliced spring onions, nori strips, sesame seeds, and season with freshly ground black pepper.

### Serving Size

Serves 2 people.

---

**Fun Tip:** Customize your soup by tossing in some crispy tofu cubes or adding a splash of chili oil for a spicy kick! Itadakimasu!",True,,1_2,1
Trying to stick to keto—got any easy low-carb dinner recipes?,keto,"## Keto-Friendly Miso-Glazed Eggplant with Sesame and Scallions

Dive into a savory, low-carb Japanese-inspired delight with tender miso-glazed eggplant that's perfect for a keto dinner—rich in flavor, easy to make, and well-balanced for your dietary goals!

### Ingredients

- 2 medium Japanese eggplants (or Chinese eggplants)
- 2 tbsp white miso paste
- 1 tbsp soy sauce (or tamari for gluten-free)
- 1 tbsp rice vinegar
- 1 tsp erythritol or your preferred keto-friendly sweetener
- 1 tbsp sesame oil
- 1 tsp grated fresh ginger
- 2 cloves garlic, minced
- 1 tbsp toasted sesame seeds
- 2 scallions, thinly sliced
- 1 tsp chili flakes (optional, for a spicy kick)

### Instructions

1. **Prepare the Eggplants:** Cut the eggplants in half lengthwise. Score the flesh in a crisscross pattern, being careful not to pierce the skin.
2. **Salt and Drain:** Lightly sprinkle salt over the cut surfaces and let them sit for 15 minutes to draw out moisture, then pat dry with a paper towel.
3. **Make the Miso Glaze:** In a small bowl, whisk together the miso paste, soy sauce, rice vinegar, erythritol, sesame oil, grated ginger, and minced garlic until smooth.
4. **Preheat Oven:** Set your oven to 200°C (390°F) and line a baking sheet with parchment paper.
5. **Glaze and Roast:** Place the eggplants cut-side up on the baking sheet. Generously brush the miso glaze over the scored flesh, making sure it seeps into the cuts.
6. **Bake:** Roast for 25-30 minutes until the eggplant is tender and caramelized on top.
7. **Garnish and Serve:** Remove from the oven, sprinkle with toasted sesame seeds, sliced scallions, and chili flakes if using. Serve immediately.

### Serving Size

This recipe serves 2 people.

---

**Fun Tip:** To add some protein and extra keto goodness, serve the miso-glazed eggplant with grilled salmon or a soft-boiled egg on the side. It adds richness and makes your meal super satisfying. Itadakimasu!",True,,9_1,9
"Hey, I'm vegan and need some easy weeknight dinner ideas that aren’t boring. Got anything?",vegan,"## Spicy Miso Ramen with Tofu and Vegetables (Vegan & Easy)

Dive into a warm, comforting bowl of spicy miso ramen that’s packed with vibrant veggies and crispy tofu, delivering a punch of umami and spice without any meat — perfect for a lively weeknight dinner!

### Ingredients

- 150g firm tofu, pressed and cubed
- 140g ramen noodles (check for egg-free to keep it vegan)
- 1 tbsp sesame oil
- 3 cups vegetable broth
- 2 tbsp white miso paste
- 1 tbsp chili garlic sauce (adjust to taste)
- 1 tbsp soy sauce or tamari (for gluten-free)
- 1 tsp grated ginger
- 2 garlic cloves, minced
- 1 small carrot, julienned
- 1/2 cup shiitake mushrooms, sliced
- 1 cup baby spinach or bok choy
- 2 spring onions, finely sliced
- 1 tbsp toasted sesame seeds
- Fresh cilantro leaves for garnish (optional)

### Instructions

1. **Prepare the Tofu:** Heat sesame oil in a non-stick pan over medium heat. Add tofu cubes and pan-fry until golden and crispy on all sides (about 6-8 minutes). Remove and set aside.
2. **Make the Broth:** In a pot, combine vegetable broth, miso paste, chili garlic sauce, soy sauce, grated ginger, and garlic. Whisk well over medium heat until miso dissolves and broth just starts to simmer.
3. **Cook Vegetables:** Add julienned carrots and sliced shiitake mushrooms to the broth. Simmer for about 5 minutes until vegetables are tender but still vibrant.
4. **Cook Noodles:** Meanwhile, cook ramen noodles in boiling water according to package instructions. Drain and divide into two bowls.
5. **Add Greens and Tofu:** Add spinach or bok choy to the broth and cook for another 1-2 minutes until just wilted. Pour the hot broth and veggies over the noodles in each bowl. Top with crispy tofu cubes.
6. **Garnish:** Sprinkle spring onions, toasted sesame seeds, and fresh cilantro if using.
7. **Serve Hot:** Enjoy this spicy, comforting ramen that comes together in under 30 minutes!

### Serving Size

This recipe serves 2 people.

---

**Fun Tip:** For an extra texture boost, toss some crushed nori sheets or chili oil on top. It'll elevate your ramen game and keep weeknights exciting! Itadakimasu!",True,,2_1,2
"Hey, can you suggest some tasty dinner ideas that are completely dairy-free? Trying to avoid milk and cheese.",dairy-free,"## Miso Glazed Salmon with Sautéed Spinach and Mushrooms (Dairy-Free)

Savor the rich, umami flavors of miso-glazed salmon paired with garlicky sautéed spinach and mushrooms—a wholesome, dairy-free Japanese dinner that’s both elegant and easy to make.

### Ingredients

#### For Miso Glazed Salmon:
- 2 salmon fillets (about 150g each)
- 2 tbsp white miso paste
- 1 tbsp mirin
- 1 tbsp sake (optional, or substitute with water)
- 1 tbsp soy sauce (or tamari for gluten-free)
- 1 tsp brown sugar

#### For Sautéed Spinach and Mushrooms:
- 1 tbsp sesame oil
- 2 garlic cloves, minced
- 150g fresh spinach, washed and drained
- 100g shiitake or button mushrooms, sliced
- 1 tbsp soy sauce or tamari
- Freshly ground black pepper, to taste
- Sesame seeds, for garnish (optional)

### Instructions

1. **Prepare the Miso Glaze:** In a small bowl, whisk together white miso paste, mirin, sake, soy sauce, and brown sugar until smooth.
2. **Marinate the Salmon:** Place salmon fillets in a shallow dish and brush generously with the miso glaze. Let them marinate for at least 15 minutes at room temperature.
3. **Cook the Salmon:** Preheat the oven to 200°C (400°F). Place the salmon fillets on a baking sheet lined with parchment paper or foil, skin side down. Bake for 10-12 minutes or until the salmon is just cooked through and the glaze is caramelized on top.
4. **Sauté Spinach and Mushrooms:** While the salmon cooks, heat sesame oil in a large skillet over medium heat. Add minced garlic and sauté for about 30 seconds until fragrant.
5. **Add Mushrooms:** Toss in the sliced mushrooms and cook for 4-5 minutes until they start to brown and soften.
6. **Add Spinach:** Add the spinach to the skillet and stir until wilted (about 2 minutes). Season with soy sauce and black pepper to taste. Remove from heat.
7. **Plate and Serve:** Place the salmon fillets on plates beside the sautéed spinach and mushrooms. Garnish with sesame seeds if desired.

### Serving Size

This recipe serves 2 people.

---

**Fun Tip:** Serve your miso-glazed salmon with steamed rice or a bowl of miso soup to complete the meal with authentic Japanese flavors! Itadakimasu!",True,,12_2,12
"Looking for some easy dairy-free dinner ideas, anything tasty and quick?",dairy-free,"## Quick and Delicious Miso Glazed Salmon with Sautéed Spinach

Experience a perfectly balanced Japanese-inspired dinner that's quick, tasty, and completely dairy-free—a tender, miso-glazed salmon paired with vibrant sautéed spinach for a healthy, satisfying meal.

### Ingredients

#### For Miso Glazed Salmon:
- 2 salmon fillets (about 150g each), skin on
- 2 tbsp white miso paste
- 1 tbsp mirin (Japanese sweet rice wine)
- 1 tbsp sake (or water as substitute)
- 1 tbsp maple syrup or honey
- 1 tsp sesame oil

#### For Sautéed Spinach:
- 200g fresh spinach leaves, washed
- 1 tbsp sesame oil
- 1 garlic clove, minced
- 1 tsp soy sauce or tamari (gluten-free if preferred)
- Toasted sesame seeds, for garnish

### Instructions

1. **Prepare the Miso Glaze:** In a small bowl, whisk together white miso paste, mirin, sake, maple syrup, and sesame oil until smooth.
2. **Marinate the Salmon:** Place the salmon fillets in a shallow dish and brush each generously with the miso glaze. Let them marinate for about 10 minutes at room temperature.
3. **Cook the Salmon:** Preheat the oven to 200°C (400°F). Place the salmon fillets on a lined baking tray, skin side down. Bake for 10-12 minutes or until the salmon is cooked through and flakes easily with a fork.
4. **Sauté the Spinach:** While the salmon cooks, heat sesame oil in a large skillet over medium heat. Add the minced garlic and sauté for about 30 seconds until fragrant.
5. **Add Spinach:** Toss in the spinach and stir frequently, cooking until wilted but still bright green, about 2-3 minutes.
6. **Season Spinach:** Drizzle soy sauce over the cooked spinach and stir well to combine. Remove from heat.
7. **Serve:** Plate the miso-glazed salmon alongside the sautéed spinach. Sprinkle toasted sesame seeds on top for added crunch and flavor.

### Serving Size

This recipe serves 2 people.

---

**Fun Tip:** For an extra burst of flavor, serve your salmon with a side of steamed jasmine rice or sprinkle a little shichimi togarashi (Japanese seven spice) on the spinach! Itadakimasu!",True,,11_2,11
"Hey, can you suggest some tasty dinner ideas that are completely dairy-free? Trying to avoid milk and cheese.",dairy-free,"## Miso-Glazed Salmon with Steamed Rice and Sautéed Spinach (Dairy-Free)

Savor the rich umami flavors of tender miso-glazed salmon paired with fluffy steamed rice and garlicky sautéed spinach—completely dairy-free and supremely satisfying for dinner.

### Ingredients

#### For Miso-Glazed Salmon:
- 2 salmon fillets (about 150g each)
- 2 tbsp white miso paste
- 1 tbsp mirin
- 1 tbsp sake (or water)
- 1 tbsp soy sauce (or tamari for gluten-free)
- 1 tsp brown sugar
- 1 tsp grated fresh ginger

#### For Steamed Rice:
- 1 cup Japanese short-grain rice
- 1 ¼ cups water

#### For Sautéed Spinach:
- 200g fresh spinach, washed and trimmed
- 1 tbsp sesame oil
- 2 garlic cloves, thinly sliced
- 1 tbsp soy sauce (or tamari)
- Toasted sesame seeds, for garnish

### Instructions

1. **Cook Rice:** Rinse the rice under cold water until the water runs clear. Combine rice and water in a rice cooker or pot. Cook according to your rice cooker instructions or bring to a boil, then reduce to simmer and cover for 15 minutes until water is absorbed. Remove from heat and let it sit covered for 10 minutes.
2. **Prepare Miso Glaze:** In a small bowl, whisk together white miso paste, mirin, sake, soy sauce, brown sugar, and grated ginger until smooth.
3. **Marinate Salmon:** Place salmon fillets in a shallow dish and brush the miso glaze over the top. Let it marinate at room temperature for 10-15 minutes.
4. **Cook Salmon:** Preheat your oven to 200°C (390°F). Line a baking tray with parchment paper or foil. Place the salmon fillets glaze-side up on the tray. Bake for 10-12 minutes, or until the fish flakes easily with a fork and has a slightly caramelized top.
5. **Sauté Spinach:** While the salmon is baking, heat sesame oil in a large skillet over medium heat. Add sliced garlic and sauté until fragrant but not browned (about 1 minute). Add spinach and stir-fry for 2-3 minutes until wilted. Drizzle with soy sauce and toss well.
6. **Plate and Serve:** Spoon steamed rice onto plates, top with the miso-glazed salmon fillet, and serve with a generous side of sautéed spinach. Sprinkle the spinach with toasted sesame seeds for a nutty finish.

### Serving Size

This recipe serves 2 people.

---

**Fun Tip:** For an extra flavor boost, add a squeeze of fresh lemon over the salmon just before serving—it perfectly brightens the miso’s richness. Itadakimasu!",True,,12_1,12
Trying to eat more vegetarian stuff—got any easy dinner recipes that don’t take forever?,vegetarian,"## Quick and Flavorful Vegetarian Japanese Donburi (Rice Bowl)

A comforting and speedy vegetarian rice bowl loaded with savory sautéed vegetables and a rich miso-ginger glaze, perfect for a satisfying weeknight dinner.

### Ingredients

- 1 cup Japanese short-grain rice
- 200g firm tofu, cut into cubes
- 1 small carrot, julienned
- 1/2 small cabbage, thinly sliced
- 100g shiitake mushrooms, sliced
- 2 tbsp vegetable oil
- 2 tbsp white miso paste
- 1 tbsp soy sauce (or tamari for gluten-free)
- 1 tbsp mirin
- 1 tsp freshly grated ginger
- 1 clove garlic, minced
- 2 spring onions, sliced
- Toasted sesame seeds, for garnish
- Pickled ginger (optional), for serving
- Water, for cooking rice

### Instructions

1. **Cook the Rice:** Rinse the rice under cold water until the water runs clear. Cook it according to package instructions or using a rice cooker. This typically takes about 15 minutes.
2. **Prepare the Sauce:** In a small bowl, mix together the miso paste, soy sauce, mirin, grated ginger, and minced garlic. Set aside.
3. **Sauté Tofu:** Heat 1 tbsp of vegetable oil in a non-stick pan over medium heat. Add tofu cubes and cook until golden and crispy on all sides, about 5-7 minutes. Remove and set aside.
4. **Cook Vegetables:** In the same pan, add the remaining oil. Toss in the carrots, cabbage, and shiitake mushrooms. Sauté for 5-6 minutes until vegetables are tender but still vibrant.
5. **Add Sauce and Tofu:** Return the tofu to the pan with vegetables. Pour in the miso-ginger sauce and stir well to coat everything evenly. Cook for another 2 minutes so the flavors meld.
6. **Assemble the Donburi:** Divide the cooked rice into two bowls. Spoon the tofu and vegetable mixture generously over the rice.
7. **Garnish and Serve:** Sprinkle with sliced spring onions and toasted sesame seeds. Add a small serving of pickled ginger on the side if using.

### Serving Size

This recipe serves 2 people.

---

**Fun Tip:** For extra crunch and nutrition, try adding a handful of fresh spinach or snap peas in the last two minutes of sautéing! Itadakimasu!",True,,13_2,13
Any quick gluten free dinner ideas? Trying to avoid bread and pasta tonight.,gluten-free,"## Teriyaki Salmon Bowl with Steamed Vegetables (Gluten-Free)

Savor a quick, wholesome dinner featuring tender salmon glazed with a homemade gluten-free teriyaki sauce, paired with vibrant steamed vegetables and fluffy rice for a satisfying, bread- and pasta-free meal.

### Ingredients

- 2 salmon fillets (about 150g each)
- 2 cups cooked short-grain white rice or brown rice
- 1 cup broccoli florets
- 1 medium carrot, thinly sliced
- 100g snap peas, trimmed
- 2 tbsp gluten-free tamari sauce
- 1 tbsp mirin
- 1 tbsp sake (optional; substitute with water if preferred)
- 1 tbsp brown sugar or honey
- 1 garlic clove, minced
- 1 tsp grated fresh ginger
- 1 tbsp sesame oil
- 1 tsp toasted sesame seeds (optional)
- 2 spring onions, thinly sliced (for garnish)
- Salt and pepper to taste

### Instructions

1. **Make the Teriyaki Sauce:** In a small bowl, whisk together tamari, mirin, sake (or water), brown sugar, garlic, and ginger until sugar dissolves. Set aside.
2. **Prepare Vegetables:** Steam the broccoli, carrot, and snap peas together in a steamer basket over boiling water for about 5 minutes until crisp-tender. Set aside and keep warm.
3. **Cook the Salmon:** Heat sesame oil in a non-stick skillet over medium heat. Season salmon fillets lightly with salt and pepper. Place salmon skin-side down and cook for 4-5 minutes without moving them.
4. **Add Sauce to Salmon:** Flip the salmon carefully, then pour the teriyaki sauce over the fillets. Simmer for another 3-4 minutes, spooning the sauce over the salmon occasionally, until cooked through and glazed.
5. **Assemble Bowls:** Divide rice between two bowls. Arrange the steamed vegetables and teriyaki salmon on top.
6. **Garnish and Serve:** Drizzle any leftover teriyaki sauce from the pan over the bowls. Sprinkle with toasted sesame seeds and chopped spring onions.

### Serving Size

This recipe serves 2 people.

---

**Fun Tip:** For extra texture, add a handful of toasted seaweed flakes or crushed roasted peanuts on top before serving—it adds an irresistible crunch! Itadakimasu!",True,,5_2,5
Trying to stay keto—got any easy dinner recipes that won’t blow my carbs for the day?,keto,"## Keto-Friendly Miso-Glazed Salmon with Sautéed Spinach

Savor a rich and flavorful miso-glazed salmon that's perfectly keto, paired with garlicky sautéed spinach—a low-carb dinner that’s quick, healthy, and incredibly satisfying!

### Ingredients

#### For Miso-Glazed Salmon:
- 2 salmon fillets (about 150g each)
- 1 tbsp white miso paste
- 1 tbsp tamari (gluten-free soy sauce)
- 1 tbsp sake (or substitute with water)
- 1 tsp erythritol or other keto-friendly sweetener
- 1 tsp sesame oil
- 1 tsp grated fresh ginger

#### For Sautéed Spinach:
- 200g fresh spinach leaves
- 1 tbsp olive oil or avocado oil
- 2 garlic cloves, thinly sliced
- Salt and pepper, to taste
- A pinch of chili flakes (optional)

### Instructions

1. **Prepare the Miso Glaze:** In a small bowl, whisk together miso paste, tamari, sake, erythritol, sesame oil, and grated ginger until smooth.
2. **Glaze the Salmon:** Pat salmon fillets dry with paper towels. Place on a baking sheet lined with parchment paper and brush both sides generously with the miso glaze.
3. **Marinate:** Let the salmon sit with the glaze for 10 minutes to absorb the flavors.
4. **Cook the Salmon:** Preheat your oven to 200°C (400°F). Bake the salmon for 10-12 minutes, or until cooked through and flakes easily with a fork. For a caramelized finish, you can broil for an additional 1-2 minutes at the end—watch closely!
5. **Sauté the Spinach:** While the salmon bakes, heat the olive oil in a large skillet over medium heat. Add sliced garlic and chili flakes (if using) and sauté for about 1 minute until fragrant.
6. **Add Spinach:** Add spinach to the skillet and cook, stirring, until just wilted (2-3 minutes). Season with salt and pepper to taste.
7. **Serve:** Place the salmon fillets on plates and serve alongside the garlicky sautéed spinach.

### Serving Size

This recipe serves 2 people.

---

**Fun Tip:** For an extra burst of flavor, sprinkle toasted sesame seeds or thinly sliced green onions over the salmon just before serving. Itadakimasu!",True,,8_2,8
Got any easy dairy-free dinner recipes? I’m trying to avoid milk and cheese.,dairy-free,"## Miso Glazed Salmon with Steamed Vegetables (Dairy-Free)

Delight in the rich umami flavors of miso-glazed salmon paired with crisp, lightly steamed seasonal vegetables—a simple, dairy-free dinner that’s both nourishing and delicious.

### Ingredients

#### For the Miso Glazed Salmon:
- 2 salmon fillets (about 150g each)
- 2 tbsp white miso paste
- 1 tbsp mirin (sweet rice wine)
- 1 tbsp sake (optional, or substitute with water)
- 1 tbsp maple syrup or honey
- 1 tsp soy sauce or tamari (gluten-free if preferred)
- 1 tsp grated fresh ginger

#### For Steamed Vegetables:
- 1 small broccoli head, cut into florets
- 1 medium carrot, peeled and sliced diagonally
- 100g snap peas or green beans
- 1 tbsp rice vinegar
- 1 tsp toasted sesame oil
- Sesame seeds, for garnish
- Chopped green onions, for garnish

### Instructions

1. **Prepare Miso Glaze:** In a small bowl, whisk together the white miso paste, mirin, sake, maple syrup, soy sauce, and grated ginger until smooth.
2. **Marinate Salmon:** Place salmon fillets in a shallow dish and brush generously with the miso glaze. Allow to marinate at room temperature for 15 minutes to absorb the flavors.
3. **Cook Salmon:** Preheat your oven to 200°C (400°F). Line a baking tray with parchment paper or foil. Place the marinated salmon on the tray and bake for 10-12 minutes, or until the salmon is cooked through and slightly caramelized on top.
4. **Steam Vegetables:** While the salmon bakes, prepare a steamer basket over boiling water. Add broccoli, carrot, and snap peas to the basket, cover, and steam for 5-7 minutes until tender-crisp.
5. **Dress Vegetables:** Transfer steamed vegetables to a bowl, drizzle with rice vinegar and toasted sesame oil, then toss gently to coat.
6. **Serve:** Plate the salmon fillets alongside the steamed vegetables. Garnish with sesame seeds and chopped green onions.

### Serving Size

This recipe serves 2 people.

---

**Fun Tip:** For added texture and flavor, sprinkle some toasted nori (seaweed flakes) over the salmon and veggies before serving. It brings a subtle ocean flavor that complements the dish wonderfully. Itadakimasu!",True,,10_1,10
Got any quick paleo-friendly dinner ideas? Trying to keep it clean but tasty tonight.,paleo,"## Paleo-Inspired Ginger Miso Salmon with Sautéed Vegetables

Delight in a quick and clean paleo-friendly dinner that combines the rich flavors of ginger and miso in a perfectly seared salmon, paired with vibrant sautéed vegetables for a wholesome and satisfying meal.

### Ingredients

#### For the Salmon:
- 2 salmon fillets (about 150g each), skin on
- 1 tbsp white miso paste (check for paleo-friendly brand or substitute with a small amount of coconut aminos)
- 1 tbsp fresh ginger, grated
- 1 tbsp coconut aminos
- 1 tsp sesame oil
- 1 garlic clove, minced
- 1 tsp lemon juice
- Fresh ground black pepper, to taste

#### For the Sautéed Vegetables:
- 1 tbsp avocado oil or coconut oil
- 1 cup broccoli florets
- 1 small carrot, thinly sliced
- 1/2 red bell pepper, thinly sliced
- 2 cups baby spinach
- 1 garlic clove, minced
- Salt and pepper, to taste

### Instructions

1. **Prepare the Marinade:** In a small bowl, whisk together the miso paste (or coconut aminos), grated ginger, coconut aminos, sesame oil, minced garlic, and lemon juice until smooth.
2. **Marinate the Salmon:** Pat the salmon fillets dry with paper towels. Spread the marinade evenly over the salmon, coating both sides lightly. Let it sit for about 10 minutes to absorb flavors.
3. **Cook the Salmon:** Heat a non-stick skillet over medium-high heat. Place the salmon fillets skin-side down and cook for about 4-5 minutes until the skin is crisp. Flip gently and cook the other side for another 3-4 minutes or until salmon is cooked through but still moist.
4. **Sauté Vegetables:** While the salmon cooks, heat avocado or coconut oil in another skillet over medium heat. Add garlic and sauté briefly until fragrant (about 30 seconds).
5. **Add Veggies:** Toss in broccoli, carrot, and red bell pepper. Sauté for 5-6 minutes until vegetables are tender but still crisp.
6. **Add Spinach:** Stir in the baby spinach and cook until just wilted, about 1-2 minutes. Season with salt and pepper to taste.
7. **Serve:** Plate the salmon alongside the sautéed vegetables and enjoy a clean, paleo-friendly meal.

### Serving Size

This recipe serves 2 people.

---

**Fun Tip:** For an extra punch of flavor, sprinkle some toasted sesame seeds or chopped fresh cilantro over the salmon just before serving. It adds a delightful crunch and a burst of freshness! Itadakimasu!",True,,16_1,16
"Looking for some easy vegan lunch ideas that aren’t just salad, any good recipes?",vegan,"## Vegan Japanese Curry with Root Vegetables

Dive into a warm, comforting bowl of Japanese curry packed with tender root vegetables and a rich, savory sauce—all completely plant-based and perfect for a hearty vegan lunch that’s much more than just salad!

### Ingredients

- 1 tbsp vegetable oil
- 1 medium onion, diced
- 2 garlic cloves, minced
- 1 tbsp fresh ginger, grated
- 2 medium carrots, peeled and cut into chunks
- 1 medium potato, peeled and cubed
- 1/2 small daikon radish, peeled and cut into chunks
- 1/2 cup green peas (fresh or frozen)
- 3 cups vegetable broth
- 1 tbsp soy sauce (or tamari for gluten-free)
- 1 tbsp tomato paste
- 1 tbsp maple syrup or brown sugar
- 1 tbsp curry powder (preferably Japanese curry powder if available)
- 1 tsp garam masala (optional, for extra warmth)
- 2 tbsp all-purpose flour (or gluten-free flour)
- 1/4 cup water (for roux)
- Cooked Japanese short-grain rice, for serving

### Instructions

1. **Prepare the Base:** Heat vegetable oil in a medium pot over medium heat. Add diced onion, and cook until softened and slightly translucent, about 5 minutes.
2. **Add Aromatics:** Stir in the minced garlic and grated ginger; cook until fragrant, about 1 minute.
3. **Cook Vegetables:** Add carrots, potato, and daikon radish; sauté for 5 minutes, stirring occasionally.
4. **Add Broth and Seasonings:** Pour in vegetable broth, then add soy sauce, tomato paste, maple syrup, curry powder, and garam masala if using. Stir well to combine.
5. **Simmer:** Bring the mixture to a boil, then reduce heat to low and cover. Let it simmer gently for 20-25 minutes, or until the vegetables are tender.
6. **Make the Roux:** In a small bowl, mix flour with 1/4 cup water until smooth. Slowly stir this mixture into the pot. Continue cooking for 5-7 minutes, stirring frequently, until the curry thickens into a rich sauce.
7. **Add Peas:** Stir in the green peas and cook for another 3 minutes until heated through.
8. **Serve:** Spoon the thick curry over warm steamed Japanese short-grain rice for a filling and wholesome vegan lunch.

### Serving Size

This recipe serves 2 people.

---

**Fun Tip:** For a bit of texture contrast, sprinkle some toasted sesame seeds or crispy fried shallots on top before serving—this adds a little crunch and extra flavor! Itadakimasu!",True,,3_2,3
Got any easy dairy-free dinner recipes? I’m trying to avoid milk and cheese.,dairy-free,"## Miso-Glazed Salmon with Sautéed Spinach and Mushrooms (Dairy-Free)

Dive into a savory and healthy Japanese-inspired dinner with tender miso-glazed salmon paired with garlicky sautéed spinach and mushrooms — all completely dairy-free and bursting with umami flavor!

### Ingredients

#### For Miso-Glazed Salmon:
- 2 salmon fillets (about 150g each)
- 2 tbsp white miso paste
- 1 tbsp mirin (sweet rice wine)
- 1 tbsp sake (or substitute with water)
- 1 tbsp maple syrup or honey
- 1 tsp grated fresh ginger
- 1 tsp sesame oil

#### For Sautéed Spinach and Mushrooms:
- 1 tbsp sesame oil
- 2 garlic cloves, thinly sliced
- 150g fresh spinach leaves, washed and trimmed
- 100g shiitake or button mushrooms, sliced
- 1 tbsp gluten-free tamari or soy sauce
- Freshly ground black pepper, to taste
- Toasted sesame seeds, for garnish (optional)

### Instructions

1. **Prepare Miso Glaze:** In a small bowl, whisk together the miso paste, mirin, sake, maple syrup, grated ginger, and sesame oil until smooth.
2. **Marinate Salmon:** Place the salmon fillets in a shallow dish and brush generously with the miso glaze. Let them marinate for 15-20 minutes at room temperature.
3. **Cook Salmon:** Preheat your oven to 200°C (400°F). Line a baking sheet with parchment paper. Place the salmon fillets skin-side down on the tray and bake for 10-12 minutes, or until the fish flakes easily with a fork.
4. **Sauté Vegetables:** While the salmon bakes, heat sesame oil in a large skillet over medium heat. Add sliced garlic and sauté for 30 seconds until fragrant.
5. **Add Mushrooms:** Toss in the mushrooms and cook for 5 minutes until softened and lightly browned.
6. **Add Spinach:** Add the spinach to the skillet, stirring continuously until wilted (about 2-3 minutes).
7. **Season Vegetables:** Stir in tamari sauce and season with black pepper. Remove from heat.
8. **Serve:** Plate the miso-glazed salmon alongside the sautéed spinach and mushrooms. Sprinkle with toasted sesame seeds if desired.

### Serving Size

This recipe serves 2 people.

---

**Fun Tip:** For a heartier meal, serve this dish over steamed Japanese short-grain rice or cauliflower rice to keep it light and dairy-free. The leftover miso glaze also makes a fantastic dipping sauce! Itadakimasu!",True,,10_2,10
"Looking for some easy dairy-free dinner ideas, anything tasty and quick?",dairy-free,"## Spicy Miso Glazed Salmon with Sautéed Baby Bok Choy (Dairy-Free)

Savor the rich, umami-packed flavors of miso-glazed salmon paired with a quick, garlicky sauté of tender baby bok choy — a speedy, healthy, and dairy-free Japanese-inspired dinner that bursts with flavor!

### Ingredients

#### For the Miso Glazed Salmon:
- 2 salmon fillets (about 150g each)
- 2 tbsp white miso paste
- 1 tbsp maple syrup or honey (for strict dairy-free)
- 1 tbsp rice vinegar
- 1 tsp sesame oil
- 1/2 tsp chili flakes (adjust to taste)
- 1 garlic clove, minced
- 1 tsp grated ginger

#### For the Sautéed Baby Bok Choy:
- 300g baby bok choy, halved lengthwise and washed
- 1 tbsp sesame oil
- 2 garlic cloves, thinly sliced
- 1 tbsp gluten-free tamari or soy sauce
- 1 tsp toasted sesame seeds (for garnish)

### Instructions

1. **Prepare the Miso Glaze:** In a small bowl, whisk together the white miso paste, maple syrup, rice vinegar, sesame oil, chili flakes, garlic, and ginger until smooth.
2. **Glaze the Salmon:** Pat dry the salmon fillets with paper towels. Spread the miso glaze evenly over the top side of the salmon fillets. Set aside while you prepare your bok choy.
3. **Cook the Salmon:** Preheat your oven to 200°C (390°F). Line a baking tray with parchment paper or foil. Place the salmon fillets skin-side down onto the tray. Bake for 10-12 minutes until the fish is cooked through and the glaze has caramelized slightly.
4. **Sauté the Baby Bok Choy:** While the salmon bakes, heat sesame oil in a large skillet or wok over medium-high heat. Add the sliced garlic and sauté for about 30 seconds until fragrant.
5. **Add Bok Choy:** Toss in the halved baby bok choy and stir-fry for 3-4 minutes until the leaves are wilted and stalks are tender-crisp.
6. **Season:** Drizzle tamari over the bok choy and stir to coat evenly. Cook for an additional 1 minute, then remove from heat.
7. **Serve:** Plate the miso-glazed salmon alongside the sautéed baby bok choy. Sprinkle toasted sesame seeds over the vegetables for extra crunch and nuttiness.

### Serving Size

This recipe serves 2 people.

---

**Fun Tip:** For extra texture, you can sprinkle some crushed nori flakes over the salmon just before serving. It adds an authentic Japanese touch and a delightful sea aroma! Itadakimasu!",True,,11_1,11
Any quick gluten free dinner ideas? Trying to avoid bread and pasta tonight.,gluten-free,"## Teriyaki Salmon with Sautéed Bok Choy

Delight in a quick, gluten-free dinner featuring tender, flavorful teriyaki-glazed salmon paired with garlicky sautéed bok choy—simple to prepare and perfect for a light, satisfying meal free from bread and pasta.

### Ingredients

#### For Teriyaki Salmon:
- 2 salmon fillets (about 150g each)
- 3 tbsp gluten-free tamari sauce
- 2 tbsp mirin
- 1 tbsp sake (optional, or substitute with water)
- 1 tbsp brown sugar
- 1 garlic clove, minced
- 1 tsp fresh ginger, grated
- 1 tsp sesame oil
- Toasted sesame seeds, for garnish
- Chopped green onions, for garnish

#### For Sautéed Bok Choy:
- 2 small heads of baby bok choy, halved lengthwise
- 1 tbsp vegetable oil or sesame oil
- 2 garlic cloves, thinly sliced
- 1 tbsp gluten-free tamari sauce
- Fresh ground black pepper, to taste

### Instructions

1. **Prepare Teriyaki Sauce:** In a small bowl, mix tamari, mirin, sake, brown sugar, minced garlic, and grated ginger until sugar dissolves.
2. **Marinate Salmon:** Place the salmon fillets in a shallow dish and pour half of the teriyaki sauce over them. Let marinate for 10-15 minutes.
3. **Cook Salmon:** Heat sesame oil in a non-stick skillet over medium heat. Remove salmon from marinade, reserving the liquid. Place salmon skin-side down in the pan and cook for about 4-5 minutes. Flip salmon gently, pour reserved marinade over the fillets, and cook another 3-4 minutes until salmon is cooked through and glaze thickens slightly.
4. **Sauté Bok Choy:** While salmon cooks, heat vegetable or sesame oil in another pan over medium heat. Add sliced garlic and sauté until fragrant (about 30 seconds). Add bok choy halves and stir-fry for 4-5 minutes until tender-crisp.
5. **Season Bok Choy:** Splash tamari sauce over the bok choy and sprinkle with black pepper. Mix briefly and remove from heat.
6. **Plate and Garnish:** Place salmon on plates, spoon some extra teriyaki sauce from the pan over the top, and sprinkle with toasted sesame seeds and chopped green onions. Serve alongside sautéed bok choy.

### Serving Size

This recipe serves 2 people.

---

**Fun Tip:** For extra texture, add a sprinkle of crushed toasted nori or furikake seasoning over the salmon before serving—it's a Japanese twist that adds a little umami crunch! Itadakimasu!",True,,5_1,5
"Looking for some easy vegan lunch ideas that aren’t just salad, any good recipes?",vegan,"## Vegan Japanese Curry Rice – Comfort in a Bowl

Dive into a warm, hearty, and flavorful Japanese vegan curry that's rich in spices and loaded with tender vegetables—perfect for a satisfying lunch that’s anything but ordinary!

### Ingredients

- 150g medium-grain Japanese rice
- 2 cups water (for cooking rice)
- 1 tbsp vegetable oil
- 1 small onion, finely chopped
- 2 garlic cloves, minced
- 1 tsp fresh ginger, grated
- 1 medium carrot, peeled and diced
- 1 medium potato, peeled and diced
- 100g pumpkin or kabocha squash, peeled and cubed
- 100g green beans, trimmed and cut into 2cm pieces
- 2 cups vegetable broth (low sodium)
- 1 tbsp tomato paste
- 2 tbsp soy sauce or tamari (check for vegan)
- 1 tbsp maple syrup or agave syrup
- 1 tbsp curry powder (mild or medium heat)
- 1 tsp garam masala
- 1 tbsp flour (all-purpose or gluten-free) or cornstarch for thickening
- Salt and pepper, to taste
- Fresh chopped parsley or green onions for garnish (optional)

### Instructions

1. **Cook the Rice:** Rinse the rice under cold water until the water runs clear. Place the rice and 2 cups water in a pot, bring to a boil, then reduce to low heat and cover. Cook for 15 minutes or until water is absorbed. Remove from heat and let sit, covered, for 10 minutes.
2. **Prepare the Vegetables:** While the rice cooks, heat vegetable oil in a large saucepan over medium heat.
3. **Sauté Aromatics:** Add chopped onion, garlic, and ginger. Cook, stirring frequently, until the onion is translucent and fragrant (about 5 minutes).
4. **Add Vegetables:** Stir in carrot, potato, pumpkin, and green beans. Cook for 3-5 minutes, stirring occasionally.
5. **Make Curry Base:** Sprinkle the curry powder, garam masala, and flour over the vegetables, stirring well to coat. Cook for 1-2 minutes to toast the spices.
6. **Add Liquids:** Slowly pour in the vegetable broth while stirring to prevent lumps. Add tomato paste, soy sauce, and maple syrup. Stir well to combine.
7. **Simmer:** Bring the mixture to a gentle boil, then reduce heat to low. Cover and simmer for 15-20 minutes, or until vegetables are tender and the sauce thickens.
8. **Season:** Taste and add salt and pepper as needed.
9. **Serve:** Plate the cooked rice and spoon the hot curry over the top. Garnish with chopped parsley or green onions if desired.

### Serving Size

Serves 2 people.

---

**Fun Tip:** For an extra punch of flavor, try adding a small splash of coconut milk at the end for creamy richness, or serve your curry with a side of pickled ginger for a refreshing contrast. Itadakimasu!",True,,3_1,3
Looking for some easy gluten free dinner ideas that my whole family will actually enjoy!,gluten-free,"## Teriyaki Salmon with Garlic Spinach and Steamed Rice (Gluten-Free)

Experience a delightful and easy-to-make gluten-free dinner featuring tender salmon glazed in a homemade teriyaki sauce, accompanied by flavorful garlic sautéed spinach and fluffy steamed rice — a wholesome family favorite!

### Ingredients

#### For Teriyaki Salmon:
- 2 salmon fillets (about 150g each)
- 3 tbsp gluten-free tamari sauce
- 2 tbsp mirin
- 1 tbsp sake (optional, or water)
- 1 tbsp honey or maple syrup
- 1 garlic clove, minced
- 1 tsp fresh ginger, grated
- 1 tsp sesame oil
- Sesame seeds, for garnish
- Chopped green onions, for garnish

#### For Garlic Spinach:
- 200g fresh spinach, washed and trimmed
- 1 tbsp sesame oil or vegetable oil
- 2 garlic cloves, thinly sliced
- Salt, to taste

#### For Steamed Rice:
- 1 cup Japanese short-grain rice
- 1 1/4 cups water

### Instructions

1. **Prepare the Teriyaki Sauce:** In a small bowl, whisk together tamari, mirin, sake, honey, garlic, and ginger until well combined.
2. **Marinate the Salmon:** Place the salmon fillets in a shallow dish and pour half of the teriyaki sauce over them. Let them marinate for about 15 minutes at room temperature.
3. **Cook the Rice:** Rinse the rice under cold water until the water runs clear. Combine rice and water in a pot; cover and bring to a boil. Once boiling, reduce heat to low and simmer for 15 minutes. Remove from heat and let it steam, covered, for another 10 minutes.
4. **Cook the Salmon:** Heat sesame oil in a non-stick skillet over medium heat. Remove salmon from marinade (keep the marinade), and cook salmon skin-side down for about 4-5 minutes until the skin crisps.
5. **Glaze the Salmon:** Flip the salmon fillets and pour the remaining marinade into the pan. Cook for another 3-4 minutes, spooning the sauce over the salmon to glaze and cook through.
6. **Sauté Garlic Spinach:** While the salmon cooks, heat sesame oil in another pan over medium heat. Add garlic slices and sauté until fragrant and lightly golden (about 1-2 minutes).
7. **Add Spinach:** Add the spinach to the pan, stirring quickly to wilt it. Season with a pinch of salt and cook for another 1-2 minutes until tender but still vibrant.
8. **Serve:** Plate steamed rice, place glazed salmon fillets on top or beside the rice, and add a serving of garlic spinach. Garnish salmon with sesame seeds and chopped green onions.

### Serving Size

This recipe serves 2 people.

---

**Fun Tip:** For extra texture and flavor, sprinkle crushed toasted nori (seaweed flakes) over the rice — it adds an authentic Japanese touch! Itadakimasu!",True,,6_2,6
Looking for some easy gluten free dinner ideas that my whole family will actually enjoy!,gluten-free,"## Gluten-Free Tonkatsu with Cabbage Salad

Experience the crispy, juicy delight of traditional Japanese pork cutlets made gluten-free by using panko-style gluten-free breadcrumbs, paired with a refreshing, crunchy cabbage salad to balance the flavors. This dinner is sure to be a hit with the whole family!

### Ingredients

#### For Tonkatsu:
- 2 pork loin chops (about 150g each), pounded to 1 cm thickness
- Salt and pepper, to taste
- 1/2 cup gluten-free all-purpose flour
- 1 large egg, beaten
- 3/4 cup gluten-free panko breadcrumbs
- Vegetable oil, for frying (about 1 cup)

#### For Cabbage Salad:
- 2 cups finely shredded green cabbage
- 1/2 carrot, julienned
- 1 tbsp rice vinegar
- 1 tsp sugar
- 1 tbsp mayonnaise (check for gluten-free)
- Pinch of salt

#### For Tonkatsu Sauce:
- 3 tbsp gluten-free Worcestershire sauce
- 1 tbsp ketchup
- 1 tsp soy sauce (gluten-free tamari)

### Instructions

1. **Prepare Pork Chops:** Season the pork chops lightly with salt and pepper on both sides. Set aside.
2. **Set Up Dredging Station:** Place the gluten-free flour, beaten egg, and gluten-free panko in three separate shallow bowls.
3. **Coat Pork:** Dredge each pork chop first in flour, shaking off excess, then dip into the egg, and finally coat evenly with panko breadcrumbs. Press gently to adhere.
4. **Heat Oil:** Pour vegetable oil into a large skillet to a depth of about 1 cm and heat over medium heat until shimmering but not smoking (around 170°C or 340°F).
5. **Fry Pork:** Carefully place breaded pork chops in the hot oil and fry for about 4-5 minutes per side or until golden brown and cooked through. Use a meat thermometer to check for an internal temperature of 63°C (145°F).
6. **Drain:** Remove cooked tonkatsu from the oil and drain on paper towels to remove excess oil.
7. **Prepare Cabbage Salad:** While the pork cooks, mix shredded cabbage and carrot in a bowl. In a separate small bowl, whisk rice vinegar, sugar, mayonnaise, and salt until smooth. Toss dressing with vegetables.
8. **Make Tonkatsu Sauce:** In a small dish, combine Worcestershire sauce, ketchup, and tamari, stirring well.
9. **Serve:** Slice tonkatsu into strips for easy eating, arrange on plates alongside cabbage salad, and drizzle or serve the sauce on the side for dipping.

### Serving Size

This recipe serves 2 people.

---

**Fun Tip:** For an added touch, serve your gluten-free tonkatsu with steamed white rice and a small bowl of miso soup for a comforting and complete Japanese dinner. Itadakimasu!",True,,6_1,6
Looking for some easy paleo-friendly meals I can whip up after work—got any favorites?,paleo,"## Paleo-Inspired Chicken Teriyaki Lettuce Wraps

Experience the savory sweetness of teriyaki sauce with a paleo-friendly twist, wrapped in crisp lettuce leaves for a light yet satisfying meal that’s perfect for speedy weeknight dinners.

### Ingredients

- 300g boneless, skinless chicken thighs, finely chopped
- 1 tbsp coconut aminos (paleo-friendly soy sauce alternative)
- 1 tbsp coconut sugar or raw honey
- 1 tsp grated fresh ginger
- 1 garlic clove, minced
- 1 tbsp avocado or coconut oil
- 1 large carrot, julienned
- 1/2 red bell pepper, thinly sliced
- 4 large butter lettuce leaves, washed and dried
- 1 green onion, thinly sliced
- Sesame seeds (optional, for garnish)

### Instructions

1. **Make the Paleo Teriyaki Sauce:** In a small bowl, mix together coconut aminos, coconut sugar or honey, grated ginger, and minced garlic until well combined. Set aside.
2. **Cook the Chicken:** Heat the avocado or coconut oil in a large skillet over medium heat. Add the chopped chicken and cook until no longer pink, about 6-8 minutes.
3. **Add the Sauce:** Pour the paleo teriyaki sauce over the chicken, stirring to coat evenly. Let it simmer for an additional 2-3 minutes until the sauce thickens and glazes the chicken.
4. **Prepare the Vegetables:** Add the julienned carrot and sliced red bell pepper directly to the skillet, tossing to combine and warming them slightly while keeping some crunch (about 2 minutes).
5. **Assemble the Wraps:** Spoon the chicken and vegetable mixture into the butter lettuce leaves. Garnish with sliced green onions and sesame seeds if using.
6. **Serve:** Arrange the wraps on a plate and enjoy immediately for a fresh and flavorful paleo dinner.

### Serving Size

This recipe makes 2 servings.

---

**Fun Tip:** For extra crunch, add some chopped toasted nuts like cashews or almonds inside your wraps! It gives a delightful texture contrast to the tender chicken. Itadakimasu!",True,,17_2,17
"Hey, can you suggest some easy nut-free snacks for my kids?",nut-free,"## Onigiri (Japanese Rice Balls) – Nut-Free and Kid-Friendly

These fun and easy Japanese rice balls can be filled with tasty, kid-friendly ingredients like salmon or pickled plum, making them a perfect nut-free snack that’s both satisfying and portable.

### Ingredients

- 2 cups cooked Japanese short-grain rice (preferably slightly sticky)
- 1/2 tsp salt
- 2 sheets nori (seaweed), cut into strips or small rectangles
- 100g cooked salmon, flaked (or substitute with cooked tuna or plain umeboshi plum paste)
- Optional fillings:
  - Pickled plum (umeboshi) paste
  - Cooked vegetables (like finely chopped carrots or spinach)

### Instructions

1. **Prepare the Rice:** While the rice is still warm (but cool enough to handle), sprinkle salt evenly over it and gently mix to distribute.
2. **Shape the Rice Balls:** Wet your hands with water and rub a small pinch of salt over your palms to prevent sticking. Take about a handful (roughly 1/3 cup) of rice and flatten it slightly in your palm.
3. **Add Filling:** Place a small amount (about 1 tsp) of your chosen filling (salmon, umeboshi, or veggies) in the center of the rice.
4. **Seal and Shape:** Fold the rice around the filling and mold it firmly but gently into a triangle or round shape. Press lightly to compact the rice without crushing it.
5. **Wrap with Nori:** Wrap a strip or small rectangle of nori around one side or base of the rice ball for flavor and grip.
6. **Serve or Pack:** Serve immediately or wrap individually in plastic wrap to keep fresh for lunch or snacks.

### Serving Size

This recipe makes about 4-6 onigiri, depending on size, suitable for 2 kids as a snack or small meal.

---

**Fun Tip:** Kids love getting involved! Let them pick their fillings and help shape the onigiri — it makes snack time even more exciting. Itadakimasu!",True,,24_2,24
Looking for some easy paleo-friendly meals I can whip up after work—got any favorites?,paleo,"## Paleo-Inspired Teriyaki Salmon Bowls

Savor an easy and vibrant paleo-friendly meal featuring tender salmon glazed with a naturally sweet teriyaki sauce, served over a bed of crisp stir-fried vegetables for a nutritious dinner you can whip up in no time!

### Ingredients

- 2 salmon fillets (about 150g each)
- 2 tbsp coconut aminos (paleo-friendly soy sauce alternative)
- 1 tbsp honey or pure maple syrup
- 1 tbsp fresh ginger, grated
- 1 garlic clove, minced
- 1 tbsp coconut oil
- 1 small broccoli head, cut into florets
- 1 medium carrot, julienned
- 1 small red bell pepper, thinly sliced
- 1/2 medium zucchini, sliced
- 2 spring onions, chopped
- 1 tbsp sesame seeds (optional, check if paleo for you)
- Freshly ground black pepper, to taste

### Instructions

1. **Make the Teriyaki Glaze:** In a small bowl, whisk together the coconut aminos, honey (or maple syrup), grated ginger, and minced garlic until well combined.
2. **Prepare the Salmon:** Pat dry the salmon fillets with paper towels. Season lightly with black pepper.
3. **Cook the Salmon:** Heat half the coconut oil in a non-stick skillet over medium heat. Place the salmon fillets skin-side down (if skin-on) and cook for about 4-5 minutes until the skin turns crispy.
4. **Glaze and Finish:** Flip the salmon, pour the teriyaki glaze over the fillets, and cook for another 3-4 minutes, spooning the glaze over the fish as it cooks until the salmon is cooked through and shiny with glaze.
5. **Sauté the Vegetables:** Meanwhile, heat the remaining coconut oil in a separate large skillet or wok over medium-high heat. Add broccoli, carrot, bell pepper, and zucchini. Stir-fry for 5-7 minutes until tender-crisp.
6. **Season and Serve:** Toss the vegetables with a pinch of black pepper and half of the chopped spring onions. Divide the vegetables between two bowls and top each with a glazed salmon fillet. Sprinkle with sesame seeds and remaining spring onions.

### Serving Size

This recipe serves 2 people.

---

**Fun Tip:** For extra variety, swap the vegetables with whatever’s fresh and in season—you can’t go wrong with leafy greens or snap peas! Itadakimasu!",True,,17_1,17
Got any easy diabetic-friendly dinner recipes? Something low in sugar but tasty would be awesome.,diabetic-friendly,"## Grilled Miso-Glazed Salmon with Steamed Vegetables (Diabetic-Friendly)

This flavorful miso-glazed salmon offers a perfect balance of savory and umami with minimal sugar, paired with fresh steamed vegetables for a light and nutritious dinner that's friendly for blood sugar management.

### Ingredients

#### For the Miso-Glazed Salmon:
- 2 salmon fillets (about 150g each)
- 2 tbsp white miso paste (low-sodium if possible)
- 1 tbsp rice vinegar
- 1 tbsp tamari or low-sodium soy sauce
- 1 tsp grated fresh ginger
- 1 tsp sesame oil
- 1/2 tsp garlic powder
- Freshly ground black pepper, to taste

#### For the Steamed Vegetables:
- 100g broccoli florets
- 100g cauliflower florets
- 1 medium carrot, sliced thinly
- 100g snap peas or green beans
- 1 tbsp water (for steaming)
- 1 tsp toasted sesame seeds (optional, for garnish)

### Instructions

1. **Prepare the Miso Glaze:** In a small bowl, whisk together the miso paste, rice vinegar, tamari, grated ginger, sesame oil, and garlic powder until smooth.
2. **Marinate the Salmon:** Place the salmon fillets in a shallow dish and brush both sides generously with the miso glaze. Let them marinate for 10-15 minutes at room temperature.
3. **Steam the Vegetables:** While the salmon marinates, arrange the broccoli, cauliflower, carrot, and snap peas in a steamer basket over boiling water. Cover and steam for 5-7 minutes until vegetables are tender but still crisp.
4. **Cook the Salmon:** Heat a non-stick skillet over medium heat. Place the salmon fillets skin-side down and cook for about 4-5 minutes, then flip carefully and cook for another 3-4 minutes until cooked through and caramelized with a slightly golden glaze.
5. **Serve:** Plate the salmon alongside the steamed vegetables. Sprinkle the vegetables with toasted sesame seeds if desired, and finish with a light grind of black pepper over the salmon.

### Serving Size

This recipe serves 2 people.

---

**Fun Tip:** For extra crunch and a burst of flavor, try sprinkling some toasted nori flakes over the steamed vegetables. It adds an authentic Japanese touch without any added sugar. Itadakimasu!",True,,20_1,20
Looking for some easy paleo lunch ideas that don’t take forever to make. Got any favorites?,paleo,"## Paleo Chicken Teriyaki Lettuce Wraps

Savor the sweet and savory flavors of classic Japanese teriyaki in a light, paleo-friendly chicken lettuce wrap that's quick to prepare and perfect for lunch on the go!

### Ingredients

- 300g boneless, skinless chicken breast, thinly sliced
- 1 tbsp coconut aminos (a paleo-friendly soy sauce alternative)
- 1 tbsp mirin (optional, for sweetness)
- 1 tbsp coconut sugar or honey (optional, adjust for sweetness)
- 1 tsp fresh ginger, grated
- 1 garlic clove, minced
- 1 tbsp sesame oil (or coconut oil)
- 1 head butter lettuce or romaine leaves, washed and separated
- 1 small carrot, julienned
- 1/2 cucumber, thinly sliced
- 1 tbsp toasted sesame seeds
- 2 green onions, finely sliced
- A pinch of chili flakes (optional, for a little heat)

### Instructions

1. **Make the paleo teriyaki sauce:** In a small bowl, whisk together coconut aminos, mirin, coconut sugar, grated ginger, and minced garlic until well combined.
2. **Cook the chicken:** Heat sesame oil in a large skillet over medium-high heat. Add the chicken slices and cook, stirring frequently, until they start to brown and are cooked through (about 6-8 minutes).
3. **Add the sauce:** Pour the teriyaki sauce over the cooked chicken in the skillet. Reduce the heat slightly and cook for another 2-3 minutes, stirring to coat the chicken evenly and allowing the sauce to thicken and glaze the chicken.
4. **Prepare the wraps:** Lay out the lettuce leaves on a serving plate. Fill each leaf with a spoonful of the teriyaki chicken, then top with julienned carrot, cucumber slices, and a sprinkle of toasted sesame seeds, green onions, and chili flakes if using.
5. **Serve:** Fold the lettuce leaves like a taco and enjoy immediately for a fresh, crunchy lunch.

### Serving Size

This recipe serves 2 people.

---

**Fun Tip:** For an extra boost of flavor and texture, try adding crushed macadamia nuts or sliced avocado to your lettuce wraps. It adds creaminess and a delightful crunch! Itadakimasu!",True,,18_1,18
"Hey, can you suggest some easy nut-free snacks for my kids?",nut-free,"## Crispy Japanese Rice Crackers (Senbei) - Nut-Free Snack

Delight your kids with these crunchy, savory, and nut-free Japanese rice crackers that are easy to make and perfect for snacking anytime!

### Ingredients

- 1 cup cooked Japanese short-grain rice (preferably freshly cooked and sticky)
- 2 tbsp soy sauce (ensure it's nut-free)
- 1 tsp mirin (optional, for a touch of sweetness)
- 1 tsp sugar
- 1 tbsp toasted sesame seeds (optional, check for allergies)
- Vegetable oil, for frying

### Instructions

1. **Prepare Rice Mixture:** In a bowl, combine the cooked rice, soy sauce, mirin, and sugar. Mix thoroughly until well blended and the rice starts to stick together.
2. **Form Crackers:** Wet your hands slightly to prevent sticking. Take small portions of the rice mixture (about 2 tablespoons) and flatten into thin, round discs (about 1/4 inch thick).
3. **Let Dry Slightly:** Place the formed discs on a parchment-lined tray and let them air dry for 15-20 minutes. This helps them hold their shape during frying.
4. **Heat Oil:** In a deep frying pan, heat about 1-2 inches of vegetable oil over medium heat. To test, drop a small bit of rice mixture into the oil—it should sizzle immediately.
5. **Fry Crackers:** Carefully place a few rice crackers into the hot oil, frying them in batches. Fry until they turn golden and crispy, about 2-3 minutes per side.
6. **Drain and Cool:** Remove the crackers with a slotted spoon and place on paper towels to drain excess oil. Let them cool completely to become crispier.
7. **Optional Toasted Sesame:** If using sesame seeds, sprinkle them on the rice mix before shaping or toast some separately and sprinkle on top once cooled.
   
### Serving Size

Makes about 10-12 rice crackers, perfect for 2 kids.

---

**Fun Tip:** Try customizing your senbei by brushing them lightly with a little more soy sauce or adding a sprinkle of seaweed flakes (nori) for extra umami flavor. Store in an airtight container to keep them crispy! Itadakimasu!",True,,24_1,24
"Looking for some easy raw vegan snacks I can prep quickly, any suggestions?",raw vegan,"I can only suggest Japanese or Japanese-inspired recipes, but I have a delicious raw vegan Japanese-inspired snack for you!

## Raw Vegan Edamame and Seaweed Salad Bites

Enjoy a fresh, vibrant, and crunchy raw vegan snack inspired by Japanese flavors, featuring protein-rich edamame and nutrient-packed seaweed wrapped in crisp lettuce leaves—perfect for a quick, healthy bite!

### Ingredients

- 1 cup shelled edamame (fresh or thawed if frozen)
- 1 tbsp tamari or soy sauce (use gluten-free tamari if preferred)
- 1 tsp toasted sesame oil
- 1 tsp freshly grated ginger
- 1 tbsp thinly sliced green onions
- 1 tbsp toasted sesame seeds
- 1 sheet nori seaweed, cut into small squares or strips
- 6-8 large crisp lettuce leaves (such as butter lettuce or romaine)
- 1 small carrot, julienned (optional for added crunch and color)
- 1 tsp lemon juice or yuzu juice

### Instructions

1. **Prepare the Edamame:** If your edamame is frozen, thaw it completely. Place in a bowl.
2. **Make the Dressing:** In a small bowl, combine tamari, toasted sesame oil, grated ginger, and lemon or yuzu juice.
3. **Mix Edamame Salad:** Toss the edamame, green onions, and carrot (if using) with the dressing until well coated.
4. **Assemble the Bites:** Lay out the lettuce leaves and place a small spoonful of the edamame mixture onto the center of each leaf.
5. **Add Seaweed:** Top each bite with a small strip or square of nori seaweed and sprinkle with toasted sesame seeds.
6. **Serve:** Arrange on a plate and serve immediately for a fresh and tasty raw vegan snack.

### Serving Size

This recipe serves 2 people (3-4 bites each).

---

**Fun Tip:** For an extra burst of flavor, lightly sprinkle a pinch of shichimi togarashi (Japanese seven-spice blend) on top of the bites just before serving! It adds a subtle kick without overpowering the fresh ingredients. Itadakimasu!",True,,26_1,26
Got any easy raw vegan lunch ideas? I’m trying to keep things simple and fresh.,raw vegan,"I can only suggest Japanese or Japanese-inspired dishes, so how about a fresh and easy Raw Vegan Japanese-Inspired Soba Noodle Salad? It’s light, refreshing, and perfect for a simple raw vegan lunch with vibrant flavors!

## Raw Vegan Japanese-Inspired Soba Noodle Salad

This vibrant raw soba noodle salad combines crisp vegetables and a tangy sesame-soy dressing for a fresh and satisfying lunch that’s both simple and full of umami.

### Ingredients

- 100g kelp or zucchini noodles (as a raw, noodle substitute)
- 1 medium carrot, julienned
- 1/2 cucumber, thinly sliced into ribbons
- 1 ripe avocado, sliced
- 2 spring onions, thinly sliced
- 1 tbsp roasted sesame seeds
- 1 sheet nori, torn into small strips (optional)

#### Dressing:
- 2 tbsp tamari (gluten-free soy sauce)
- 1 tbsp toasted sesame oil
- 1 tbsp rice vinegar
- 1 tsp grated fresh ginger
- 1 tsp maple syrup or agave syrup (optional)
- 1 small garlic clove, minced

### Instructions

1. **Prepare the Noodles:** If using kelp noodles, rinse and soak according to package instructions to soften (usually 10-15 minutes). If using zucchini noodles, simply spiralize and set aside.
2. **Make the Dressing:** In a small bowl, whisk together tamari, toasted sesame oil, rice vinegar, fresh ginger, minced garlic, and maple syrup until well combined.
3. **Assemble the Salad:** In a large mixing bowl, combine the noodles, carrot julienne, cucumber ribbons, and spring onions. Toss gently to mix.
4. **Add Dressing:** Pour the dressing over the salad and toss until everything is evenly coated.
5. **Plate and Garnish:** Divide the salad into bowls, top with sliced avocado, sprinkle with roasted sesame seeds, and tear nori strips over the top for added flavor and texture.
6. **Serve immediately** for the freshest taste.

### Serving Size

This recipe serves 2 people.

---

**Fun Tip:** For extra crunch, try adding thinly sliced raw shiitake mushrooms or radish on top. The contrast in texture will make your salad even more exciting. Itadakimasu!",True,,25_1,25
"Looking for some easy pescatarian lunch recipes, nothing too fancy just good and quick.",pescatarian,"## Quick and Tasty Miso Glazed Salmon Bowl

A simple yet flavorful Japanese-inspired lunch featuring perfectly broiled miso-glazed salmon served over a bed of steamed rice and fresh vegetables—quick to prepare and delightfully satisfying!

### Ingredients

- 2 salmon fillets (about 150g each)
- 2 tbsp white miso paste
- 1 tbsp mirin (Japanese sweet rice wine)
- 1 tbsp sake (or water as substitute)
- 1 tsp sugar
- 1 cup cooked Japanese short-grain rice
- 1 small cucumber, thinly sliced
- 1/2 avocado, sliced
- 1 sheet nori (seaweed), cut into thin strips
- 1 tsp sesame seeds, toasted
- 1 tsp sesame oil
- Pickled ginger (optional), for garnish
- Scallions, chopped (optional), for garnish

### Instructions

1. **Make the Miso Glaze:** In a small bowl, whisk together the miso paste, mirin, sake, and sugar until smooth.
2. **Prepare the Salmon:** Preheat your oven's broiler to high and line a baking tray with foil. Place salmon fillets skin-side down on the tray.
3. **Apply Glaze:** Brush the miso glaze generously over the top of each salmon fillet.
4. **Broil the Salmon:** Broil the salmon about 6-8 cm from the heat source for 6-8 minutes or until the glaze bubbles and salmon is cooked through but still moist inside.
5. **Assemble the Bowl:** Drizzle sesame oil over the warm cooked rice and fluff it gently. Divide the rice evenly between two bowls.
6. **Add Toppings:** Place the broiled salmon on top of the rice, then arrange cucumber slices, avocado, and nori strips alongside.
7. **Garnish:** Sprinkle toasted sesame seeds and scallions over everything. Add pickled ginger on the side if desired.
8. **Serve:** Enjoy immediately while the salmon is warm and flavorful.

### Serving Size

Serves 2 people.

---

**Fun Tip:** For an extra burst of flavor and texture, add a soft-boiled egg or some edamame to your bowl! Itadakimasu!",True,,28_1,28
Got any easy raw vegan lunch ideas? I’m trying to keep things simple and fresh.,raw vegan,"I specialize in Japanese and Japanese-inspired recipes, so for a fresh and simple raw vegan lunch with Japanese flavors, how about trying a refreshing **Raw Vegan Japanese Zucchini Noodle Salad**? It's light, crisp, and bursting with umami!

## Raw Vegan Japanese Zucchini Noodle Salad with Sesame Miso Dressing

This vibrant zucchini noodle salad is a fresh, raw, and vegan delight, perfect for an easy lunch that's full of Japanese-inspired flavors without any cooking required!

### Ingredients

- 2 medium zucchinis, spiralized into noodles
- 1 medium carrot, julienned
- 1/2 cup thinly sliced cucumber
- 1 sheet nori, shredded into thin strips
- 2 tbsp toasted sesame seeds
- 1 scallion, finely sliced
- 1/4 cup shredded red cabbage (optional, for extra crunch and color)

#### For Sesame Miso Dressing:
- 2 tbsp white miso paste (check if vegan)
- 1 tbsp tahini (sesame seed paste)
- 1 tbsp raw apple cider vinegar or rice vinegar
- 1 tbsp tamari or soy sauce (use gluten-free tamari if preferred)
- 1 tsp toasted sesame oil
- 1 tsp maple syrup or agave nectar
- 1-2 tbsp water (to thin out dressing as needed)

### Instructions

1. **Prepare Vegetables:** Spiralize the zucchinis into noodles and place them in a large bowl. Add the julienned carrot, sliced cucumber, and shredded red cabbage if using.
2. **Make Dressing:** In a small bowl, whisk together the white miso paste, tahini, vinegar, tamari, sesame oil, and maple syrup. Add water gradually to achieve a smooth, pourable consistency.
3. **Combine Salad:** Pour the dressing over the vegetables and toss gently to coat evenly.
4. **Garnish:** Sprinkle the shredded nori, toasted sesame seeds, and sliced scallions over the salad.
5. **Serve Immediately:** This salad is best enjoyed fresh for maximum crispness and flavor.

### Serving Size

This recipe serves 2 people.

---

**Fun Tip:** To make your salad extra refreshing, lightly chill your shredded nori before adding it—it adds a lovely crisp texture! Itadakimasu!",True,,25_2,25
"Looking for some easy pescatarian lunch recipes, nothing too fancy just good and quick.",pescatarian,"## Quick and Tasty Miso Glazed Salmon Bowl

A simple yet flavorful pescatarian lunch featuring tender salmon glazed with savory miso, served over a bed of fluffy rice and fresh veggies for a balanced, speedy meal.

### Ingredients

- 2 salmon fillets (about 150g each)
- 2 tbsp white miso paste
- 1 tbsp mirin
- 1 tbsp sake (or substitute with water)
- 1 tsp sugar
- 1 cup cooked Japanese short-grain rice
- 1/2 cucumber, thinly sliced
- 1/2 avocado, sliced
- 1 tbsp toasted sesame seeds
- 1 sheet nori (seaweed), cut into thin strips (optional)
- 1 tbsp soy sauce or tamari (for dipping, optional)
- 1 tsp vegetable oil

### Instructions

1. **Prepare the Miso Glaze:** In a small bowl, whisk together the miso paste, mirin, sake, and sugar until smooth.
2. **Glaze the Salmon:** Pat salmon fillets dry with a paper towel. Brush both sides generously with the miso glaze. Let them marinate for 5-10 minutes at room temperature.
3. **Cook the Salmon:** Heat vegetable oil in a non-stick skillet over medium heat. Place salmon fillets skin-side down and cook for about 4-5 minutes until the skin is crispy and the fish is mostly cooked through.
4. **Flip and Glaze:** Flip the salmon, brush with any remaining glaze, and cook for an additional 2-3 minutes, until the salmon is cooked to your liking and beautifully glazed.
5. **Assemble the Bowl:** Divide the cooked rice into two bowls. Arrange sliced cucumber, avocado, and the cooked salmon on top.
6. **Garnish and Serve:** Sprinkle toasted sesame seeds and nori strips over the bowls. Serve with soy sauce or tamari on the side if desired.

### Serving Size

Serves 2 people.

---

**Fun Tip:** For added crunch, toss some pickled ginger or thinly sliced radish into your bowl— it brings a refreshing contrast that brightens up the dish wonderfully. Itadakimasu!",True,,28_2,28
Got any good diabetic-friendly lunch ideas that won’t spike my blood sugar?,diabetic-friendly,"## Salmon Teriyaki with Cauliflower Rice (Diabetic-Friendly)

Savor a deliciously glazed salmon teriyaki paired with fluffy cauliflower rice—a low-carb, blood sugar-friendly lunch that's both satisfying and packed with authentic Japanese flavors.

### Ingredients

#### For the Salmon Teriyaki:
- 2 salmon fillets (about 150g each)
- 2 tbsp low-sodium soy sauce or tamari
- 1 tbsp mirin (or a sugar-free substitute)
- 1 tbsp sake (optional, or substitute with water)
- 1 tsp erythritol or a pinch of stevia (to sweeten without sugar)
- 1 garlic clove, minced
- 1 tsp fresh ginger, grated
- 1 tsp sesame oil
- 1 tsp toasted sesame seeds (for garnish)
- 1 green onion, finely sliced (for garnish)

#### For the Cauliflower Rice:
- 1 medium cauliflower head, grated or processed into rice-sized pieces
- 1 tbsp sesame oil or olive oil
- 1 small carrot, finely diced
- 50g shiitake mushrooms, thinly sliced
- 2 spring onions, chopped
- Salt and pepper, to taste

### Instructions

1. **Make the Teriyaki Sauce:** In a small bowl, combine the soy sauce, mirin, sake, erythritol, minced garlic, and grated ginger. Mix well and set aside.
2. **Prepare the Salmon:** Pat salmon fillets dry with paper towels. Heat sesame oil in a non-stick skillet over medium heat.
3. **Cook the Salmon:** Place salmon fillets skin-side down in the skillet. Cook for 4-5 minutes until the skin is crispy.
4. **Add Teriyaki Sauce:** Flip the salmon and pour the teriyaki sauce over the fillets. Let it simmer gently, basting the salmon until the sauce thickens and the salmon is cooked through (about 3-4 minutes). Remove from heat and set aside.
5. **Prepare the Cauliflower Rice:** Heat sesame or olive oil in another skillet over medium heat. Add diced carrot and shiitake mushrooms, sauté for 3-4 minutes until tender.
6. **Add Cauliflower:** Stir in grated cauliflower rice and continue cooking for 5 minutes, stirring frequently. Season with salt and pepper.
7. **Finish Cauliflower Rice:** Toss in chopped spring onions just before removing from heat.
8. **Serve:** Plate the cauliflower rice and top with the glazed salmon fillets. Garnish with sesame seeds and sliced green onion.

### Serving Size

This recipe serves 2 people.

---

**Fun Tip:** To amp up the flavor without adding carbs, sprinkle a little shichimi togarashi (Japanese seven-spice) on the salmon for a gentle kick! Itadakimasu!",True,,19_1,19
"Looking for some easy raw vegan snacks I can prep quickly, any suggestions?",raw vegan,"I specialize in Japanese and Japanese-inspired recipes, so for a delicious and quick raw vegan snack with a Japanese twist, how about trying **Japanese-Inspired Raw Zucchini and Avocado Sushi Rolls**? They’re fresh, vibrant, and super simple to prepare!

## Japanese-Inspired Raw Zucchini and Avocado Sushi Rolls (Raw & Vegan)

Light, refreshing, and loaded with creamy avocado and crisp zucchini curls, these raw vegan sushi rolls give you that satisfying sushi experience without any rice or cooking involved!

### Ingredients

- 1 large zucchini
- 1 ripe avocado, sliced
- 1 medium carrot, julienned
- 1/2 cucumber, julienned
- 4 sheets nori (seaweed paper)
- 2 tbsp tamari or coconut aminos (for dipping)
- 1 tbsp toasted sesame seeds
- Pickled ginger (optional, for serving)
- Wasabi (optional)

### Instructions

1. **Make Zucchini Noodles:** Using a spiralizer or vegetable peeler, slice the zucchini lengthwise into long thin ribbons to mimic sushi rice texture.
2. **Prepare Veggies:** Julienne the carrot and cucumber into thin strips. Slice the avocado lengthwise into thin slices.
3. **Assemble the Rolls:** Place one nori sheet on a bamboo sushi mat or flat surface, shiny side down. Arrange a thin layer of zucchini ribbons evenly over the nori, leaving about 1 inch free at the top edge.
4. **Layer Fillings:** Near the bottom edge of the zucchini layer, add a small pile of carrot, cucumber, and avocado slices.
5. **Roll Sushi:** Carefully roll the nori sheet over the fillings using the sushi mat or your hands, pressing gently but firmly so the roll sticks together. Seal the edge by moistening it with a bit of water.
6. **Slice Rolls:** Using a sharp knife, slice each roll into 6-8 bite-sized pieces.
7. **Serve:** Sprinkle toasted sesame seeds on top, serve with tamari or coconut aminos for dipping, and offer pickled ginger and wasabi on the side if desired.

### Serving Size

Makes about 2 sushi rolls—perfect for 2 people as a snack.

---

**Fun Tip:** To add an extra crunch and umami boost, sprinkle some crushed toasted nori flakes or furikake seasoning on your rolls before serving! Itadakimasu!",True,,26_2,26
"Looking for some easy nut-free snack ideas, since I have a sensitivity. Any good suggestions?",nut-free,"## Savory Japanese Rice Crackers (Senbei) – Nut-Free Snack

Crunchy and flavorful, these traditional Japanese rice crackers come in a variety of savory soy sauce glazes and make a perfect nut-free snack that’s both light and delicious!

### Ingredients

- 1 cup cooked Japanese short-grain rice (preferably cooled)
- 1 tbsp soy sauce (use gluten-free if needed)
- 1 tsp mirin (sweet rice wine)
- 1/2 tsp sugar
- 1/2 tbsp toasted sesame seeds (optional, omit if sensitive)
- Vegetable oil for brushing or spray

### Instructions

1. **Prepare Rice:** If you don't have freshly cooked rice, cook about 1/2 cup dry Japanese short-grain rice and let it cool completely.
2. **Form Crackers:** Wet your hands slightly to prevent sticking. Take a small handful of the cooked rice and form it into flat, thin circles around 2-3 inches in diameter (like a small pancake). Press firmly to compact the rice so the crackers hold together.
3. **Dry Crackers:** Place formed rice crackers on a baking sheet lined with parchment paper. Let them dry for about 2 hours at room temperature or you can gently dry them in a very low oven (about 50°C/120°F) for 30-45 minutes – this helps them crisp better.
4. **Make Glaze:** In a small bowl, mix soy sauce, mirin, and sugar until sugar dissolves.
5. **Brush Crackers:** Brush lightly both sides of each rice cracker with the soy sauce glaze.
6. **Cook Crackers:** Heat a non-stick skillet over medium heat. Lightly brush or spray with vegetable oil. Cook each rice cracker for 2-3 minutes on each side until golden brown and crispy, brushing more soy glaze on during cooking if desired.
7. **Cool:** Place on wire rack to cool completely—you’ll notice them crisping up even more as they cool.
8. **Serve:** Enjoy your crunchy senbei as a nut-free, savory, and satisfying snack!

### Serving Size

This recipe makes about 6-8 rice crackers, suitable for 2 people as a snack.

---

**Fun Tip:** For extra flavor variety, sprinkle a pinch of shichimi togarashi (Japanese seven-spice) on your rice crackers right after cooking for a subtle spicy kick. Itadakimasu!",True,,23_1,23
"Looking for some easy nut-free snack ideas, since I have a sensitivity. Any good suggestions?",nut-free,"## Japanese Onigiri (Rice Balls) - Nut-Free Snack Delight

Onigiri are easy-to-make, portable Japanese rice balls that make a perfect nut-free snack; filled with savory ingredients and wrapped in seaweed for a delightful taste and texture.

### Ingredients

- 2 cups Japanese short-grain rice (uncooked)
- 2 1/2 cups water (for cooking rice)
- 1 tsp salt
- 4 sheets of nori (seaweed), cut into strips for wrapping
- 1/2 cup cooked salmon flakes (or cooked tuna, umeboshi plum paste, or pickled vegetables for filling)
- Optional: sesame seeds (toasted), for garnish

### Instructions

1. **Cook the Rice:** Rinse the rice under cold water until the water runs clear. Drain well. Combine rice and water in a rice cooker or pot and cook according to package instructions. Once done, let the rice steam for 10 minutes.
2. **Prepare Filling:** If using salmon or tuna, flake the fish finely. For umeboshi or pickled veggies, chop them finely.
3. **Season Rice:** Transfer the cooked rice to a large bowl. Sprinkle salt over the rice and gently mix.
4. **Form Onigiri:** Wet your hands with water to prevent sticking, and rub a pinch of salt on your palms. Take about 1/3 cup of rice and flatten it in your hand.
5. **Add Filling:** Place a small spoonful of your chosen filling in the center of the flattened rice. Carefully fold the rice around the filling and shape it into a triangle or a ball, pressing gently but firmly to hold shape.
6. **Wrap:** Wrap a strip of nori around the bottom or side of the rice ball. The nori adds flavor and makes it easier to hold.
7. **Serve:** Optionally sprinkle toasted sesame seeds on top for added flavor and crunch.
8. **Storage:** Onigiri can be eaten fresh or wrapped individually and stored in the refrigerator for up to a day. For best taste, consume on the same day.

### Serving Size

Makes approximately 6 onigiri (2-3 per person for 2 people).

---

**Fun Tip:** Try mixing finely chopped shiso leaves or cooked mushrooms into the rice for an extra boost of Japanese flavor without nuts! Onigiri are great for snacking anytime—portable and satisfying. Itadakimasu!",True,,23_2,23
"Looking for some easy pescatarian dinner ideas—something quick with fish, but nothing too fancy?",pescatarian,"## Simple Teriyaki Salmon Bowl

A quick and tasty pescatarian meal featuring tender salmon glazed with a sweet-savory teriyaki sauce, served over fluffy rice and fresh veggies—perfect for an easy dinner that feels special without the fuss.

### Ingredients

- 2 salmon fillets (about 150g each)
- 3 tbsp soy sauce (or tamari for gluten-free)
- 2 tbsp mirin
- 1 tbsp sake (or water)
- 1 tbsp brown sugar
- 1 tsp grated fresh ginger
- 1 tsp sesame oil
- 1 cup cooked Japanese short-grain rice (warm)
- 1 small cucumber, thinly sliced
- 1 small carrot, julienned
- 1 spring onion, chopped
- 1 tbsp toasted sesame seeds
- Optional: 1/4 avocado, sliced

### Instructions

1. **Make the Teriyaki Sauce:** In a small bowl, mix soy sauce, mirin, sake, brown sugar, and grated ginger until the sugar dissolves.
2. **Cook the Salmon:** Heat sesame oil in a non-stick skillet over medium heat. Place the salmon fillets skin-side down and cook for about 4 minutes.
3. **Glaze the Salmon:** Flip the salmon gently and pour the teriyaki sauce into the pan. Let it simmer for about 3-4 minutes, spooning the sauce over the salmon until the fish is cooked through and the sauce thickens slightly.
4. **Prepare the Bowl:** Divide the cooked rice between two bowls.
5. **Assemble:** Place the glazed salmon fillets on top of the rice. Arrange cucumber slices, carrot julienne, and avocado slices (if using) around the salmon.
6. **Garnish:** Sprinkle chopped spring onions and toasted sesame seeds over everything for a burst of flavor and crunch.
7. **Serve Immediately:** Enjoy this comforting bowl while warm!

### Serving Size

This recipe serves 2 people.

---

**Fun Tip:** For an extra zing, drizzle a little fresh lemon juice over the salmon right before serving—it brightens the flavors beautifully. Itadakimasu!",True,,29_2,29
Looking for some easy paleo lunch ideas that don’t take forever to make. Got any favorites?,paleo,"## Paleo-Inspired Chicken Teriyaki Bowl with Cauliflower Rice

Enjoy a quick and flavorful paleo lunch with tender chicken glazed in a naturally sweet teriyaki sauce, served over aromatic cauliflower rice—a perfect low-carb, grain-free Japanese-inspired meal that's ready in under 30 minutes!

### Ingredients

#### For Chicken Teriyaki:
- 300g boneless, skinless chicken thighs, cut into bite-sized pieces
- 3 tbsp coconut aminos (paleo-friendly soy sauce substitute)
- 2 tbsp mirin (optional, or substitute with water)
- 1 tbsp coconut sugar or honey
- 1 garlic clove, minced
- 1 tsp fresh ginger, grated
- 1 tbsp coconut oil or avocado oil

#### For Cauliflower Rice:
- 1 medium head of cauliflower, riced (or about 3 cups pre-riced cauliflower)
- 1 tbsp coconut oil
- 1 green onion, chopped (optional)
- Salt and pepper, to taste

#### Optional Garnish:
- Toasted sesame seeds (optional)
- Fresh cilantro or chopped green onions

### Instructions

1. **Make the Teriyaki Sauce:** In a small bowl, mix coconut aminos, mirin, coconut sugar (or honey), minced garlic, and grated ginger until the sugar dissolves. Set aside.
2. **Cook the Chicken:** Heat coconut oil in a large skillet over medium-high heat. Add chicken pieces and cook until browned and cooked through, about 6-8 minutes.
3. **Add Sauce:** Pour the teriyaki sauce over the chicken in the skillet. Stir well and let it simmer for 3-5 minutes until the sauce thickens slightly and glazes the chicken beautifully.
4. **Prepare Cauliflower Rice:** While the chicken cooks, heat 1 tbsp coconut oil in another skillet over medium heat. Add the riced cauliflower, season with salt and pepper, and sauté for 5-7 minutes until tender but not mushy. Stir in chopped green onions if using.
5. **Assemble the Bowl:** Divide the cauliflower rice between two bowls. Top with the glazed chicken teriyaki.
6. **Garnish and Serve:** Sprinkle with toasted sesame seeds and fresh cilantro or green onions if desired.

### Serving Size

This recipe serves 2 people.

---

**Fun Tip:** For extra crunch, add steamed or stir-fried snap peas or shredded cabbage on the side to balance the savory-sweet chicken! Itadakimasu!",True,,18_2,18
"Hey, can you suggest some easy diabetic-friendly lunch ideas that don’t spike blood sugar?",diabetic-friendly,"## Saba Shioyaki with Spinach Ohitashi (Diabetic-Friendly Japanese Lunch)

Enjoy a simple, flavorful and diabetic-friendly Japanese lunch featuring grilled mackerel seasoned with salt and served alongside a refreshing spinach ohitashi salad packed with umami and nutrients, perfect for maintaining balanced blood sugar levels.

### Ingredients

#### For Saba Shioyaki (Grilled Mackerel):
- 2 saba (mackerel) fillets (about 150g each), skin on
- 1 tsp sea salt
- Lemon wedges, for garnish

#### For Spinach Ohitashi:
- 200g fresh spinach
- 2 tbsp low-sodium soy sauce or tamari (gluten-free option)
- 1 tbsp bonito flakes (optional)
- 1 tsp toasted sesame seeds

### Instructions

1. **Prepare the Mackerel:** Rinse the saba fillets under cold water and pat dry with paper towels. Sprinkle sea salt evenly over both sides of each fillet. Let them rest for 10 minutes to draw out excess moisture.
2. **Grill the Mackerel:** Preheat your grill or a grill pan over medium-high heat. Place the fillets skin-side down and grill for about 5-7 minutes until the skin is crispy and slightly charred. Flip and grill the other side for 2-3 minutes until cooked through.
3. **Prepare Spinach Ohitashi:** While the fish grills, bring a pot of water to a boil. Quickly blanch the spinach for about 30 seconds until just wilted. Immediately transfer to ice water to stop cooking and preserve color.
4. **Drain and Squeeze:** Drain the spinach and gently squeeze out excess water. Cut into 2-inch lengths.
5. **Season Spinach:** Place the spinach in a bowl and add soy sauce (or tamari). Toss to coat evenly.
6. **Garnish:** Sprinkle bonito flakes and toasted sesame seeds over the spinach just before serving.
7. **Serve:** Plate the grilled saba fillets and spinach ohitashi side by side. Garnish the fish with lemon wedges for an added fresh kick.

### Serving Size

This recipe serves 2 people.

---

**Fun Tip:** For an extra burst of flavor without added carbs, try serving the fish with a small dollop of freshly grated daikon radish and a splash of soy sauce. It’s refreshing and excellent for digestion! Itadakimasu!",True,,21_1,21
Got any easy diabetic-friendly dinner recipes? Something low in sugar but tasty would be awesome.,diabetic-friendly,"## Grilled Miso Salmon with Sesame Spinach Salad

Experience a deliciously savory and diabetic-friendly Japanese dinner that's low in sugar but full of umami, featuring tender grilled salmon glazed with a light miso sauce, paired with a refreshing sesame spinach salad.

### Ingredients

#### For Miso Salmon:
- 2 salmon fillets (about 150g each)
- 1 tbsp white miso paste
- 1 tsp low-sodium soy sauce (or tamari for gluten-free)
- 1 tsp rice vinegar
- 1 tsp sesame oil
- 1/2 tsp grated fresh ginger
- 1 tsp lemon juice
- Freshly ground black pepper, to taste

#### For Sesame Spinach Salad:
- 150g fresh spinach leaves, washed and trimmed
- 1 tsp toasted sesame seeds
- 1 tsp sesame oil
- 1 tsp rice vinegar
- 1/2 tsp low-sodium soy sauce
- Optional: a few thinly sliced green onions for garnish

### Instructions

1. **Prepare Miso Marinade:** In a small bowl, whisk together miso paste, soy sauce, rice vinegar, sesame oil, grated ginger, and lemon juice until smooth.
2. **Marinate Salmon:** Place salmon fillets in a shallow dish and brush both sides generously with the miso marinade. Let them sit at room temperature for 15 minutes to absorb the flavors.
3. **Preheat Grill or Oven:** If using a grill, preheat to medium-high. Alternatively, preheat your oven's broiler.
4. **Cook Salmon:** Grill the salmon skin-side down for 4-5 minutes, then carefully flip and cook another 3-4 minutes until the fish is cooked through and slightly caramelized. If broiling, place salmon on a lined baking tray and broil about 6-8 minutes, watching closely.
5. **Prepare Spinach Salad:** While salmon cooks, bring a bowl of water to a boil. Blanch spinach for 30 seconds until just wilted, then drain and immediately rinse under cold water to stop cooking. Squeeze out excess water and place spinach in a salad bowl.
6. **Dress Salad:** In a small cup, mix sesame oil, rice vinegar, and soy sauce. Pour over the spinach, toss gently, and sprinkle with toasted sesame seeds and optional green onions.
7. **Serve:** Plate the grilled miso salmon alongside the sesame spinach salad.

### Serving Size

This recipe serves 2 people.

---

**Fun Tip:** For a fiber boost, serve with a side of lightly steamed konjac noodles or cauliflower rice to keep the meal low-carb and diabetic-friendly! Itadakimasu!",True,,20_2,20
"hey, do you have any tasty raw vegan lunch ideas? trying to keep it simple but yummy!",raw vegan,"Japanese cuisine beautifully inspires fresh, raw, and vegan-friendly dishes that are both simple and delicious!

## Raw Vegan Nori Wraps with Avocado and Pickled Vegetables

These nori wraps are a refreshing and crunchy raw vegan lunch bursting with umami flavors and vibrant textures, perfect for a light yet satisfying meal.

### Ingredients

- 4 large nori sheets (seaweed sheets for sushi)
- 1 ripe avocado, thinly sliced
- 1 small cucumber, julienned
- 1 medium carrot, julienned
- 1/2 cup daikon radish, julienned
- 1/4 cup pickled ginger, thinly sliced
- 1 tbsp sesame seeds (white or black)
- 2 tbsp tamari (gluten-free soy sauce) or coconut aminos
- 1 tsp toasted sesame oil (optional)
- 1 tbsp finely chopped fresh cilantro or shiso leaves
- 1 tsp freshly grated ginger
- 1 small lemon or lime (juice)

### Instructions

1. **Prepare the Vegetables:** Wash and julienne the cucumber, carrot, and daikon radish. Thinly slice the avocado and pickled ginger. Set aside.
2. **Make a Light Dressing:** In a small bowl, mix tamari, sesame oil (if using), grated ginger, and a squeeze of lemon or lime juice.
3. **Assemble the Wraps:** Lay a nori sheet flat on a clean surface. Place a row of avocado slices along the bottom edge. Add a handful each of julienned cucumber, carrot, daikon, and pickled ginger on top of the avocado.
4. **Add Herbs and Seeds:** Sprinkle with chopped cilantro or shiso leaves and sesame seeds for extra flavor and crunch.
5. **Drizzle Dressing:** Lightly drizzle the tamari-ginger dressing over the vegetables.
6. **Roll the Wrap:** Starting from the bottom edge, gently but firmly roll the nori sheet over the fillings like a sushi roll. Use a little water at the top edge to seal the wrap.
7. **Serve:** Slice each roll in half, if desired, and serve immediately for best freshness and texture.

### Serving Size

This recipe serves 2 people (2 wraps per person).

---

**Fun Tip:** For extra zing, add a thin slice of fresh chili or a sprinkle of shichimi togarashi spice inside the wraps! It adds a delightful kick without overpowering the fresh flavors. Itadakimasu!",True,,27_1,27
"Hey, can you suggest some easy diabetic-friendly lunch ideas that don’t spike blood sugar?",diabetic-friendly,"## Miso-Glazed Salmon with Steamed Spinach and Shirataki Noodles

Experience a delicious and diabetic-friendly Japanese lunch that's low in carbs and rich in flavor, featuring tender miso-glazed salmon paired with nutrient-packed spinach and zero-calorie shirataki noodles.

### Ingredients

#### For Miso-Glazed Salmon:
- 2 salmon fillets (about 150g each)
- 2 tbsp white miso paste
- 1 tbsp low-sodium soy sauce or tamari
- 1 tbsp mirin
- 1 tsp grated fresh ginger
- 1 tsp sesame oil

#### For Sides:
- 150g fresh spinach leaves, washed
- 1 pack (approx. 200g) shirataki noodles (konjac noodles)
- 1 tsp sesame oil
- 1 clove garlic, minced
- 1 tsp toasted sesame seeds (optional)
- Salt, to taste

### Instructions

1. **Prepare Miso Glaze:** In a small bowl, combine miso paste, soy sauce, mirin, grated ginger, and sesame oil. Mix until smooth.
2. **Marinate Salmon:** Pat salmon fillets dry, then spread the miso glaze evenly on top of each fillet. Set aside to marinate for 10 minutes.
3. **Cook Salmon:** Preheat a non-stick pan or grill over medium heat. Place salmon fillets skin-side down and cook for about 4-5 minutes. Flip carefully and cook for another 3-4 minutes, or until salmon is cooked through and the glaze is caramelized. Remove and keep warm.
4. **Prepare Shirataki Noodles:** Rinse shirataki noodles under cold water. Boil them in water for 2-3 minutes to remove any odors, then drain well. Pat dry with paper towels.
5. **Sauté Spinach and Noodles:** In a skillet, heat sesame oil over medium heat. Add minced garlic and sauté until fragrant (about 30 seconds). Add shirataki noodles and spinach, stirring frequently until spinach wilts and noodles are heated through (about 3-4 minutes). Season lightly with salt.
6. **Plate and Serve:** Arrange the miso-glazed salmon alongside the sautéed spinach and shirataki noodles. Sprinkle with toasted sesame seeds if desired.

### Serving Size

This recipe serves 2 people.

---

**Fun Tip:** Shirataki noodles are a fantastic low-carb, virtually calorie-free option that helps keep blood sugar stable, making this meal a tasty and fasting-friendly choice! Itadakimasu!",True,,21_2,21
"hey, do you have any tasty raw vegan lunch ideas? trying to keep it simple but yummy!",raw vegan,"I specialize in Japanese and Japanese-inspired recipes. For a fresh, simple, and delicious raw vegan Japanese-inspired lunch, I recommend trying a refreshing **Raw Vegan Japanese Cucumber and Seaweed Salad with Avocado**.

## Raw Vegan Japanese Cucumber and Seaweed Salad with Avocado

Enjoy a crisp, light, and umami-packed salad combining crunchy cucumbers, nutrient-rich seaweed, creamy avocado, and a tangy sesame dressing—a perfect raw vegan lunch that's simple and bursting with flavor!

### Ingredients

- 1 large Japanese cucumber (or English cucumber), thinly sliced
- 1/4 cup dried wakame seaweed
- 1 ripe avocado, diced
- 2 tbsp toasted sesame seeds
- 2 tbsp rice vinegar
- 1 tbsp tamari (gluten-free soy sauce) or coconut aminos
- 1 tsp toasted sesame oil
- 1 tsp maple syrup or agave nectar
- 1 scallion, thinly sliced
- Pinch of sea salt
- Optional: pinch of red chili flakes for a little heat

### Instructions

1. **Rehydrate the Seaweed:** Place the dried wakame seaweed in a small bowl with warm water and let it soak for about 10 minutes until fully rehydrated and expanded. Drain the water and gently squeeze out excess moisture.
2. **Prepare the Dressing:** In a small bowl, whisk together rice vinegar, tamari or coconut aminos, toasted sesame oil, maple syrup, and a pinch of sea salt until well combined.
3. **Combine Salad Ingredients:** In a mixing bowl, add the thinly sliced cucumber, rehydrated seaweed, diced avocado, and sliced scallions.
4. **Dress the Salad:** Pour the dressing over the salad ingredients and gently toss to coat everything evenly without mashing the avocado.
5. **Garnish:** Sprinkle toasted sesame seeds and red chili flakes (if using) on top for an extra burst of flavor and crunch.
6. **Serve:** Divide into two bowls and enjoy this refreshing raw vegan Japanese salad that’s light yet satisfying.

### Serving Size

Serves 2 people.

---

**Fun Tip:** For added texture, try sprinkling some thinly sliced nori strips or a handful of crushed raw nuts like almonds or walnuts on top – it adds a delightful crunch and boosts nutrition! Itadakimasu!",True,,27_2,27
Got any easy Whole30 lunch ideas? Trying to keep it simple but tasty.,whole30,"## Whole30-Inspired Chicken and Vegetable Miso Soup

This comforting and nourishing miso soup with tender chicken and fresh vegetables is a Whole30-friendly lunch that’s simple, flavorful, and satisfying — perfect for an easy yet authentic Japanese-inspired meal.

### Ingredients

- 200g boneless, skinless chicken thighs, cut into bite-sized pieces
- 4 cups water
- 2 tbsp white miso paste (make sure it’s Whole30 compliant and without any additives like sugar)
- 1 small carrot, julienned
- 100g shiitake mushrooms, sliced
- 1/2 cup napa cabbage or bok choy, chopped
- 1 green onion, sliced thinly
- 1 tsp sesame oil (optional for flavor)
- 1 tsp grated fresh ginger
- 1 clove garlic, minced
- Salt, to taste

### Instructions

1. **Prepare the Broth:** In a medium pot, bring the water to a gentle simmer.
2. **Cook Chicken:** Add the chicken pieces to the simmering water and cook until they turn white and are nearly cooked through, about 5 minutes.
3. **Add Flavor:** Stir in the grated ginger and minced garlic, letting them infuse the broth for 2-3 minutes.
4. **Add Vegetables:** Add the carrot, shiitake mushrooms, and napa cabbage/bok choy. Simmer until the vegetables are tender but still crisp, around 5-6 minutes.
5. **Incorporate Miso Paste:** Remove about 1 cup of hot broth into a small bowl and whisk in the miso paste until smooth. Then, pour it back into the pot. (Do not boil the soup once miso is added, to preserve beneficial enzymes and flavor.)
6. **Finish and Season:** Stir in the sesame oil if using, and adjust seasoning by adding a pinch of salt if needed.
7. **Serve:** Ladle the soup into bowls and garnish with sliced green onions.

### Serving Size

Serves 2

---

**Fun Tip:** For extra texture, add a handful of fresh baby spinach right before serving! It wilts beautifully in the hot soup and boosts nutrition. Itadakimasu!",True,,31_1,31
Got any nut-free dinner ideas? My kid’s allergic and I wanna try something new.,nut-free,"## Nut-Free Chicken Teriyaki Donburi

Savor a comforting and colorful bowl of tender chicken glazed in savory-sweet teriyaki sauce, served over fluffy steamed rice with fresh veggies—perfectly nut-free and kid-friendly!

### Ingredients

- 300g boneless, skinless chicken thighs, cut into bite-sized pieces  
- 1 cup Japanese short-grain rice  
- 1 1/4 cups water (for cooking rice)  
- 2 tbsp soy sauce (ensure it’s nut-free)  
- 2 tbsp mirin  
- 1 tbsp sake (optional, or substitute with water)  
- 1 tbsp sugar  
- 1 tsp grated fresh ginger  
- 1 tbsp vegetable oil  
- 1 small carrot, julienned  
- 1/2 cup snap peas, trimmed  
- 1 spring onion, thinly sliced (for garnish)  
- Pickled ginger (optional, for serving)  
- Sesame seeds (optional, but check they are processed in nut-free facilities)  

### Instructions

1. **Cook the Rice:** Rinse the rice under cold water until the water runs clear. Combine rice and 1 1/4 cups water in a rice cooker or pot. Cook according to rice cooker instructions or bring to a boil, then cover and simmer for 15 minutes on low heat until water is absorbed. Let rest for 10 minutes.
2. **Make Teriyaki Sauce:** In a small bowl, mix soy sauce, mirin, sake, sugar, and grated ginger. Stir well to dissolve the sugar.
3. **Cook the Chicken:** Heat vegetable oil in a non-stick skillet over medium heat. Add chicken pieces and cook until golden brown and cooked through (about 6-8 minutes).
4. **Add Sauce:** Pour the teriyaki sauce over the chicken. Reduce heat to low, let it simmer gently while stirring occasionally until the sauce thickens and coats the chicken nicely (about 3-4 minutes).
5. **Prepare Vegetables:** Meanwhile, blanch snap peas and carrot juliennes in boiling water for 1-2 minutes until slightly tender but still crisp. Drain and set aside.
6. **Assemble the Donburi:** Scoop steamed rice into two bowls. Top with the glazed teriyaki chicken and arrange carrots and snap peas on the side.
7. **Garnish and Serve:** Sprinkle sliced spring onions and sesame seeds (if using) over the top. Add a little pickled ginger on the side if you like for extra zing.

### Serving Size

This recipe serves 2 people.

---

**Fun Tip:** Keep the veggies colorful and varied by adding steamed broccoli or shredded cabbage for an extra crunch! Itadakimasu!",True,,22_1,22
Trying to stick to Whole30 — got any easy weeknight dinner recipes that fit?,whole30,"## Whole30-Friendly Chicken Teriyaki Bowl

Delight in a bright, flavorful Whole30-compliant chicken teriyaki bowl that’s quick to prepare and packed with fresh veggies and tender glazed chicken.

### Ingredients

- 300g boneless, skinless chicken thighs, cut into bite-sized pieces  
- 2 tbsp coconut aminos (Whole30-approved soy sauce alternative)  
- 1 tbsp apple cider vinegar  
- 1 tbsp fresh ginger, grated  
- 2 garlic cloves, minced  
- 1 tsp sesame oil (optional, for flavor)  
- 1 tbsp olive oil or avocado oil  
- 1 small head of broccoli, cut into florets  
- 1 medium carrot, thinly sliced  
- 1 red bell pepper, sliced  
- 1 small zucchini, sliced into half-moons  
- Salt and pepper, to taste  
- 2 cups cauliflower rice (fresh or frozen)  
- Sesame seeds and chopped green onions, for garnish (optional)  

### Instructions

1. **Prepare the Teriyaki Sauce:** In a small bowl, mix coconut aminos, apple cider vinegar, grated ginger, and minced garlic. Set aside.
2. **Cook the Chicken:** Heat olive or avocado oil in a large skillet over medium-high heat. Add the chicken pieces and season lightly with salt and pepper. Cook until browned on all sides and nearly cooked through, about 5-7 minutes.
3. **Add Sauce:** Pour the teriyaki sauce mixture over the chicken. Reduce heat to medium and simmer, stirring occasionally, until the sauce thickens and the chicken is fully cooked (about 3-5 minutes). Remove chicken and set aside.
4. **Sauté Vegetables:** In the same skillet, add sesame oil (if using). Toss in broccoli, carrot, red bell pepper, and zucchini. Stir-fry for 5-7 minutes until tender-crisp.
5. **Cook Cauliflower Rice:** While vegetables sauté, microwave or sauté cauliflower rice until warm and tender (about 3-5 minutes).
6. **Combine and Serve:** Plate cauliflower rice, top with sautéed vegetables, and finish with teriyaki chicken on top. Garnish with sesame seeds and chopped green onions if desired.

### Serving Size

This recipe serves 2 people.

---

**Fun Tip:** To add a little zing, sprinkle some toasted sesame seeds or a squeeze of fresh lime over your bowl before eating. It perfectly complements the sweetness of the coconut aminos teriyaki glaze. Itadakimasu!",True,,32_1,32
Got any good diabetic-friendly lunch ideas that won’t spike my blood sugar?,diabetic-friendly,"## Grilled Miso-Glazed Salmon with Spinach and Mushroom Ohitashi

Enjoy a delightful and diabetic-friendly Japanese-inspired lunch featuring tender grilled salmon glazed with savory miso paste, served alongside a refreshing spinach and mushroom ohitashi salad that's low in carbs and full of flavor without causing blood sugar spikes.

### Ingredients

#### For Miso-Glazed Salmon:
- 2 salmon fillets (about 150g each)
- 2 tbsp white miso paste
- 1 tbsp sake (optional, or substitute with water)
- 1 tbsp mirin (or use a sugar-free substitute)
- 1 tsp grated ginger
- 1 tsp sesame oil
- Fresh lemon wedges, for serving

#### For Spinach and Mushroom Ohitashi:
- 150g fresh spinach, washed and trimmed
- 100g shiitake mushrooms, thinly sliced
- 1 tbsp gluten-free soy sauce or tamari
- 1 tbsp rice vinegar
- 1 tsp toasted sesame seeds
- 1 tsp bonito flakes (optional)

### Instructions

1. **Prepare the Miso Glaze:** In a small bowl, mix together miso paste, sake, mirin, grated ginger, and sesame oil until smooth.
2. **Marinate Salmon:** Lightly coat each salmon fillet with the miso glaze, covering all sides. Let it marinate for 15 minutes at room temperature.
3. **Grill the Salmon:** Preheat your grill or grill pan over medium heat. Grill the salmon fillets skin-side down for 4-5 minutes, then flip carefully and cook for another 3-4 minutes until cooked through and slightly caramelized.
4. **Blanch Spinach:** Bring a pot of water to boil, and blanch the spinach for about 30 seconds until wilted. Drain and immediately rinse under cold water to stop cooking. Squeeze out excess water gently.
5. **Sauté Mushrooms:** In a non-stick pan over medium heat, sauté the shiitake mushrooms for 3-4 minutes until tender.
6. **Assemble Ohitashi Salad:** In a bowl, combine spinach and mushrooms. Toss with soy sauce and rice vinegar to taste.
7. **Serve:** Plate the grilled salmon with a wedge of lemon. Add the spinach and mushroom ohitashi on the side, sprinkle with toasted sesame seeds and bonito flakes if using.

### Serving Size

This recipe serves 2 people.

---

**Fun Tip:** For extra texture, add a sprinkle of crushed toasted nori (seaweed) flakes over the salmon before serving. It adds a lovely umami crunch without adding carbs! Itadakimasu!",True,,19_2,19
Got any nut-free dinner ideas? My kid’s allergic and I wanna try something new.,nut-free,"## Teriyaki Salmon with Steamed Vegetables and Rice (Nut-Free)

Delight your family with a sweet and savory teriyaki-glazed salmon, paired with colorful steamed vegetables and fluffy rice — all completely nut-free and kid-friendly!

### Ingredients

#### For Teriyaki Salmon:
- 2 salmon fillets (about 150g each)
- 3 tbsp soy sauce (or tamari for gluten-free)
- 2 tbsp mirin (sweet rice wine)
- 1 tbsp sake (optional, or substitute with water)
- 1 tbsp brown sugar or honey
- 1 garlic clove, minced
- 1 tsp fresh ginger, grated
- 1 tsp sesame oil (optional)

#### For Steamed Vegetables:
- 1 small carrot, peeled and sliced into thin rounds
- 100g broccoli florets
- 100g snap peas, trimmed
- 1/2 small zucchini, sliced
- 1 tsp sesame oil (optional)
- Pinch of salt

#### For Rice:
- 150g Japanese short-grain rice
- 300ml water

### Instructions

1. **Prepare the Rice:** Rinse the rice under cold water until the water runs clear. Combine the rice and water in a pot, cover, and bring to a boil. Reduce heat to low and simmer for 15 minutes. Remove from heat and let it steam with the lid on for another 10 minutes.
2. **Make Teriyaki Sauce:** In a small bowl, whisk together soy sauce, mirin, sake (if using), brown sugar or honey, minced garlic, grated ginger, and sesame oil.
3. **Marinate the Salmon:** Place salmon fillets in a shallow dish and pour half the teriyaki sauce over them. Let marinate for 10-15 minutes.
4. **Cook Steamed Vegetables:** Bring a pot of water to boil and place a steamer basket above it. Add the carrot slices first and steam for 2 minutes. Add broccoli, snap peas, and zucchini, continuing to steam for another 4-5 minutes until all vegetables are tender yet crisp. Remove from heat and drizzle lightly with sesame oil and a pinch of salt.
5. **Cook the Salmon:** Heat a non-stick skillet over medium heat. Add the salmon fillets skin-side down and cook for 4-5 minutes until crispy. Flip the fillets, pour remaining teriyaki sauce into the pan, and cook for another 3-4 minutes, spooning the sauce over the salmon to glaze it well.
6. **Serve:** Plate the cooked rice, arrange steamed vegetables on the side, and top with teriyaki-glazed salmon. Spoon any extra sauce from the pan over the rice for extra flavor.

### Serving Size

This recipe serves 2 people.

---

**Fun Tip:** For a fun twist, add a sprinkle of toasted sesame seeds on top of the salmon (make sure your child is not allergic to sesame) or finely sliced green onions for a fresh bite. Itadakimasu!",True,,22_2,22
"Looking for some easy pescatarian dinner ideas—something quick with fish, but nothing too fancy?",pescatarian,"## Simple Soy-Glazed Salmon with Steamed Rice and Spinach

Enjoy a quick and flavorful Japanese-inspired pescatarian dinner featuring tender salmon glazed with a savory soy-sweet mirin sauce, served alongside steamed rice and sautéed spinach for a wholesome meal ready in under 30 minutes.

### Ingredients

- 2 salmon fillets (about 150g each)
- 3 tbsp soy sauce
- 2 tbsp mirin (Japanese sweet rice wine)
- 1 tbsp sake (optional, or substitute with water)
- 1 tbsp honey or sugar
- 1 tsp grated fresh ginger
- 1 tbsp vegetable oil
- 2 cups cooked Japanese short-grain rice
- 150g fresh spinach, washed
- 1 garlic clove, minced
- Sesame seeds, for garnish
- Lemon wedges, for serving (optional)

### Instructions

1. **Prepare the glaze:** In a small bowl, combine soy sauce, mirin, sake, honey (or sugar), and grated ginger. Stir well to dissolve the honey or sugar.
2. **Cook the salmon:** Heat vegetable oil in a non-stick skillet over medium heat. Place the salmon fillets skin-side down and cook for 4-5 minutes without moving them, allowing the skin to crisp.
3. **Glaze the salmon:** Flip the salmon carefully and pour the soy-mirin glaze over the fillets. Cook for another 3-4 minutes, spooning the glaze over the salmon occasionally, until fish is cooked through and the sauce slightly thickens.
4. **Steam or reheat rice:** While the salmon cooks, warm the cooked rice if needed.
5. **Sauté spinach:** In a separate pan, heat a small splash of oil over medium heat. Add the minced garlic and sauté for 30 seconds until fragrant. Add the spinach and stir quickly until just wilted (about 1-2 minutes). Season lightly with a pinch of salt.
6. **Plate and serve:** Serve the glazed salmon over or alongside warm rice with sautéed spinach on the side. Sprinkle sesame seeds over the salmon, add a lemon wedge if desired for a fresh zest.

### Serving Size

This recipe serves 2 people.

---

**Fun Tip:** For an added touch of umami, drizzle a little extra soy sauce mixed with sesame oil over the steamed rice before serving! It brings everything together deliciously. Itadakimasu!",True,,29_1,29
Got any easy Whole30 lunch ideas? Trying to keep it simple but tasty.,whole30,"## Whole30-Style Chicken Teriyaki Lettuce Wraps

Experience a fresh and light Japanese-inspired lunch with these Whole30-friendly chicken teriyaki lettuce wraps, packed with bold flavors and crisp vegetables — perfect for a quick, satisfying meal!

### Ingredients

- 300g boneless, skinless chicken breast or thighs, thinly sliced
- 1 tbsp coconut aminos (Whole30-approved soy sauce alternative)
- 1 tbsp sesame oil
- 1 tbsp rice vinegar (check for no added sugar)
- 1 tsp freshly grated ginger
- 1 garlic clove, minced
- 1 tsp honey or date paste (optional, for a touch of natural sweetness; skip if strict Whole30)
- 1 small carrot, julienned
- 1/2 cucumber, thinly sliced
- 4 large butter lettuce leaves (or romaine)
- 1 green onion, sliced thinly
- 1 tsp toasted sesame seeds (optional)
- Salt and pepper, to taste

### Instructions

1. **Prepare the Teriyaki Marinade:** In a bowl, whisk together coconut aminos, sesame oil, rice vinegar, grated ginger, garlic, and honey or date paste if using.
2. **Marinate the Chicken:** Add the thinly sliced chicken to the bowl and toss to coat. Let it marinate for at least 10 minutes at room temperature.
3. **Cook the Chicken:** Heat a non-stick skillet over medium heat. Add the marinated chicken in a single layer, cooking 3-4 minutes per side or until cooked through and slightly caramelized. Season with salt and pepper to taste.
4. **Prepare the Wraps:** Lay out the butter lettuce leaves on a plate. Divide the cooked chicken evenly among the leaves.
5. **Add Vegetables:** Top each chicken-packed lettuce leaf with julienned carrots, cucumber slices, and green onion.
6. **Garnish and Serve:** Sprinkle with toasted sesame seeds if using. Fold the lettuce leaves like tacos and enjoy!

### Serving Size

This recipe serves 2 people.

---

**Fun Tip:** For a crunchy kick, add some thinly sliced daikon radish or a sprinkle of crushed red chili flakes inside the wraps. The crisp texture and subtle heat elevate the freshness of this Whole30 dish. Itadakimasu!",True,,31_2,31
Trying to stick to Whole30 — got any easy weeknight dinner recipes that fit?,whole30,"## Whole30-Approved Ginger Miso Glazed Salmon with Sautéed Bok Choy

Savor a deliciously simple and Whole30-compliant weeknight dinner featuring tender salmon glazed with a tangy ginger miso sauce alongside crisp, garlicky sautéed bok choy — perfect for a healthy, satisfying meal in under 30 minutes!

### Ingredients

- 2 salmon fillets (about 150g each), skin on
- 2 tbsp white miso paste (make sure it's Whole30 compliant, no added sugar)
- 1 tbsp coconut aminos
- 1 tbsp freshly grated ginger
- 1 garlic clove, minced
- 1 tbsp lemon juice
- 1 tbsp avocado oil or other neutral oil
- 250g bok choy, halved or quartered depending on size
- Sea salt, to taste
- Freshly ground black pepper, to taste

### Instructions

1. **Prepare the Ginger Miso Glaze:** In a small bowl, whisk together miso paste, coconut aminos, grated ginger, minced garlic, and lemon juice until smooth. Set aside.
2. **Preheat the Oven:** Preheat your oven to 200°C (400°F). Line a baking tray with parchment paper or lightly oil it.
3. **Glaze the Salmon:** Place the salmon fillets skin-side down on the prepared tray. Spoon the ginger miso glaze generously over the top of each fillet, spreading it evenly.
4. **Bake the Salmon:** Bake for 12-15 minutes or until the salmon flakes easily with a fork and the glaze has caramelized slightly.
5. **Sauté the Bok Choy:** While the salmon bakes, heat avocado oil in a large skillet over medium-high heat. Add the bok choy and sauté for about 5-7 minutes, tossing occasionally until the stalks are tender and the leaves wilted.
6. **Season Bok Choy:** Season with a pinch of sea salt and freshly ground black pepper to taste. Remove from heat.
7. **Serve:** Plate the glazed salmon alongside the sautéed bok choy for a balanced, nutrient-packed meal.

### Serving Size

Serves 2 people.

---

**Fun Tip:** For extra crunch and flavor, sprinkle toasted sesame seeds or chopped scallions on top of the salmon just before serving (both Whole30 friendly)! Itadakimasu!",True,,32_2,32
Trying to stick to pescatarian meals this week—got any easy dinner ideas with fish or seafood?,pescatarian,"## Miso-Glazed Salmon with Steamed Rice and Sautéed Spinach

Dive into a luscious, umami-packed miso-glazed salmon that’s perfectly balanced with tender sautéed spinach and fluffy steamed rice—a quick and elegant pescatarian dinner that feels special but comes together easily.

### Ingredients

- 2 salmon fillets (about 180g each), skin-on
- 2 tbsp white miso paste
- 1 tbsp mirin
- 1 tbsp sake (optional, or substitute with water)
- 1 tbsp sugar
- 1 tsp soy sauce (use gluten-free tamari if needed)
- 150g fresh spinach, washed and drained
- 1 garlic clove, minced
- 1 tbsp sesame oil (divided)
- 150g jasmine or sushi rice
- 1 cup water (for rice)
- Toasted sesame seeds, for garnish
- Lemon wedges, for serving

### Instructions

1. **Prepare the Rice:** Rinse the rice under cold water until the water runs clear. Combine rice and water in a pot, cover, and bring to a boil. Reduce heat to low and simmer for 15 minutes or until water is absorbed. Remove from heat and let it steam, covered, for another 10 minutes.
2. **Make the Miso Glaze:** In a small bowl, whisk together miso paste, mirin, sake, sugar, and soy sauce until smooth and well combined.
3. **Glaze the Salmon:** Pat the salmon fillets dry with paper towels. Lightly score the skin side to prevent curling. Brush the miso glaze evenly over the top (skin side down). Reserve a little glaze for serving if you like.
4. **Cook the Salmon:** Heat half the sesame oil in a non-stick skillet over medium heat. Place the salmon fillets skin-side down and cook for about 4-5 minutes until the skin is crispy. Carefully flip and cook for another 2-3 minutes or until salmon is just cooked through and the glaze is caramelized but not burnt.
5. **Sauté the Spinach:** While the salmon cooks, heat the remaining sesame oil in another pan over medium heat. Add the minced garlic and sauté until fragrant, about 30 seconds. Add the spinach and cook, stirring frequently, until just wilted (about 2-3 minutes). Season lightly with salt.
6. **Plate the Dish:** Serve the salmon fillets over steamed rice, with sautéed spinach on the side. Garnish with toasted sesame seeds and a lemon wedge for a bright finishing touch.

### Serving Size

This recipe serves 2 people.

---

**Fun Tip:** For extra texture, sprinkle some chopped nori seaweed flakes on top of your salmon before serving, or add a drizzle of spicy mayo for a restaurant-style twist! Itadakimasu!",True,,30_2,30
Trying to stick to pescatarian meals this week—got any easy dinner ideas with fish or seafood?,pescatarian,"## Miso-Glazed Salmon with Sautéed Spinach and Mushrooms

Experience a beautifully balanced pescatarian dinner with tender salmon fillets glazed in savory-sweet miso sauce, paired with garlicky sautéed spinach and mushrooms for a healthy, satisfying meal!

### Ingredients

#### For Miso-Glazed Salmon:
- 2 salmon fillets (about 150g each)
- 2 tbsp white miso paste
- 1 tbsp mirin
- 1 tbsp sake (optional, can substitute with water)
- 1 tbsp maple syrup or honey
- 1 tsp soy sauce or tamari (for gluten-free)
- 1 tsp sesame oil
- 1 tsp grated fresh ginger
- 1 garlic clove, minced

#### For Sautéed Spinach and Mushrooms:
- 2 tsp sesame oil or olive oil
- 200g fresh spinach, washed and trimmed
- 150g shiitake mushrooms, sliced
- 1 garlic clove, minced
- 1 tbsp soy sauce or tamari
- Freshly ground black pepper, to taste
- Toasted sesame seeds, for garnish

### Instructions

1. **Prepare the Miso Glaze:** In a small bowl, combine miso paste, mirin, sake (or water), maple syrup, soy sauce, sesame oil, grated ginger, and minced garlic. Stir well until smooth.
2. **Marinate the Salmon:** Pat the salmon fillets dry with paper towels. Brush both sides generously with the miso glaze and let them marinate at room temperature for 15 minutes.
3. **Preheat the Oven:** Preheat your oven to 200°C (400°F). Line a baking sheet with parchment paper or lightly oil a baking dish.
4. **Bake the Salmon:** Place the salmon fillets on the prepared baking sheet. Bake for 10-12 minutes or until the salmon is cooked through and the glaze is caramelized slightly.
5. **Prepare the Vegetables:** While the salmon bakes, heat sesame oil in a large skillet over medium heat. Add minced garlic and sauté for 30 seconds until fragrant.
6. **Cook Mushrooms:** Add the sliced shiitake mushrooms and cook for about 4-5 minutes until they soften and start to brown.
7. **Add Spinach:** Toss in the fresh spinach and stir until wilted, about 2-3 minutes.
8. **Season:** Stir in soy sauce and black pepper to taste, then remove from heat.
9. **Serve:** Plate the glazed salmon with a generous serving of sautéed spinach and mushrooms. Sprinkle toasted sesame seeds over the veggies for a nice finish.

### Serving Size

This recipe serves 2 people.

---

**Fun Tip:** For a delightful texture contrast, sprinkle a few crushed roasted seaweed snacks atop the sautéed greens before serving. It adds a lovely umami crunch! Itadakimasu!",True,,30_1,30
"Looking for some easy sugar-free snacks to keep me going during work, any ideas?",sugar-free,"## Savory Edamame Snack with Sea Salt and Shichimi Togarashi

Fuel your workday with this simple, sugar-free Japanese snack of warm edamame pods dusted with flavorful sea salt and a spicy sprinkle of shichimi togarashi—perfect for a satisfying, guilt-free nibble!

### Ingredients

- 200g frozen edamame in pods
- 1 tsp sea salt (adjust to taste)
- 1/2 tsp shichimi togarashi (Japanese seven-spice blend)
- Water for boiling

### Instructions

1. **Boil Edamame:** Bring a pot of water to a rolling boil. Add a pinch of salt to the water for flavor.
2. **Cook Edamame:** Add the frozen edamame pods to the boiling water and cook for 4-5 minutes until tender but still slightly firm.
3. **Drain and Dry:** Drain the edamame well and pat dry with a clean kitchen towel to remove excess moisture.
4. **Season Edamame:** While still warm, sprinkle the edamame pods evenly with sea salt and shichimi togarashi. Toss gently to coat.
5. **Serve:** Transfer to a bowl and enjoy by popping the beans directly from the pods into your mouth, discarding the pods.

### Serving Size

This recipe serves 2 people as a light snack.

---

**Fun Tip:** For variety, you can try swapping shichimi togarashi for plain toasted sesame seeds or even a light dusting of wasabi powder for an extra kick! Itadakimasu!",True,,40_1,40
"Looking for some easy sugar-free snacks to keep me going during work, any ideas?",sugar-free,"## Savory Edamame with Sea Salt and Shichimi Togarashi

Keep your energy up with this simple, sugar-free Japanese-inspired snack featuring warm, protein-packed edamame seasoned with aromatic sea salt and a hint of spicy shichimi togarashi — a perfect savory bite for work breaks.

### Ingredients

- 200g frozen edamame in pods
- 1 tsp sea salt (adjust to taste)
- 1/2 tsp shichimi togarashi (Japanese seven-spice blend)
- Optional: a small squeeze of fresh lemon juice

### Instructions

1. **Cook Edamame:** Bring a pot of water to a boil. Add the frozen edamame pods and cook for 4-5 minutes until tender but still firm.
2. **Drain and Dry:** Drain the edamame and pat them dry with a clean towel to avoid excess moisture.
3. **Season:** While still warm, sprinkle the edamame with sea salt and shichimi togarashi. Toss gently to distribute the spices evenly.
4. **Optional Zest:** If you like a fresh twist, add a small squeeze of lemon juice for a bright zing.
5. **Serve:** Serve immediately or pack in a container to enjoy as a satisfying, sugar-free snack during your workday.

### Serving Size

This recipe serves 2 people as a snack.

---

**Fun Tip:** For extra crunch, you can dry roast shelled edamame with shichimi togarashi for 10 minutes in a 180°C (350°F) oven — a great alternative for a crispy snack! Itadakimasu!",True,,40_2,40
"Hey, can you suggest some easy low-sodium meals? Trying to watch my salt intake.",low-sodium,"## Miso-Glazed Salmon with Steamed Vegetables (Low-Sodium)

Experience the umami-rich flavor of miso-glazed salmon, balanced perfectly with lightly steamed vegetables for a fresh, low-sodium Japanese-inspired meal that's easy to prepare and heart-healthy.

### Ingredients

#### For the Salmon:
- 2 salmon fillets (about 150g each)
- 2 tbsp low-sodium white miso paste
- 1 tbsp mirin (sweet rice wine)
- 1 tsp honey or maple syrup
- 1 tsp grated fresh ginger
- 1 tsp rice vinegar (optional)

#### For the Steamed Vegetables:
- 1 cup broccoli florets
- 1 medium carrot, sliced
- 100g snap peas or green beans
- 1 tsp toasted sesame seeds (optional)
- A squeeze of fresh lemon juice (optional)

### Instructions

1. **Prepare Miso Glaze:** In a small bowl, mix the low-sodium miso paste, mirin, honey, grated ginger, and rice vinegar until smooth.
2. **Marinate Salmon:** Place the salmon fillets in a shallow dish and spread the miso glaze evenly on top. Let them marinate for at least 15 minutes to absorb the flavors.
3. **Preheat Oven:** Preheat your oven to 200°C (400°F).
4. **Bake Salmon:** Line a baking tray with parchment paper or lightly grease it. Place the salmon fillets on the tray, skin-side down (if skin is on). Bake for 12-15 minutes or until the salmon is cooked through and flakes easily with a fork.
5. **Steam Vegetables:** While the salmon bakes, steam the broccoli, carrot, and snap peas in a steamer basket over simmering water for about 4-6 minutes until they are tender yet crisp.
6. **Serve:** Arrange the salmon fillets on plates alongside the steamed vegetables. Sprinkle sesame seeds on the vegetables if using and add a squeeze of fresh lemon juice for brightness.

### Serving Size

This recipe serves 2 people.

---

**Fun Tip:** To keep sodium low, use fresh miso paste labeled as “low-sodium” or dilute regular miso with a bit of water – the sweet mirin and honey help balance the strong flavors! Itadakimasu!",True,,34_1,34
"Hey, can you suggest some easy low-sodium meals? Trying to watch my salt intake.",low-sodium,"## Light and Flavorful Miso Soup with Tofu and Vegetables (Low-Sodium)

Discover a comforting bowl of traditional Japanese miso soup made with low-sodium ingredients and packed with fresh tofu and vegetables. This easy, heart-friendly meal is nourishing, gentle on your salt intake, and full of umami goodness.

### Ingredients

- 4 cups water
- 2 tbsp low-sodium white miso paste
- 150g silken tofu, cut into small cubes
- 1 small carrot, thinly sliced
- 50g fresh spinach leaves
- 2 shiitake mushrooms, thinly sliced
- 1 green onion, chopped (green parts only for mild flavor)
- 1 tsp grated ginger (optional, for extra warmth)
- 1 sheet of nori (seaweed), cut into thin strips (optional)

### Instructions

1. **Prepare the Broth:** In a medium saucepan, bring the water to a gentle simmer over medium heat.
2. **Cook Vegetables:** Add the sliced carrot and shiitake mushrooms to the simmering water. Let them cook for about 5 minutes until they start to soften.
3. **Add Tofu and Spinach:** Gently add the cubed tofu and spinach leaves to the pot. Allow them to warm for another 3 minutes, being careful not to break the tofu.
4. **Dilute Miso Paste:** In a small bowl, take about 1/2 cup of the hot broth and dissolve the miso paste into it, stirring well to avoid clumps.
5. **Add Miso to Soup:** Return the miso mixture to the pot and stir gently. Ensure the soup does not boil once miso is added, as boiling can reduce its beneficial properties and flavor.
6. **Add Flavor Touches:** Stir in grated ginger if using, and sprinkle chopped green onions and nori strips on top just before serving for freshness and a subtle briny flavor.
7. **Serve:** Ladle the soup into bowls and enjoy it warm.

### Serving Size

This recipe serves 2 people.

---

**Fun Tip:** For an extra protein boost without salt, try adding a soft-boiled egg or some cooked edamame beans to your miso soup. It makes the meal even more satisfying without increasing sodium! Itadakimasu!",True,,34_2,34
"Hey, can you suggest some easy sugar-free snack recipes? Trying to cut out any added sugars.",sugar-free,"## Edamame and Seaweed Snack Mix (Sugar-Free)

A crunchy, savory, and completely sugar-free snack mix inspired by Japanese flavors that’s quick to prepare and perfect for nibbling anytime!

### Ingredients

- 150g shelled edamame beans (fresh or frozen)
- 10g dried nori seaweed sheets, toasted and cut into small strips
- 1 tbsp toasted sesame seeds
- 1/2 tsp sea salt (adjust to taste)
- 1/4 tsp shichimi togarashi (Japanese seven-spice blend) or ground black pepper
- 1 tsp sesame oil

### Instructions

1. **Cook Edamame:** If using frozen edamame, boil in salted water for 3-5 minutes until tender but still firm. Drain well and pat dry with a paper towel.
2. **Toast Sesame Seeds:** In a small dry skillet, toast sesame seeds over medium heat until golden and aromatic, about 2-3 minutes. Remove from heat.
3. **Mix Snack:** In a bowl, combine the cooked edamame, toasted sesame seeds, nori seaweed strips, and sesame oil. Toss gently until the edamame is evenly coated.
4. **Season:** Sprinkle sea salt and shichimi togarashi or black pepper over the mix. Toss again to distribute the seasoning evenly.
5. **Serve:** Transfer to a serving bowl and enjoy immediately as a crunchy, satisfying snack.

### Serving Size

This recipe serves 2 people as a light snack.

---

**Fun Tip:** Try this snack warm or cold! To add a crunchy texture, you can lightly roast the cooked edamame in the oven at 180°C (350°F) for 10 minutes before mixing in the seasonings. Itadakimasu!",True,,41_2,41
"Hey, I’m doing Whole30 and could use some easy dinner ideas that won’t mess up the plan. Got any good recipes?",whole30,"## Whole30-Friendly Chicken Teriyaki Stir-Fry

A vibrant and healthy Japanese-inspired dinner that’s totally Whole30 compliant, featuring tender chicken glazed with a tangy homemade teriyaki sauce and loaded with crisp, colorful veggies for a balanced meal.

### Ingredients

- 300g boneless, skinless chicken thighs, cut into bite-sized pieces  
- 1 tbsp avocado oil (or any approved cooking oil)  
- 1 small carrot, julienned  
- 1 small zucchini, sliced thinly  
- 100g shiitake mushrooms, sliced  
- 1 cup broccoli florets  
- 2 garlic cloves, minced  
- 1 tsp fresh ginger, grated  
- 3 tbsp coconut aminos (Whole30-approved soy sauce alternative)  
- 2 tbsp water  
- 1 tbsp apple cider vinegar  
- 1 tbsp date paste (to naturally sweeten, Whole30 compliant)  
- 1 tsp arrowroot powder (optional, for thickening)  
- Sesame seeds, for garnish (optional)  
- Chopped green onions, for garnish (optional)

### Instructions

1. **Make the Teriyaki Sauce:** In a small bowl, whisk together coconut aminos, water, apple cider vinegar, and date paste. If using arrowroot powder, dissolve it in a small amount of water and add it here for thickening. Set aside.  
2. **Cook the Chicken:** Heat avocado oil in a large skillet or wok over medium-high heat. Add the chicken pieces and sauté until browned and cooked through, about 8-10 minutes. Remove chicken from pan and set aside.  
3. **Sauté the Vegetables:** In the same skillet, add a little more oil if needed. Toss in garlic and ginger, sautéing for 30 seconds until fragrant. Add carrot, zucchini, mushrooms, and broccoli, stir-frying for about 5-7 minutes until veggies are tender-crisp.  
4. **Combine Chicken and Sauce:** Return the chicken to the skillet with the vegetables. Pour in the teriyaki sauce and stir well, cooking for another 2-3 minutes until the sauce coats everything evenly and thickens slightly.  
5. **Serve:** Transfer to plates, garnish with sesame seeds and chopped green onions if using.  

### Serving Size

This recipe serves 2 people.

---

**Fun Tip:** To keep things fresh, try swapping in seasonal veggies like snap peas or bell peppers, and pair with cauliflower rice for a totally Whole30-friendly complete meal! Itadakimasu!",True,,33_1,33
Looking for some easy halal dinner recipes that don’t require fancy ingredients. Got any ideas?,halal,"## Easy Halal Miso Glazed Salmon

Enjoy a simple yet flavorful Japanese-inspired dinner with this halal-friendly miso glazed salmon that uses minimal, everyday ingredients for a quick and delicious meal.

### Ingredients

- 2 salmon fillets (about 150g each), skin on
- 2 tbsp white miso paste
- 1 tbsp mirin (or substitute with a pinch of sugar mixed with 1 tbsp water)
- 1 tbsp soy sauce (ensure halal certification)
- 1 tsp sesame oil
- 1 clove garlic, minced
- 1 tsp grated ginger
- 1 tbsp vegetable oil
- 1 cup steamed white rice (to serve)
- Steamed broccoli or any green vegetable, for serving

### Instructions

1. **Prepare the Miso Glaze:** In a small bowl, mix the white miso paste, mirin, soy sauce, sesame oil, minced garlic, and grated ginger until smooth.
2. **Marinate the Salmon:** Pat the salmon fillets dry with paper towels. Spread the miso glaze evenly over the salmon, covering the flesh side. Let it marinate for at least 15 minutes at room temperature.
3. **Cook the Salmon:** Heat the vegetable oil in a non-stick skillet over medium heat. Place the salmon fillets skin-side down and cook for 4-5 minutes until the skin is crisp.
4. **Flip and Glaze:** Carefully flip the salmon and cook for an additional 3-4 minutes while spooning any leftover glaze over the top, until the salmon is cooked through but still moist.
5. **Serve:** Plate the salmon alongside steamed white rice and your choice of steamed green vegetables.

### Serving Size

This recipe serves 2 people.

---

**Fun Tip:** For a quick veggie boost, toss some thinly sliced green onions or sesame seeds on top of your salmon before serving. It adds texture and a lovely color contrast! Itadakimasu!",True,,43_2,43
"Hey, I’m doing Whole30 and could use some easy dinner ideas that won’t mess up the plan. Got any good recipes?",whole30,"## Whole30-Friendly Miso Ginger Salmon with Spinach and Mushroom Sauté

Delight in a simple yet flavorful Japanese-inspired dinner with tender salmon glazed in a Whole30-compliant miso-ginger sauce, served alongside a quick sauté of spinach and mushrooms that brings comforting earthiness to your plate.

### Ingredients

#### For the Miso Ginger Salmon:
- 2 salmon fillets (about 150g each), skin on
- 2 tbsp white miso paste (ensure no added sugar, compliant brand)
- 1 tbsp fresh ginger, grated
- 1 tbsp coconut aminos (Whole30-compliant soy sauce substitute)
- 1 tbsp lemon juice
- 1 tsp sesame oil (optional, check for Whole30 compliance)
- 1 garlic clove, minced

#### For the Spinach and Mushroom Sauté:
- 1 tbsp avocado or coconut oil
- 150g fresh spinach, washed
- 100g shiitake mushrooms, sliced
- 1 garlic clove, minced
- Salt and freshly ground black pepper, to taste

### Instructions

1. **Prepare the Miso Ginger Glaze:** In a small bowl, whisk together white miso paste, grated ginger, coconut aminos, lemon juice, sesame oil, and minced garlic until smooth.
2. **Marinate the Salmon:** Place the salmon fillets in a shallow dish and brush both sides generously with the miso ginger glaze. Let them marinate at room temperature for 15-20 minutes.
3. **Cook the Salmon:** Heat a non-stick skillet over medium heat. Place the salmon fillets skin side down and cook for about 4-5 minutes until the skin is crispy. Flip and cook for an additional 3-4 minutes or until the salmon is just cooked through and nicely glazed. Remove from heat and let rest briefly.
4. **Sauté the Vegetables:** In another skillet, heat avocado or coconut oil over medium heat. Add minced garlic and sauté for 30 seconds until fragrant.
5. **Add Mushrooms:** Toss in the sliced shiitake mushrooms, cooking for 4-5 minutes until they soften and release their juices.
6. **Add Spinach:** Add the spinach and cook, stirring frequently, until wilted (about 2 minutes). Season with salt and black pepper to taste, then remove from heat.
7. **Serve:** Plate the miso ginger salmon fillets alongside the spinach and mushroom sauté.

### Serving Size

This recipe serves 2 people.

---

**Fun Tip:** To add a little extra zing, sprinkle some toasted sesame seeds on top of the salmon just before serving (make sure the seeds are plain and unsweetened for Whole30!). Itadakimasu!",True,,33_2,33
"Looking for some easy low-sodium dinner ideas, got any recipes?",low-sodium,"## Miso-Glazed Salmon with Steamed Vegetables (Low-Sodium)

Dive into this simple, low-sodium Japanese-inspired dinner featuring tender salmon glazed with a flavorful miso paste and paired with vibrant steamed vegetables—a healthy, heart-friendly dish that's full of umami without the extra salt!

### Ingredients

- 2 salmon fillets (about 150g each)
- 2 tbsp white miso paste (low-sodium if available)
- 1 tbsp mirin (sweet rice wine)
- 1 tsp honey or maple syrup
- 1 tsp freshly grated ginger
- 1 tsp rice vinegar
- 1 small carrot, sliced thinly
- 1 cup broccoli florets
- 1/2 cup snap peas, trimmed
- 1 tsp sesame oil
- Lemon wedges, for serving
- Freshly ground black pepper, to taste
- Optional garnish: toasted sesame seeds, finely sliced green onions

### Instructions

1. **Prepare the Miso Glaze:** In a small bowl, whisk together the white miso paste, mirin, honey, grated ginger, and rice vinegar until smooth.
2. **Marinate Salmon:** Place the salmon fillets on a baking tray lined with parchment paper. Brush each fillet generously with the miso glaze and let them marinate for 15 minutes at room temperature.
3. **Preheat Oven:** While marinating, preheat your oven to 200°C (400°F).
4. **Bake Salmon:** Place the baking tray in the oven and bake the salmon for about 12-15 minutes, or until the salmon is cooked through and the glaze is lightly caramelized on top.
5. **Steam Vegetables:** While the salmon bakes, steam the carrot slices, broccoli florets, and snap peas until tender-crisp (about 5-7 minutes).
6. **Season Vegetables:** Toss the steamed vegetables with sesame oil and a sprinkle of freshly ground black pepper.
7. **Serve:** Plate each salmon fillet with a side of steamed vegetables. Garnish with toasted sesame seeds and green onions if using, and add a lemon wedge for a fresh citrus touch.

### Serving Size

This recipe serves 2 people.

---

**Fun Tip:** To enhance the umami flavor without extra salt, try adding a handful of shredded nori (seaweed) over the vegetables before serving! It adds a lovely oceanic note and a bit of crunch. Itadakimasu!",True,,36_1,36
"Hey, can you suggest some easy low-carb meals I can make for dinner?",low-carb,"## Low-Carb Miso-Glazed Salmon with Sautéed Spinach

Experience a hearty and healthy Japanese dinner with tender miso-glazed salmon paired with garlicky sautéed spinach—a perfect low-carb delight full of umami flavor.

### Ingredients

- 2 salmon fillets (about 180g each)
- 2 tbsp white miso paste
- 1 tbsp sake
- 1 tbsp mirin
- 1 tsp soy sauce (low sodium)
- 1 tbsp sesame oil
- 2 garlic cloves, minced
- 200g fresh spinach leaves, washed
- 1 tsp grated fresh ginger
- 1 tbsp toasted sesame seeds, for garnish
- Lemon wedges, for serving
- Salt and pepper, to taste

### Instructions

1. **Prepare Miso Glaze:** In a small bowl, whisk together white miso paste, sake, mirin, soy sauce, and grated ginger until smooth.
2. **Marinate Salmon:** Pat salmon fillets dry and lightly season with salt and pepper. Brush the miso glaze generously over the top of each salmon fillet. Let it marinate for 15 minutes at room temperature.
3. **Cook Salmon:** Heat a non-stick skillet over medium heat and add 1 tsp sesame oil. Place the salmon fillets skin-side down and cook for about 4-5 minutes without moving to get a nice sear. Flip carefully and cook for another 3-4 minutes until the salmon is cooked through and the glaze is caramelized. Remove salmon from the pan and keep warm.
4. **Sauté Spinach:** In the same skillet, add the remaining 1 tsp sesame oil and minced garlic. Sauté the garlic for about 30 seconds until fragrant. Add spinach and stir constantly until wilted, about 2-3 minutes.
5. **Serve:** Plate the salmon fillets alongside the sautéed spinach. Sprinkle toasted sesame seeds over the salmon and add lemon wedges on the side for an optional citrus squeeze.

### Serving Size

This recipe serves 2 people.

---

**Fun Tip:** For an extra depth of flavor, try adding a few drops of yuzu juice to your miso glaze—it gives a wonderful citrusy brightness that elevates the dish. Itadakimasu!",True,,38_1,38
Looking for some easy low-carb dinner ideas that don’t taste like cardboard—got any good ones?,low-carb,"## Zucchini Noodle Yaki Udon (Low-Carb Japanese Stir-Fry)

Experience the comforting richness of traditional yaki udon with a fresh, low-carb twist using spiralized zucchini noodles—flavorful, satisfying, and definitely not cardboard!

### Ingredients

- 2 medium zucchinis, spiralized into noodles (zoodles)
- 200g thinly sliced pork belly or chicken thigh
- 1 tbsp sesame oil
- 1 small onion, thinly sliced
- 1/2 cup shredded cabbage
- 2 green onions, chopped
- 2 garlic cloves, minced
- 1-inch piece fresh ginger, grated
- 3 tbsp soy sauce or tamari (gluten-free option)
- 1 tbsp mirin
- 1 tsp chili flakes (optional)
- 1 tsp toasted sesame seeds, for garnish

### Instructions

1. **Prep Zoodles:** Lightly salt the zucchini noodles and let them sit for 10 minutes to draw out excess water. Then gently squeeze and pat dry with a paper towel to avoid sogginess.
2. **Cook Protein:** Heat sesame oil in a large skillet or wok over medium-high heat. Add pork or chicken slices and sauté until browned and cooked through, about 5-7 minutes. Remove from pan and set aside.
3. **Sauté Aromatics:** In the same pan, add a little more oil if needed. Toss in the garlic, ginger, and sliced onion. Stir-fry until fragrant and onion is translucent.
4. **Add Veggies:** Add shredded cabbage and cook for 2-3 minutes until slightly softened but still crunchy.
5. **Combine:** Return the cooked meat to the pan. Add the zucchini noodles and stir everything together gently.
6. **Sauce:** Pour in soy sauce, mirin, and chili flakes if using. Toss quickly to coat evenly. Cook for another 2-3 minutes until noodles are just tender but still have a bit of bite.
7. **Finish:** Remove from heat and sprinkle with chopped green onions and toasted sesame seeds.
8. **Serve:** Plate immediately for the best texture.

### Serving Size

Serves 2 people.

---

**Fun Tip:** For an extra umami punch, add a teaspoon of miso paste dissolved in a splash of water to the sauce step! It amps up the savory flavors without adding carbs. Itadakimasu!",True,,39_1,39
"Hey, can you suggest some tasty low-sodium dinner ideas? Trying to keep my salt intake down.",low-sodium,"## Miso-Glazed Eggplant with Steamed Vegetables (Low-Sodium)

Savor the rich umami flavors of miso-glazed eggplant paired with vibrant steamed vegetables for a delicious and heart-friendly low-sodium Japanese dinner that’s both satisfying and wholesome.

### Ingredients

#### For Miso-Glazed Eggplant:
- 2 small Japanese eggplants
- 2 tbsp white miso paste (use low-sodium if available)
- 1 tbsp mirin
- 1 tbsp sake (or water)
- 1 tsp grated fresh ginger
- 1 tsp honey or maple syrup
- 1 tsp rice vinegar

#### For Steamed Vegetables:
- 1 cup broccoli florets
- 1 small carrot, sliced into thin rounds
- 100g shiitake mushrooms, stems removed and sliced
- 1 cup snap peas, trimmed

#### Garnish:
- 1 tsp toasted sesame seeds
- Chopped green onions (optional)

### Instructions

1. **Prepare the Eggplants:** Cut each eggplant in half lengthwise. Score the flesh in a diamond pattern, being careful not to cut through the skin.
2. **Make the Miso Glaze:** In a small bowl, whisk together the miso paste, mirin, sake, grated ginger, honey, and rice vinegar until smooth.
3. **Glaze the Eggplants:** Brush the miso glaze generously over the scored flesh of each eggplant half.
4. **Cook the Eggplants:** Preheat your oven’s broiler or grill setting. Place eggplants flesh side up on a baking sheet lined with foil or parchment paper. Broil for about 8–10 minutes or until the glaze bubbles and the eggplant softens.
5. **Steam the Vegetables:** While the eggplants cook, steam the broccoli, carrot slices, shiitake mushrooms, and snap peas until tender but still crisp, about 5-7 minutes.
6. **Serve:** Arrange the steamed vegetables on plates alongside the miso-glazed eggplants. Sprinkle the eggplants with toasted sesame seeds and green onions if using.
7. **Enjoy:** This dish is wonderful when served with a side of steamed brown rice or quinoa to complete your low-sodium meal.

### Serving Size

This recipe serves 2 people.

---

**Fun Tip:** To keep it extra healthy and flavorful, try adding a splash of freshly grated yuzu or lemon juice over the eggplants just before serving for a bright citrus kick! Itadakimasu!",True,,35_2,35
"Hey, can you suggest some easy low-carb dinner ideas? Trying to keep the carbs down but still want something tasty.",low-carb,"## Low-Carb Miso-Glazed Grilled Salmon with Sautéed Spinach

Savor a wonderfully rich and savory miso-glazed salmon, perfectly grilled to lock in flavor, paired with garlicky sautéed spinach for a nutrient-packed low-carb dinner that’s both simple and satisfying.

### Ingredients

#### For Miso-Glazed Salmon:
- 2 salmon fillets (about 150g each)
- 2 tbsp white miso paste
- 1 tbsp sake (or dry white wine)
- 1 tbsp mirin
- 1 tsp soy sauce (use tamari for gluten-free)
- 1 tsp grated fresh ginger
- 1 tsp sesame oil

#### For Sautéed Spinach:
- 200g fresh spinach leaves, washed
- 1 tbsp sesame oil or olive oil
- 2 garlic cloves, thinly sliced
- 1/2 tsp red chili flakes (optional)
- Salt, to taste

### Instructions

1. **Prepare Miso Glaze:** In a small bowl, combine white miso paste, sake, mirin, soy sauce, grated ginger, and sesame oil. Mix well until smooth.
2. **Marinate Salmon:** Pat salmon dry and coat each fillet evenly with the miso glaze. Let it marinate at room temperature for 15-20 minutes.
3. **Preheat Grill or Pan:** Heat a grill pan or non-stick skillet over medium heat.
4. **Cook Salmon:** Grill salmon fillets skin-side down first for about 4-5 minutes. Flip carefully and cook another 3-4 minutes until cooked through and slightly caramelized. Remove from heat.
5. **Sauté Spinach:** Heat oil in a large skillet over medium heat. Add garlic and cook until fragrant and golden, about 1 minute.
6. **Add Spinach:** Toss in the spinach and sauté quickly, stirring until wilted but still bright green (about 2-3 minutes). Season with salt and red chili flakes, if using.
7. **Serve:** Plate the salmon alongside the garlic spinach for a beautiful low-carb dinner.

### Serving Size

This recipe serves 2 people.

---

**Fun Tip:** For an extra burst of flavor, sprinkle toasted sesame seeds over the salmon just before serving! It adds great texture and a nutty note. Itadakimasu!",True,,37_2,37
"Hey, can you suggest some tasty low-sodium dinner ideas? Trying to keep my salt intake down.",low-sodium,"## Miso-Glazed Salmon with Steamed Vegetables (Low-Sodium & Heart-Healthy)

Enjoy a flavorful and nutritious dinner featuring tender salmon glazed with a homemade low-sodium miso sauce, paired with a colorful medley of steamed vegetables that highlights natural flavors without added salt.

### Ingredients

#### For the Salmon:
- 2 salmon fillets (about 150g each)
- 2 tbsp low-sodium white miso paste
- 1 tbsp mirin (sweet rice wine)
- 1 tbsp sake (optional; substitute with water if preferred)
- 1 tsp honey or maple syrup
- 1 tsp grated fresh ginger

#### For Steamed Vegetables:
- 1 small broccoli head, cut into florets
- 1 medium carrot, sliced into thin rounds
- 100g snap peas, trimmed
- 1 tbsp water
- 1 tsp toasted sesame oil
- Freshly ground black pepper, to taste

### Instructions

1. **Prepare Miso Glaze:** In a small bowl, whisk together the miso paste, mirin, sake (or water), honey, and grated ginger until smooth. Set aside.
2. **Marinate Salmon:** Lightly coat the salmon fillets with the miso glaze on all sides. Allow to marinate for 15-20 minutes in the refrigerator for deeper flavor.
3. **Cook Salmon:** Preheat your oven to 200°C (390°F). Line a baking tray with parchment paper or lightly oiled foil. Place the salmon fillets skin-side down and bake for 10-12 minutes, or until the fish is cooked through and flakes easily when tested with a fork.
4. **Steam Vegetables:** While the salmon bakes, combine the broccoli, carrot, and snap peas in a steamer basket over boiling water with 1 tbsp of water added to the bottom. Cover and steam for 5-7 minutes until vegetables are crisp-tender.
5. **Finish Vegetables:** Transfer steamed vegetables to a bowl, drizzle with toasted sesame oil, and season lightly with freshly ground black pepper. Toss gently.
6. **Serve:** Plate the miso-glazed salmon alongside the steamed vegetables. Optionally garnish with thinly sliced green onions or a sprinkle of toasted sesame seeds for extra texture.

### Serving Size

This recipe serves 2 people.

---

**Fun Tip:** To enhance the depth of flavor without adding salt, try incorporating a splash of freshly squeezed lemon or yuzu juice over the salmon just before serving—it adds refreshing brightness! Itadakimasu!",True,,35_1,35
"Looking for some easy low-sodium dinner ideas, got any recipes?",low-sodium,"## Miso-Glazed Cod with Steamed Vegetables (Low-Sodium)

Experience the delicate flavors of tender cod glazed with a lightly sweetened miso sauce, paired with nutritious steamed vegetables for a simple, low-sodium dinner that's both satisfying and healthy.

### Ingredients

- 2 cod fillets (about 150g each)
- 2 tbsp white miso paste (look for low-sodium variety)
- 1 tbsp mirin (sweet rice wine)
- 1 tsp honey or maple syrup
- 1 tsp freshly grated ginger
- 1 garlic clove, minced
- 1 cup broccoli florets
- 1 medium carrot, sliced into thin rounds
- 100g snap peas or green beans, trimmed
- 1 tbsp sesame oil
- Freshly ground black pepper, to taste
- Lemon wedges, for serving

### Instructions

1. **Prepare Miso Glaze:** In a small bowl, mix the white miso paste, mirin, honey, grated ginger, and minced garlic until smooth.
2. **Marinate Cod:** Spread the miso glaze evenly over the top of each cod fillet and let them marinate for 15-20 minutes in the refrigerator.
3. **Steam Vegetables:** While the cod marinates, set up a steamer basket over boiling water. Add the broccoli, carrot slices, and snap peas. Cover and steam until just tender, about 5-7 minutes.
4. **Cook Cod:** Heat sesame oil in a non-stick skillet over medium heat. Place the cod fillets skin-side down (if skin-on) and cook for about 4-5 minutes. Carefully flip and cook another 3-4 minutes until fish is opaque and flakes easily.
5. **Season Lightly:** Add freshly ground black pepper to taste over the cooked cod and remove from heat.
6. **Serve:** Plate the cod fillets with steamed vegetables on the side. Garnish with lemon wedges to add a fresh citrus note.

### Serving Size

This recipe serves 2 people.

---

**Fun Tip:** For an added burst of flavor without extra sodium, sprinkle some toasted sesame seeds over the cod and vegetables just before serving. It adds a lovely nutty crunch! Itadakimasu!",True,,36_2,36
Can you suggest some easy halal recipes for dinner? Looking for something quick and tasty.,halal,"## Halal Chicken Teriyaki Bowl – Quick & Delicious!

Enjoy a flavorful and easy halal dinner with this quick chicken teriyaki bowl, featuring tender chicken glazed in a sweet-savory sauce served over steamed rice and fresh vegetables.

### Ingredients

- 300g halal boneless, skinless chicken thighs or breasts, cut into bite-sized pieces
- 2 cups cooked Japanese short-grain rice (or any preferred rice)
- 1 small carrot, julienned
- 1/2 cup cooked broccoli florets
- 2 tbsp soy sauce (make sure halal-certified)
- 2 tbsp mirin (check for halal certification; can substitute with a little sugar and water if unsure)
- 1 tbsp honey or brown sugar
- 1 tbsp sesame oil
- 1 garlic clove, minced
- 1 tsp grated fresh ginger
- 1 tsp toasted sesame seeds, for garnish
- 2 spring onions, thinly sliced, for garnish

### Instructions

1. **Cook the Rice:** Prepare rice according to package instructions and set aside.
2. **Make the Teriyaki Sauce:** In a small bowl, mix soy sauce, mirin, honey (or sugar), garlic, and ginger.
3. **Sauté the Chicken:** Heat sesame oil in a skillet over medium heat. Add the chicken pieces and cook until no longer pink in the center, about 6-8 minutes.
4. **Add Sauce and Veggies:** Pour the teriyaki sauce over the chicken and lower the heat to simmer. Add the julienned carrots and steamed broccoli to the skillet. Cook for another 3-4 minutes, stirring gently, until the sauce thickens and the vegetables are tender-crisp.
5. **Assemble Bowls:** Divide the cooked rice into two bowls. Top each with the teriyaki chicken and vegetable mixture.
6. **Garnish:** Sprinkle sesame seeds and sliced spring onions over the bowls for added flavor and crunch.

### Serving Size

Serves 2 people.

---

**Fun Tip:** For extra texture, add crunchy roasted seaweed strips or a soft-boiled egg on top of your teriyaki bowl. It adds a lovely Japanese touch! Itadakimasu!",True,,44_2,44
"Hey, I’m trying to cut out sugar—got any tasty sugar-free snack recipes?",sugar-free,"## Sugar-Free Edamame and Seaweed Snack Mix

This savory and crunchy Japanese-inspired snack mix is completely sugar-free and packed with umami flavor, making it the perfect guilt-free munching companion!

### Ingredients

- 1 cup dried edamame (shelled)
- 10g nori seaweed sheets, cut into small strips or crumbled
- 1/4 cup roasted, unsalted sunflower seeds
- 1/4 cup roasted, unsalted pumpkin seeds
- 1 tbsp toasted sesame seeds
- 1 tbsp soy sauce or tamari (use gluten-free tamari if preferred)
- 1 tsp sesame oil
- 1/2 tsp ground wasabi powder (optional, for a spicy kick)
- A pinch of sea salt

### Instructions

1. **Prepare Edamame:** If using frozen dried edamame, toast them lightly in a dry skillet over medium heat for about 4-5 minutes until just crisp, stirring often to prevent burning.
2. **Toast Seeds:** In the same skillet, lightly toast the sunflower seeds and pumpkin seeds until fragrant (about 2-3 minutes). Remove from heat.
3. **Mix Seasoning:** In a small bowl, combine soy sauce (or tamari), sesame oil, wasabi powder (if using), and a pinch of sea salt. Stir well.
4. **Combine Ingredients:** In a large mixing bowl, combine the toasted edamame, toasted seeds, and nori strips.
5. **Add Seasoning:** Pour the soy-sesame mixture over the snack mix and toss gently yet thoroughly so everything is evenly coated.
6. **Dry:** Spread the snack mix on a parchment-lined tray and let it air dry for 10-15 minutes to slightly reduce moisture for a crunchier texture.
7. **Serve or Store:** Enjoy immediately or store in an airtight container at room temperature for up to 3 days.

### Serving Size

This recipe serves 2 as a light snack.

---

**Fun Tip:** For extra crunch and flavor variety, try adding some roasted shishito peppers or sprinkle a pinch of Japanese chili powder (shichimi togarashi) on top! Itadakimasu!",True,,42_2,42
"Hey, I’m trying to cut out sugar—got any tasty sugar-free snack recipes?",sugar-free,"## Savory Edamame and Seaweed Rice Crackers (Sugar-Free Snack)

Crunch into these flavorful, sugar-free rice crackers infused with umami-rich seaweed and complemented by protein-packed edamame – a satisfying Japanese-inspired snack perfect for anytime munching!

### Ingredients

- 1 cup cooked sushi rice (short-grain rice, cooled)
- 1/2 cup shelled edamame (fresh or frozen, thawed)
- 1 sheet nori seaweed, cut into small strips or crumbled
- 1 tbsp sesame seeds (white or black)
- 1 tbsp soy sauce (use tamari for gluten-free)
- 1 tsp toasted sesame oil
- Pinch of salt
- Cooking oil spray or 1 tbsp neutral oil (for baking or pan-frying)

### Instructions

1. **Prepare Edamame:** Roughly chop the shelled edamame into small pieces for even texture in the crackers.
2. **Mix Ingredients:** In a bowl, combine the cooked sushi rice, chopped edamame, crumbled nori, sesame seeds, soy sauce, toasted sesame oil, and a pinch of salt. Mix gently but thoroughly to distribute flavors evenly.
3. **Form Crackers:** Line a baking sheet with parchment paper or lightly oil a flat surface. With wet or oiled hands, take small portions of the mixture (about 1.5 tablespoons each) and flatten into thin rounds about 6 cm (2.5 inches) in diameter. Place on the baking sheet spaced apart.
4. **Bake or Pan-Fry:**  
   - *To bake:* Preheat oven to 180°C (350°F). Bake crackers for 15–20 minutes until lightly crisp and golden on edges. Flip halfway through baking for even crispiness.  
   - *To pan-fry:* Heat a non-stick skillet over medium heat with a thin layer of oil. Cook crackers for 3-4 minutes on each side until golden and crispy.
5. **Cool and Serve:** Let the crackers cool slightly; they will crisp up more as they cool.

### Serving Size

Makes about 10-12 crackers, enough for 2 servings.

---

**Fun Tip:** For an extra umami twist, sprinkle a little shichimi togarashi (Japanese seven-spice) on top before serving for a gentle spicy kick! Itadakimasu!",True,,42_1,42
"Hey, can you suggest some easy low-carb dinner ideas? Trying to keep the carbs down but still want something tasty.",low-carb,"## Keto-Friendly Chicken Katsu with Shirataki Noodles

Savor the crispy, golden goodness of chicken katsu made low-carb and guilt-free by using almond flour, paired with silky shirataki noodles flavored with a savory soy-based sauce—delicious without the carb overload!

### Ingredients

#### For Chicken Katsu:
- 2 boneless, skinless chicken breasts (about 250g each)
- 1/2 cup almond flour
- 1 large egg
- 1 tsp garlic powder
- 1 tsp paprika
- Salt and pepper, to taste
- 3 tbsp vegetable oil (for frying)

#### For Shirataki Noodles:
- 1 package (about 200g) shirataki noodles, rinsed and drained
- 1 tbsp sesame oil
- 1 tbsp gluten-free tamari or soy sauce
- 1 tsp rice vinegar
- 1 spring onion, finely sliced
- 1 tsp toasted sesame seeds
- Optional: sliced shiitake mushrooms or chopped spinach (about 50g)

### Instructions

1. **Prepare the Chicken:** Pound the chicken breasts to even thickness (about 1-1.5 cm). Season both sides with salt, pepper, garlic powder, and paprika.
2. **Set up Breading Station:** In one bowl, beat the egg. In another, place the almond flour.
3. **Bread the Chicken:** Dip each chicken breast first into the egg, then coat thoroughly with almond flour.
4. **Cook the Chicken Katsu:** Heat vegetable oil in a large skillet over medium heat. Fry the chicken breasts for about 4-5 minutes per side until golden brown and cooked through. Remove and drain on paper towels.
5. **Prepare Shirataki Noodles:** Rinse the noodles well under cold water and boil them for 2-3 minutes, then drain thoroughly to remove excess moisture.
6. **Sauté Noodles:** Heat sesame oil in a skillet over medium heat. Add optional mushrooms or spinach if using and cook until soft.
7. **Add Noodles and Season:** Add the shirataki noodles to the skillet, pour in tamari and rice vinegar. Stir well and cook for 2-3 minutes until heated through and combined.
8. **Serve:** Slice the chicken katsu into strips and plate alongside the seasoned shirataki noodles. Garnish with spring onions and toasted sesame seeds.

### Serving Size

This recipe serves 2 people.

---

**Fun Tip:** To amp up the flavor, serve your chicken katsu with a homemade low-carb katsu sauce made by mixing sugar-free ketchup, tamari, and a dash of Worcestershire sauce! Itadakimasu!",True,,37_1,37
Can you suggest some easy halal recipes for dinner? Looking for something quick and tasty.,halal,"## Halal Chicken Teriyaki Bowl – Quick & Flavorful Japanese Comfort

Experience a deliciously sweet and savory chicken teriyaki bowl that's quick to prepare, halal-friendly, and perfect for a satisfying dinner after a busy day.

### Ingredients

#### For Chicken Teriyaki:
- 300g boneless, skinless halal chicken breasts or thighs, thinly sliced
- 2 tbsp soy sauce (ensure halal certification)
- 1 tbsp mirin (sweet rice wine) or substitute with 1 tsp sugar + 1 tbsp water
- 1 tbsp sake (optional, or use water)
- 1 tbsp honey or brown sugar
- 1 garlic clove, minced
- 1 tsp fresh ginger, grated
- 1 tbsp vegetable oil

#### For Serving:
- 1 cup Japanese short-grain rice, cooked
- 1/2 cucumber, thinly sliced
- 1 small carrot, julienned or thinly sliced
- 1 tbsp toasted sesame seeds
- Sliced green onions (optional)

### Instructions

1. **Make the Teriyaki Sauce:** In a small bowl, mix soy sauce, mirin, sake (if using), honey, garlic, and ginger. Set aside.
2. **Cook the Chicken:** Heat vegetable oil in a non-stick pan over medium heat. Add sliced chicken and cook until lightly browned on all sides (about 5-7 minutes).
3. **Add Sauce:** Pour the teriyaki sauce over the chicken, reduce heat to low, and simmer until the sauce thickens slightly and coats the chicken (about 3-5 minutes). Stir occasionally.
4. **Prepare the Rice:** While the chicken simmers, have your steamed rice ready and warm.
5. **Assemble the Bowl:** Divide rice between two bowls. Top with the teriyaki chicken, and garnish with cucumber slices, carrot, toasted sesame seeds, and green onions if desired.
6. **Serve Immediately:** Enjoy your quick, halal-friendly teriyaki chicken bowl while hot.

### Serving Size

This recipe serves 2 people.

---

**Fun Tip:** For a crunchy twist, add some roasted seaweed (nori) strips on top! It adds a lovely umami flavor and extra texture. Itadakimasu!",True,,44_1,44
"Hey, can you suggest some easy sugar-free snack recipes? Trying to cut out any added sugars.",sugar-free,"## Savory Edamame and Seaweed Rice Crackers (Sugar-Free Snack)

Crunchy, savory, and completely sugar-free, these Japanese-inspired rice crackers made with edamame and seaweed offer a delightful and healthy snack that's perfect for anytime munching.

### Ingredients

- 1 cup cooked short-grain Japanese rice, cooled
- 1/2 cup shelled edamame, cooked and drained
- 1 sheet nori (seaweed), finely chopped
- 1 tbsp toasted sesame seeds
- 2 tbsp tamari (gluten-free soy sauce) or regular soy sauce (ensure no added sugar)
- 1 tsp toasted sesame oil
- 1/4 tsp salt (or to taste)
- 1/4 tsp ground white pepper (optional)
- Sesame seeds for garnish (optional)
- Cooking spray or a little oil for baking sheet

### Instructions

1. **Preheat Oven:** Set your oven to 350°F (175°C) and line a baking sheet with parchment paper or lightly grease it with cooking spray.
2. **Prepare Edamame Mixture:** In a food processor or blender, pulse the cooked edamame until coarsely chopped but not pureed; you want some texture remaining.
3. **Combine Ingredients:** In a large bowl, combine the cooked rice, chopped edamame, chopped nori, sesame seeds, tamari, sesame oil, salt, and white pepper. Mix thoroughly until the mixture is sticky and holds together.
4. **Form Crackers:** Using wet hands, take small portions of the mixture and flatten them into thin, round crackers roughly 2-3 inches in diameter. Place them on the prepared baking sheet, leaving a little space between each.
5. **Bake:** Bake for 20-25 minutes, turning them over halfway through, until they are crisp and lightly golden on both sides.
6. **Cool and Serve:** Let the crackers cool completely on a wire rack; this will help them crisp up further.
7. **Optional Garnish:** Sprinkle with extra sesame seeds before serving for an added nutty flavor.

### Serving Size

Makes about 10-12 crackers, perfect for 2 people as a snack.

---

**Fun Tip:** For variety, try mixing in some finely grated daikon radish or a pinch of shichimi togarashi spice blend before shaping the crackers for a little extra zing. Itadakimasu!",True,,41_1,41
Looking for some easy low-carb dinner ideas that don’t taste like cardboard—got any good ones?,low-carb,"## Low-Carb Teriyaki Salmon with Sautéed Bok Choy

Delight in a rich, flavorful low-carb Japanese-inspired dinner featuring tender, glazed teriyaki salmon paired with garlicky sautéed bok choy — a perfect balance of savory and fresh without any boring cardboard vibes!

### Ingredients

#### For the Teriyaki Salmon:
- 2 salmon fillets (about 150g each), skin on
- 3 tbsp tamari sauce (gluten-free soy sauce)
- 1 tbsp sake (optional, or substitute with water)
- 1 tbsp mirin (sweet rice wine)
- 1 tbsp erythritol or your preferred low-carb sweetener
- 1 tsp fresh ginger, grated
- 1 garlic clove, minced
- 1 tsp toasted sesame oil
- 1 tbsp sesame seeds, for garnish
- 2 spring onions, thinly sliced for garnish

#### For the Sautéed Bok Choy:
- 2 heads baby bok choy, halved lengthwise and rinsed
- 1 tbsp avocado or olive oil
- 1 garlic clove, thinly sliced
- 1 tbsp tamari sauce
- Pinch of chili flakes (optional)

### Instructions

1. **Make Teriyaki Sauce:** In a small bowl, whisk together tamari, sake, mirin, erythritol, grated ginger, and minced garlic until the sweetener dissolves fully.
2. **Marinate Salmon:** Place salmon fillets in a shallow dish and pour half the teriyaki sauce over them. Let marinate for 15 minutes at room temperature.
3. **Cook the Salmon:** Heat a non-stick skillet over medium heat and add the sesame oil. Place salmon skin side down and sear for about 4-5 minutes, until the skin is crispy.
4. **Glaze the Salmon:** Flip the salmon, pour in the remaining teriyaki sauce, and cook for another 3-4 minutes, spooning the sauce over the fish to glaze it.
5. **Sauté Bok Choy:** Meanwhile, heat oil in another pan over medium heat. Add sliced garlic and sauté for 30 seconds until fragrant.
6. **Add Bok Choy:** Place bok choy cut side down and cook for about 3 minutes until lightly browned. Flip and add tamari and chili flakes, cooking for another 2 minutes until tender.
7. **Serve:** Plate the glazed salmon garnished with sesame seeds and spring onions beside the sautéed bok choy.

### Serving Size

Serves 2 people.

---

**Fun Tip:** For an extra umami punch, sprinkle a small pinch of bonito flakes over your bok choy just before serving — they dance when hot and bring amazing flavor! Itadakimasu!",True,,39_2,39
Looking for some easy halal dinner recipes that don’t require fancy ingredients. Got any ideas?,halal,"## Teriyaki Salmon Bowl (Halal & Simple Ingredients)

Savor a quick and wholesome Japanese-inspired teriyaki salmon bowl that's bursting with flavor, easy to prepare, and made with everyday halal ingredients perfect for a stress-free dinner.

### Ingredients

- 2 salmon fillets (about 150g each), halal-certified
- 3 tbsp soy sauce (make sure it's halal-certified or use a low-sodium version)
- 2 tbsp mirin (sweet rice wine, or substitute with 1 tbsp sugar dissolved in 1 tbsp water)
- 1 tbsp sake (optional and halal if alcohol-free; otherwise omit)
- 1 tbsp honey or maple syrup
- 1 garlic clove, minced
- 1 tsp fresh ginger, grated
- 2 cups cooked white or brown rice
- 1 small cucumber, thinly sliced
- 1 carrot, julienned
- 1 tbsp sesame seeds (optional)
- 1 tbsp vegetable oil
- Chopped green onions, for garnish

### Instructions

1. **Prepare Teriyaki Sauce:** In a small bowl, mix soy sauce, mirin (or sugar mixture), honey, garlic, and ginger. Stir well to combine. If you are using sake and it’s halal, add it now.
2. **Marinate Salmon:** Place the salmon fillets in a shallow dish and pour half the teriyaki sauce over them. Let marinate for 10-15 minutes at room temperature.
3. **Cook Rice:** While the salmon marinates, cook rice according to package instructions or use leftover rice for speed.
4. **Cook Salmon:** Heat vegetable oil in a non-stick pan on medium heat. Remove salmon from marinade and cook skin-side down for about 4-5 minutes. Flip carefully and cook another 3-4 minutes until salmon is cooked through and nicely glazed. During cooking, pour the remaining teriyaki sauce over the fish to thicken slightly.
5. **Prepare Vegetables:** While salmon cooks, prepare cucumber and carrot for fresh crunch.
6. **Assemble Bowl:** Divide rice between two bowls. Place cooked salmon on top, arrange cucumber and carrot alongside.
7. **Garnish & Serve:** Sprinkle sesame seeds and chopped green onions over the bowls for extra flavor and texture.

### Serving Size

This recipe serves 2 people.

---

**Fun Tip:** For an extra boost of freshness, serve with a side of lightly pickled ginger or a simple miso soup to complete your easy Japanese-inspired halal dinner! Itadakimasu!",True,,43_1,43
Looking for some tasty kosher dinner ideas that aren’t too complicated—got any favorites?,kosher,"## Teriyaki Salmon with Sesame Spinach (Kosher-Friendly & Easy)

Dive into a beautifully glazed teriyaki salmon that's both simple to prepare and rich in flavor, paired with a refreshing sesame spinach salad for a wholesome and satisfying kosher dinner.

### Ingredients

#### For Teriyaki Salmon:
- 2 salmon fillets (about 150g each), skin on or off, as preferred
- 3 tbsp soy sauce (ensure kosher certification)
- 2 tbsp mirin (or substitute with kosher-certified sweet rice wine)
- 1 tbsp honey or kosher-certified maple syrup
- 1 tsp freshly grated ginger
- 1 garlic clove, minced
- 1 tbsp vegetable oil or olive oil

#### For Sesame Spinach Salad:
- 200g fresh baby spinach, washed and drained
- 1 tbsp toasted sesame oil
- 1 tbsp soy sauce (kosher-certified)
- 1 tsp rice vinegar
- 1 tbsp toasted sesame seeds
- Optional: 1 green onion, thinly sliced

### Instructions

1. **Make the Teriyaki Sauce:** In a small bowl, whisk together soy sauce, mirin, honey (or maple syrup), grated ginger, and minced garlic. Set aside.
2. **Prepare the Salmon:** Pat the salmon fillets dry with paper towels. Heat oil in a non-stick skillet over medium heat.
3. **Cook the Salmon:** Place salmon fillets skin-side down (if skin on) in the hot pan. Cook for about 4-5 minutes, until the skin is crispy and the salmon is mostly cooked through.
4. **Add Sauce:** Flip the salmon carefully and pour the teriyaki sauce over the fillets. Cook for another 2-3 minutes, spooning the sauce over the salmon to glaze it as it cooks. Remove from heat once salmon is cooked to your preferred doneness.
5. **Prepare the Spinach Salad:** While the salmon cooks, place spinach in a large bowl. In a small bowl, mix sesame oil, soy sauce, and rice vinegar.
6. **Dress the Salad:** Pour the dressing over the spinach and toss gently to coat evenly. Sprinkle toasted sesame seeds and green onions on top.
7. **Serve:** Plate the teriyaki salmon alongside the sesame spinach salad for a balanced, flavorful meal.

### Serving Size

This recipe serves 2 people.

---

**Fun Tip:** For a heartier meal, serve this dish with a side of steamed quinoa or brown rice, which complements the teriyaki sauce perfectly. Itadakimasu!",True,,46_1,46
Got any easy kosher chicken recipes? Want something quick for dinner tonight.,kosher,"## Quick and Easy Teriyaki Chicken Donburi (Kosher-Friendly)

A simple, savory-sweet teriyaki chicken served over steamed rice that comes together quickly for a delicious and satisfying kosher-friendly dinner.

### Ingredients

- 300g boneless, skinless chicken thighs, cut into bite-sized pieces (ensure kosher certification)
- 2 tbsp soy sauce (use a kosher-certified brand)
- 2 tbsp mirin (check for kosher certification)
- 2 tbsp honey or brown sugar
- 1 tbsp sake (optional, or substitute with water)
- 1 tsp fresh ginger, grated
- 1 clove garlic, minced
- 1 tbsp vegetable oil
- 1 cup cooked white or brown rice
- 1 small bunch green onions, sliced (for garnish)
- Toasted sesame seeds, for garnish (optional)

### Instructions

1. **Make Teriyaki Sauce:** In a small bowl, mix soy sauce, mirin, honey (or brown sugar), sake (or water), grated ginger, and minced garlic until well combined.
2. **Cook Chicken:** Heat vegetable oil in a medium skillet over medium-high heat. Add chicken pieces and cook until they start to brown and are nearly cooked through, about 5-6 minutes, stirring occasionally.
3. **Add Sauce:** Pour the teriyaki sauce mixture over the chicken in the skillet. Reduce heat to medium-low and simmer, stirring occasionally, until the sauce has thickened and the chicken is fully cooked, about 3-4 minutes.
4. **Prepare Rice:** Meanwhile, have your cooked rice ready in serving bowls.
5. **Serve:** Spoon the teriyaki chicken over the rice. Garnish with sliced green onions and toasted sesame seeds if using.
6. **Enjoy:** Serve immediately for a quick, comforting meal.

### Serving Size

This recipe serves 2 people.

---

**Fun Tip:** To add a vegetable boost, toss in some steamed broccoli or snap peas during the last few minutes of simmering the chicken for a colorful, nutritious meal! Itadakimasu!",True,,48_2,48
Got any easy kosher dinner recipes? Trying to keep it simple tonight but still tasty.,kosher,"## Teriyaki Salmon with Steamed Rice and Sautéed Spinach (Kosher-Friendly)

Enjoy a quick and flavorful Japanese-inspired dinner that's both simple and elegant — tender salmon glazed with a sweet and savory teriyaki sauce, paired with fluffy steamed rice and nutritious sautéed spinach.

### Ingredients

#### For Teriyaki Salmon:
- 2 salmon fillets (about 150-180g each), skin-on
- 3 tbsp soy sauce (use kosher-certified)
- 2 tbsp mirin (sweet rice wine)
- 1 tbsp sake (optional, or substitute with water)
- 1 tbsp brown sugar
- 1 garlic clove, minced
- 1 tsp fresh ginger, grated
- 1 tbsp vegetable oil

#### For Steamed Rice:
- 1 cup Japanese short-grain rice, rinsed until water runs clear
- 1 1/4 cups water

#### For Sautéed Spinach:
- 200g fresh spinach, washed and drained
- 1 tbsp sesame oil
- 1 garlic clove, minced
- 1 tbsp soy sauce (kosher-certified)
- Toasted sesame seeds, for garnish (optional)

### Instructions

1. **Prepare the Rice:** Rinse the rice in cold water 2-3 times until the water is clear, then combine rice and 1 1/4 cups water in a pot. Cover and bring to a boil over medium-high heat. Once boiling, reduce heat to low and simmer for 15 minutes without lifting the lid. Remove from heat and let sit for another 10 minutes.

2. **Make Teriyaki Sauce:** In a small bowl, whisk together soy sauce, mirin, sake (if using), brown sugar, minced garlic, and grated ginger until sugar dissolves.

3. **Cook the Salmon:** Heat vegetable oil in a non-stick skillet over medium heat. Place the salmon fillets skin-side down and cook for about 4-5 minutes until the skin is crispy.

4. **Glaze the Salmon:** Flip the fillets and pour the teriyaki sauce over the salmon. Cook for another 3-4 minutes, spooning the sauce repeatedly to glaze the fish and allow it to caramelize slightly. Remove salmon and set aside.

5. **Sauté Spinach:** In another pan, heat sesame oil over medium heat. Add minced garlic and sauté for 30 seconds until fragrant, then add spinach. Stir-fry for 2-3 minutes until spinach is just wilted. Drizzle soy sauce over spinach, toss to combine, and remove from heat.

6. **Serve:** Place steamed rice on plates, top with teriyaki salmon, and arrange sautéed spinach on the side. Sprinkle toasted sesame seeds over the spinach if using.

### Serving Size

This recipe serves 2 people.

---

**Fun Tip:** For an extra touch, sprinkle some thinly sliced green onions or a pinch of shichimi togarashi (Japanese seven-spice) on the salmon to add a little heat and complexity. Itadakimasu!",True,,47_1,47
Looking for some tasty kosher dinner ideas that aren’t too complicated—got any favorites?,kosher,"## Teriyaki Salmon with Steamed Rice and Sautéed Spinach

Savor a simple yet flavorful kosher Japanese-inspired dinner featuring tender salmon glazed with a homemade teriyaki sauce, served alongside fluffy steamed rice and vibrant sautéed spinach for a balanced meal.

### Ingredients

#### For Teriyaki Salmon:
- 2 salmon fillets (about 150g each), skin-on or skinless as preferred
- 3 tbsp soy sauce (make sure it’s kosher-certified)
- 2 tbsp mirin (sweet rice wine, kosher-certified)
- 1 tbsp sake (optional, or substitute with water)
- 1 tbsp brown sugar or honey
- 1 garlic clove, minced
- 1 tsp ginger, grated
- 1 tsp sesame oil

#### For Steamed Rice:
- 1 cup Japanese short-grain rice
- 1 1/4 cups water

#### For Sautéed Spinach:
- 200g fresh spinach leaves, washed and drained
- 1 tbsp olive oil or neutral oil
- 1 garlic clove, minced
- Salt, to taste

### Instructions

1. **Prepare Teriyaki Sauce:** In a small bowl, mix soy sauce, mirin, sake (if using), brown sugar, minced garlic, grated ginger, and sesame oil. Stir until the sugar dissolves.
2. **Marinate Salmon:** Place salmon fillets in a shallow dish and pour half of the teriyaki sauce over them. Let them marinate for at least 15 minutes at room temperature.
3. **Cook the Rice:** Rinse rice under cold water until the water runs clear. Combine rice and water in a pot with a tight-fitting lid. Bring to a boil, then reduce heat to low, cover, and simmer for 15 minutes. Turn off the heat and let sit, covered, for another 10 minutes before fluffing with a fork.
4. **Cook the Salmon:** Heat a non-stick skillet over medium heat. Remove salmon from marinade, reserving the marinade. Place salmon skin-side down (if skin-on) and cook for about 4-5 minutes. Flip carefully and pour the reserved marinade over the salmon. Cook another 3-4 minutes or until salmon is cooked through and the sauce thickens slightly.
5. **Sauté Spinach:** While salmon cooks, heat olive oil in another pan over medium heat. Add minced garlic and sauté for 30 seconds until fragrant. Add spinach and cook, stirring, until wilted (about 2-3 minutes). Season with salt to taste.
6. **Serve:** Plate steamed rice with the glazed teriyaki salmon on top or alongside. Add sautéed spinach as a fresh, healthy side.

### Serving Size

This recipe serves 2 people.

---

**Fun Tip:** For an authentic touch, garnish the salmon with toasted sesame seeds and thinly sliced green onions before serving. Itadakimasu!",True,,46_2,46
"Looking for some easy halal dinner recipes that my whole family will love, any ideas?",halal,"## Halal Chicken Katsu Curry: A Family-Friendly Japanese Delight

Savor the crispy golden chicken katsu paired with a rich, savory Japanese curry sauce that's sure to please the entire family for dinner!

### Ingredients

#### For the Chicken Katsu:
- 2 boneless, skinless chicken breasts (about 300g total), halved horizontally to make thin cutlets
- Salt and pepper, to taste
- 1/2 cup all-purpose flour
- 1 large egg, beaten
- 1 cup panko breadcrumbs (ensure halal-certified)
- Vegetable oil, for frying

#### For the Curry Sauce:
- 1 tbsp vegetable oil
- 1 medium onion, finely chopped
- 1 medium carrot, diced
- 2 medium potatoes, peeled and diced
- 2 cups chicken broth (halal-certified)
- 3 tbsp Japanese curry roux blocks (halal-certified) or homemade curry powder mix
- 1 tsp grated ginger
- 1 tbsp soy sauce (ensure halal-certified)
- 1 tsp honey or sugar
- Salt, to taste

#### To Serve:
- Steamed Japanese short grain rice (about 1 cup uncooked)

### Instructions

1. **Prepare the Chicken Cutlets:** Lightly pound the chicken cutlets to an even thickness (~1 cm). Season both sides with salt and pepper.
2. **Coat the Chicken:** Set up three shallow dishes: one with flour, one with the beaten egg, and one with panko breadcrumbs. Dredge each cutlet in flour, shaking off excess, dip into the egg, then coat evenly with panko breadcrumbs.
3. **Fry the Chicken Katsu:** Heat vegetable oil in a deep pan or skillet to 170°C (340°F). Fry the breaded chicken cutlets until golden brown and cooked through, about 3-4 minutes per side. Drain on paper towels.
4. **Make the Curry Sauce:** In a separate pot, heat oil over medium heat. Sauté onions, ginger, carrots, and potatoes until onions are translucent and vegetables start to soften (about 5 minutes).
5. **Add Broth and Simmer:** Pour in chicken broth, bring to a boil, then reduce heat and simmer for 15 minutes until potatoes and carrots are tender.
6. **Incorporate Curry Roux:** Break the curry roux into blocks and add to the pot, stirring until dissolved and sauce thickens. Add soy sauce, honey, and salt to taste. Simmer for an additional 5 minutes.
7. **Cook Rice:** Meanwhile, cook the rice according to package instructions.
8. **Serve:** Slice the chicken katsu into strips. Place steamed rice on plates, ladle the curry sauce beside or over the rice, and arrange chicken katsu on top.

### Serving Size

This recipe serves 2 people.

---

**Fun Tip:** For extra crunch, try serving this dish with shredded cabbage lightly dressed with lemon juice or a simple sesame dressing! It balances the richness perfectly. Itadakimasu!",True,,45_1,45
"Hey, can you suggest some easy low-carb meals I can make for dinner?",low-carb,"## Teriyaki Salmon with Shirataki Noodle Stir-Fry

Delight in a low-carb Japanese-inspired dinner featuring succulent teriyaki-glazed salmon paired with a light and healthy shirataki noodle stir-fry, perfect for a quick and satisfying meal.

### Ingredients

#### For Teriyaki Salmon:
- 2 salmon fillets (about 150g each)
- 3 tbsp soy sauce (or tamari for gluten-free)
- 2 tbsp mirin (or dry sherry as substitute)
- 1 tbsp sake (optional, or use water)
- 1 tbsp erythritol or low-carb sweetener
- 1 garlic clove, minced
- 1 tsp grated ginger
- 1 tsp sesame oil

#### For Shirataki Noodle Stir-Fry:
- 200g shirataki noodles (rinsed and drained well)
- 1 tbsp sesame oil
- 1 small carrot, julienned (optional for small carb count)
- 1/2 red bell pepper, thinly sliced
- 100g baby spinach
- 2 spring onions, chopped
- 1 garlic clove, minced
- 1 tbsp soy sauce or tamari
- Freshly ground black pepper, to taste
- Toasted sesame seeds, for garnish

### Instructions

1. **Make Teriyaki Sauce:** In a small bowl, whisk together soy sauce, mirin, sake, erythritol, garlic, ginger, and sesame oil until well combined.
2. **Marinate Salmon:** Place salmon fillets in a shallow dish and pour half of the teriyaki sauce over them. Let marinate for 10-15 minutes.
3. **Cook Salmon:** Heat a non-stick pan over medium heat. Place salmon, skin-side down if applicable, and cook for 4-5 minutes per side, basting occasionally with remaining teriyaki sauce until salmon is cooked through and caramelized. Remove from heat and set aside.
4. **Prepare Shirataki Noodles:** Rinse shirataki noodles well under cold water, then boil in water for 2-3 minutes to reduce odor. Drain thoroughly and pat dry with paper towels.
5. **Stir-Fry Vegetables and Noodles:** Heat sesame oil in a large skillet or wok over medium-high heat. Add garlic and sauté for 30 seconds until fragrant. Toss in carrot and bell pepper, stir-fry for 2-3 minutes until slightly tender.
6. **Add Shirataki Noodles and Spinach:** Add the noodles to the pan along with the soy sauce. Stir-fry for another 3-4 minutes, mixing well to coat noodles in sauce. Add spinach and spring onions last, cook until spinach wilts.
7. **Season and Serve:** Season stir-fry with black pepper. Plate the noodles alongside the glazed salmon, sprinkle with toasted sesame seeds for garnish.

### Serving Size

This recipe serves 2 people.

---

**Fun Tip:** Shirataki noodles are amazing for soaking up sauces, so don't shy away from adding a generous amount of teriyaki sauce to your salmon for extra flavor! Itadakimasu!",True,,38_2,38
"Looking for some easy halal dinner recipes that my whole family will love, any ideas?",halal,"## Halal Chicken Katsu Curry – Crispy and Comforting Japanese Delight

Experience the ultimate comfort food with this crispy halal chicken katsu served over fluffy rice and smothered in a rich, flavorful Japanese curry sauce that your family will adore.

### Ingredients

#### For Chicken Katsu:
- 2 boneless, skinless chicken breasts (about 300g total)
- Salt and pepper, to taste
- 1/2 cup all-purpose flour
- 1 large egg, beaten
- 1 cup panko breadcrumbs (ensure halal-certified)
- Vegetable oil, for frying

#### For Curry Sauce:
- 1 tbsp vegetable oil
- 1 small onion, finely chopped
- 2 cloves garlic, minced
- 1 medium carrot, diced
- 1 medium potato, peeled and diced
- 2 cups chicken broth (halal-certified)
- 1 tbsp curry powder (mild or medium heat)
- 1 tbsp soy sauce (ensure halal)
- 1 tsp garam masala
- 2 tsp ketchup
- 1 tsp honey or sugar
- Salt and pepper, to taste
- 1 tbsp cornstarch mixed with 2 tbsp water (slurry)

#### For Serving:
- 2 cups cooked Japanese short-grain rice
- Fresh parsley or chopped green onions (optional, for garnish)

### Instructions

1. **Prepare the Chicken:** Flatten the chicken breasts to an even thickness (about 1.5 cm) by gently pounding with a meat mallet or rolling pin between plastic wrap. Season both sides with salt and pepper.
2. **Bread the Chicken:** Set up a breading station with three shallow dishes: flour in one, beaten egg in the second, and panko breadcrumbs in the third. Coat each chicken breast in flour, then egg, then press firmly into panko breadcrumbs until fully covered.
3. **Fry the Chicken:** Heat about 1 cm of vegetable oil in a large skillet over medium heat. Fry the chicken breasts for 4-5 minutes on each side or until golden brown and cooked through. Transfer to paper towels to drain excess oil, then slice into strips.
4. **Make the Curry Sauce:** Heat 1 tablespoon vegetable oil in a saucepan over medium heat. Sauté onions and garlic until softened and fragrant, about 3-4 minutes.
5. **Add Vegetables & Simmer:** Add diced carrot and potato, stir for 2 minutes, then pour in the chicken broth. Bring to a simmer and cook until vegetables are tender, about 15 minutes.
6. **Season the Curry:** Stir in curry powder, soy sauce, garam masala, ketchup, honey, salt, and pepper. Let it cook for another 5 minutes.
7. **Thicken the Sauce:** Add the cornstarch slurry gradually while stirring until the sauce thickens to your desired consistency.
8. **Serve:** Plate cooked rice, arrange sliced chicken katsu on top, and generously ladle curry sauce over. Garnish with parsley or green onions if using.

### Serving Size

This recipe serves 2 people.

---

**Fun Tip:** For a family-friendly twist, soften the curry spice level or offer pickled ginger on the side for an extra burst of flavor contrast. Serve alongside steamed veggies or a simple salad for a wholesome meal! Itadakimasu!",True,,45_2,45
Got any easy kosher chicken recipes? Want something quick for dinner tonight.,kosher,"## Quick Teriyaki Chicken Donburi (Kosher & Easy)

A speedy and flavorful Japanese-inspired teriyaki chicken bowl that's perfect for a quick dinner, combining tender chicken glazed in a sweet-savory sauce served over steamed rice with crisp veggies.

### Ingredients

- 300g boneless, skinless chicken thighs or breasts, cut into bite-sized pieces (ensure kosher certification)
- 2 tbsp soy sauce (use kosher-certified)
- 1 tbsp mirin (sweet rice wine) or substitute with 1 tbsp water + 1 tsp sugar if unavailable
- 1 tbsp sake (optional, or substitute with water)
- 1 tbsp sugar or honey
- 1 tbsp vegetable oil or sesame oil
- 1 small onion, thinly sliced
- 1 small carrot, julienned
- 1/2 cup frozen edamame beans, thawed (optional)
- 2 servings cooked steamed rice (white or brown)
- 1 tsp toasted sesame seeds (optional)
- 1 green onion, thinly sliced (optional)

### Instructions

1. **Prepare Teriyaki Sauce:** In a small bowl, mix together the soy sauce, mirin, sake (if using), and sugar or honey. Set aside.
2. **Cook Vegetables:** Heat half the oil in a frying pan over medium heat. Add the sliced onion and carrot, cooking for 3-4 minutes until slightly softened. Add edamame beans if using and cook another 2 minutes. Remove veggies from the pan and set aside.
3. **Cook Chicken:** Add the remaining oil to the pan and increase heat to medium-high. Add chicken pieces in a single layer, cooking without stirring for about 2-3 minutes until browned on one side. Flip and brown the other side until cooked through, about 3-4 minutes more.
4. **Add Sauce and Vegetables:** Pour the teriyaki sauce over the chicken and reduce heat to medium. Stir well to coat the chicken and allow the sauce to thicken slightly, about 2 minutes. Return the cooked vegetables to the pan, toss everything together for a minute to combine.
5. **Serve:** Divide steamed rice between two bowls, top with the teriyaki chicken and vegetables. Garnish with sesame seeds and green onions, if desired.

### Serving Size

Serves 2 people.

---

**Fun Tip:** For extra crunch, top your donburi with a handful of crispy nori strips or toasted sesame seeds. It adds a delightful texture contrast! Itadakimasu!",True,,48_1,48
Got any easy kosher dinner recipes? Trying to keep it simple tonight but still tasty.,kosher,"## Teriyaki Salmon with Steamed Rice and Sautéed Spinach (Kosher & Easy)

Experience a quick and delicious Japanese-inspired dinner featuring tender salmon glazed with a sweet and savory teriyaki sauce, paired with fluffy steamed rice and vibrant sautéed spinach for a balanced meal that's both kosher and simple to make.

### Ingredients

#### For Teriyaki Salmon:
- 2 salmon fillets (about 150g each), skin on or off as preferred
- 3 tbsp soy sauce (ensure kosher certification)
- 2 tbsp honey or maple syrup
- 1 tbsp mirin (optional, check for kosher certification; substitute with water if preferred)
- 1 tsp fresh ginger, grated
- 1 garlic clove, minced
- 1 tsp sesame oil
- Sesame seeds, for garnish
- Chopped green onions, for garnish

#### For Steamed Rice:
- 1 cup Japanese short-grain rice (rinsed until the water runs clear)
- 1 1/4 cups water

#### For Sautéed Spinach:
- 200g fresh spinach, washed and drained
- 1 tbsp olive oil or sesame oil
- 1 garlic clove, minced
- Salt, to taste
- Fresh ground black pepper, to taste

### Instructions

1. **Prepare the Rice:** Rinse the rice thoroughly under cold water until it runs clear to remove excess starch. Drain well. Add rice and water to a pot, cover with a tight-fitting lid, and bring to a boil over medium-high heat. Once boiling, reduce the heat to low and simmer for 15 minutes or until the water is absorbed and rice is tender. Remove from heat and let it sit covered for 10 more minutes.

2. **Make Teriyaki Sauce:** In a small bowl, whisk together soy sauce, honey, mirin (if using), grated ginger, garlic, and sesame oil.

3. **Cook the Salmon:** Heat a non-stick skillet over medium heat. Place salmon fillets skin-side down (if skin on) and cook for about 4-5 minutes until the skin is crispy and the salmon easily releases from the pan. Flip the fillets and pour the teriyaki sauce over them. Cook for another 3-4 minutes, spooning the sauce over the salmon as it thickens slightly. The salmon should be opaque and cooked through but still moist.

4. **Sauté the Spinach:** In a separate skillet, heat olive or sesame oil over medium heat. Add minced garlic and sauté for 30 seconds until fragrant. Add spinach, season with salt and pepper, and toss until just wilted (about 2-3 minutes). Remove from heat.

5. **Serve:** Plate the cooked rice, top with teriyaki salmon, and drizzle any remaining sauce from the pan over the salmon. Serve the sautéed spinach on the side. Garnish the salmon with sesame seeds and chopped green onions.

### Serving Size

This recipe serves 2 people.

---

**Fun Tip:** For a slight crunch and extra flavor, sprinkle toasted nori flakes or a pinch of shichimi togarashi (Japanese seven-spice) over the finished salmon. It adds a little kick without overpowering the teriyaki glaze. Itadakimasu!",True,,47_2,47
